run,source,source_format,window_index,packet_start,packet_end,packets,lut_a,lut_b,clock_period_ps,bins,phase_pearson_r,bin_pearson_r,diff_mean_ps,diff_std_ps,diff_mean_delta_from_first_ps,diff_mean_delta_from_run_mean_ps,run_diff_mean_ps_slope_per_window,lag_min,lag_max,lag0_phase_pearson_r,best_lag_packets,best_lag_phase_pearson_r,best_lag_abs_phase_pearson_r,strong_lock_window,source_file
tdc_sampler_data_random1_baseline_sample_x36y35_ro0_2mib,data\hardware\20260511_fpga1_board1\tdc_sampler_data\analysis_tdc_sampler_data_random1_baseline_sample_x36y35_ro0_2mib\tdc_sampler_data_random1_baseline_sample_x36y35_ro0_2mib.tdc_packets.csv,csv,0,0,16383,16384,E:\Project\MLDSA\RO_TRNG\data\experiments\tdc_code_density_cal_20260525\tdc_code_density_cal_a7_b11_formal_8mib_20260525.lane_a_lut.csv,E:\Project\MLDSA\RO_TRNG\data\experiments\tdc_code_density_cal_20260525\tdc_code_density_cal_a7_b11_formal_8mib_20260525.lane_b_lut.csv,5000,65,0.00695143217,0.00993374961,21.917884,1418.27068,0,26.9704918,-0.491149449,-8,8,0.00695143217,5,0.0132726024,0.0132726024,0,data\hardware\20260511_fpga1_board1\tdc_sampler_data\analysis_tdc_sampler_data_random1_baseline_sample_x36y35_ro0_2mib\tdc_sampler_data_random1_baseline_sample_x36y35_ro0_2mib.tdc_packets.csv
tdc_sampler_data_random1_baseline_sample_x36y35_ro0_2mib,data\hardware\20260511_fpga1_board1\tdc_sampler_data\analysis_tdc_sampler_data_random1_baseline_sample_x36y35_ro0_2mib\tdc_sampler_data_random1_baseline_sample_x36y35_ro0_2mib.tdc_packets.csv,csv,1,16384,32767,16384,E:\Project\MLDSA\RO_TRNG\data\experiments\tdc_code_density_cal_20260525\tdc_code_density_cal_a7_b11_formal_8mib_20260525.lane_a_lut.csv,E:\Project\MLDSA\RO_TRNG\data\experiments\tdc_code_density_cal_20260525\tdc_code_density_cal_a7_b11_formal_8mib_20260525.lane_b_lut.csv,5000,65,-0.00168788439,-0.000867268973,-22.0764224,1420.14316,-43.9943064,-17.0238145,-0.491149449,-8,8,-0.00168788439,-3,-0.00891068968,0.00891068968,0,data\hardware\20260511_fpga1_board1\tdc_sampler_data\analysis_tdc_sampler_data_random1_baseline_sample_x36y35_ro0_2mib\tdc_sampler_data_random1_baseline_sample_x36y35_ro0_2mib.tdc_packets.csv
tdc_sampler_data_random1_baseline_sample_x36y35_ro0_2mib,data\hardware\20260511_fpga1_board1\tdc_sampler_data\analysis_tdc_sampler_data_random1_baseline_sample_x36y35_ro0_2mib\tdc_sampler_data_random1_baseline_sample_x36y35_ro0_2mib.tdc_packets.csv,csv,2,32768,49151,16384,E:\Project\MLDSA\RO_TRNG\data\experiments\tdc_code_density_cal_20260525\tdc_code_density_cal_a7_b11_formal_8mib_20260525.lane_a_lut.csv,E:\Project\MLDSA\RO_TRNG\data\experiments\tdc_code_density_cal_20260525\tdc_code_density_cal_a7_b11_formal_8mib_20260525.lane_b_lut.csv,5000,65,0.0033166118,0.00348481204,-1.95744998,1422.91132,-23.8753339,3.09515791,-0.491149449,-8,8,0.0033166118,8,-0.0166560861,0.0166560861,0,data\hardware\20260511_fpga1_board1\tdc_sampler_data\analysis_tdc_sampler_data_random1_baseline_sample_x36y35_ro0_2mib\tdc_sampler_data_random1_baseline_sample_x36y35_ro0_2mib.tdc_packets.csv
tdc_sampler_data_random1_baseline_sample_x36y35_ro0_2mib,data\hardware\20260511_fpga1_board1\tdc_sampler_data\analysis_tdc_sampler_data_random1_baseline_sample_x36y35_ro0_2mib\tdc_sampler_data_random1_baseline_sample_x36y35_ro0_2mib.tdc_packets.csv,csv,3,49152,65535,16384,E:\Project\MLDSA\RO_TRNG\data\experiments\tdc_code_density_cal_20260525\tdc_code_density_cal_a7_b11_formal_8mib_20260525.lane_a_lut.csv,E:\Project\MLDSA\RO_TRNG\data\experiments\tdc_code_density_cal_20260525\tdc_code_density_cal_a7_b11_formal_8mib_20260525.lane_b_lut.csv,5000,65,0.000243595443,-0.0014588158,8.87427365,1423.94313,-13.0436103,13.9268815,-0.491149449,-8,8,0.000243595443,-8,-0.018613082,0.018613082,0,data\hardware\20260511_fpga1_board1\tdc_sampler_data\analysis_tdc_sampler_data_random1_baseline_sample_x36y35_ro0_2mib\tdc_sampler_data_random1_baseline_sample_x36y35_ro0_2mib.tdc_packets.csv
tdc_sampler_data_random1_baseline_sample_x36y35_ro0_2mib,data\hardware\20260511_fpga1_board1\tdc_sampler_data\analysis_tdc_sampler_data_random1_baseline_sample_x36y35_ro0_2mib\tdc_sampler_data_random1_baseline_sample_x36y35_ro0_2mib.tdc_packets.csv,csv,4,65536,81919,16384,E:\Project\MLDSA\RO_TRNG\data\experiments\tdc_code_density_cal_20260525\tdc_code_density_cal_a7_b11_formal_8mib_20260525.lane_a_lut.csv,E:\Project\MLDSA\RO_TRNG\data\experiments\tdc_code_density_cal_20260525\tdc_code_density_cal_a7_b11_formal_8mib_20260525.lane_b_lut.csv,5000,65,0.00495632508,0.00674227979,6.77272494,1416.44371,-15.145159,11.8253328,-0.491149449,-8,8,0.00495632508,-1,-0.0143955676,0.0143955676,0,data\hardware\20260511_fpga1_board1\tdc_sampler_data\analysis_tdc_sampler_data_random1_baseline_sample_x36y35_ro0_2mib\tdc_sampler_data_random1_baseline_sample_x36y35_ro0_2mib.tdc_packets.csv
tdc_sampler_data_random1_baseline_sample_x36y35_ro0_2mib,data\hardware\20260511_fpga1_board1\tdc_sampler_data\analysis_tdc_sampler_data_random1_baseline_sample_x36y35_ro0_2mib\tdc_sampler_data_random1_baseline_sample_x36y35_ro0_2mib.tdc_packets.csv,csv,5,81920,98303,16384,E:\Project\MLDSA\RO_TRNG\data\experiments\tdc_code_density_cal_20260525\tdc_code_density_cal_a7_b11_formal_8mib_20260525.lane_a_lut.csv,E:\Project\MLDSA\RO_TRNG\data\experiments\tdc_code_density_cal_20260525\tdc_code_density_cal_a7_b11_formal_8mib_20260525.lane_b_lut.csv,5000,65,0.0027246622,0.00749728435,-15.7451697,1417.59584,-37.6630536,-10.6925618,-0.491149449,-8,8,0.0027246622,-4,0.0172854787,0.0172854787,0,data\hardware\20260511_fpga1_board1\tdc_sampler_data\analysis_tdc_sampler_data_random1_baseline_sample_x36y35_ro0_2mib\tdc_sampler_data_random1_baseline_sample_x36y35_ro0_2mib.tdc_packets.csv
tdc_sampler_data_random1_baseline_sample_x36y35_ro0_2mib,data\hardware\20260511_fpga1_board1\tdc_sampler_data\analysis_tdc_sampler_data_random1_baseline_sample_x36y35_ro0_2mib\tdc_sampler_data_random1_baseline_sample_x36y35_ro0_2mib.tdc_packets.csv,csv,6,98304,114687,16384,E:\Project\MLDSA\RO_TRNG\data\experiments\tdc_code_density_cal_20260525\tdc_code_density_cal_a7_b11_formal_8mib_20260525.lane_a_lut.csv,E:\Project\MLDSA\RO_TRNG\data\experiments\tdc_code_density_cal_20260525\tdc_code_density_cal_a7_b11_formal_8mib_20260525.lane_b_lut.csv,5000,65,-0.00686991111,-0.00751897842,-8.54049314,1418.68197,-30.4583771,-3.48788525,-0.491149449,-8,8,-0.00686991111,-6,-0.012905903,0.012905903,0,data\hardware\20260511_fpga1_board1\tdc_sampler_data\analysis_tdc_sampler_data_random1_baseline_sample_x36y35_ro0_2mib\tdc_sampler_data_random1_baseline_sample_x36y35_ro0_2mib.tdc_packets.csv
tdc_sampler_data_random1_baseline_sample_x36y35_ro0_2mib,data\hardware\20260511_fpga1_board1\tdc_sampler_data\analysis_tdc_sampler_data_random1_baseline_sample_x36y35_ro0_2mib\tdc_sampler_data_random1_baseline_sample_x36y35_ro0_2mib.tdc_packets.csv,csv,7,114688,131071,16384,E:\Project\MLDSA\RO_TRNG\data\experiments\tdc_code_density_cal_20260525\tdc_code_density_cal_a7_b11_formal_8mib_20260525.lane_a_lut.csv,E:\Project\MLDSA\RO_TRNG\data\experiments\tdc_code_density_cal_20260525\tdc_code_density_cal_a7_b11_formal_8mib_20260525.lane_b_lut.csv,5000,65,0.00399745216,0.00523562243,-8.46824616,1421.11878,-30.3861301,-3.41563827,-0.491149449,-8,8,0.00399745216,-3,0.0182301372,0.0182301372,0,data\hardware\20260511_fpga1_board1\tdc_sampler_data\analysis_tdc_sampler_data_random1_baseline_sample_x36y35_ro0_2mib\tdc_sampler_data_random1_baseline_sample_x36y35_ro0_2mib.tdc_packets.csv
tdc_sampler_data_random1_baseline_sample_x36y35_ro0_2mib,data\hardware\20260511_fpga1_board1\tdc_sampler_data\analysis_tdc_sampler_data_random1_baseline_sample_x36y35_ro0_2mib\tdc_sampler_data_random1_baseline_sample_x36y35_ro0_2mib.tdc_packets.csv,csv,8,131072,147455,16384,E:\Project\MLDSA\RO_TRNG\data\experiments\tdc_code_density_cal_20260525\tdc_code_density_cal_a7_b11_formal_8mib_20260525.lane_a_lut.csv,E:\Project\MLDSA\RO_TRNG\data\experiments\tdc_code_density_cal_20260525\tdc_code_density_cal_a7_b11_formal_8mib_20260525.lane_b_lut.csv,5000,65,-0.00314149833,-0.00863120715,-20.3365066,1419.81264,-42.2543906,-15.2838987,-0.491149449,-8,8,-0.00314149833,3,-0.0192152413,0.0192152413,0,data\hardware\20260511_fpga1_board1\tdc_sampler_data\analysis_tdc_sampler_data_random1_baseline_sample_x36y35_ro0_2mib\tdc_sampler_data_random1_baseline_sample_x36y35_ro0_2mib.tdc_packets.csv
tdc_sampler_data_random1_baseline_sample_x36y35_ro0_2mib,data\hardware\20260511_fpga1_board1\tdc_sampler_data\analysis_tdc_sampler_data_random1_baseline_sample_x36y35_ro0_2mib\tdc_sampler_data_random1_baseline_sample_x36y35_ro0_2mib.tdc_packets.csv,csv,9,147456,163839,16384,E:\Project\MLDSA\RO_TRNG\data\experiments\tdc_code_density_cal_20260525\tdc_code_density_cal_a7_b11_formal_8mib_20260525.lane_a_lut.csv,E:\Project\MLDSA\RO_TRNG\data\experiments\tdc_code_density_cal_20260525\tdc_code_density_cal_a7_b11_formal_8mib_20260525.lane_b_lut.csv,5000,65,-0.00556341226,-0.00621498692,-8.4241138,1420.36439,-30.3419977,-3.3715059,-0.491149449,-8,8,-0.00556341226,4,0.0156276796,0.0156276796,0,data\hardware\20260511_fpga1_board1\tdc_sampler_data\analysis_tdc_sampler_data_random1_baseline_sample_x36y35_ro0_2mib\tdc_sampler_data_random1_baseline_sample_x36y35_ro0_2mib.tdc_packets.csv
tdc_sampler_data_random1_baseline_sample_x36y35_ro0_2mib,data\hardware\20260511_fpga1_board1\tdc_sampler_data\analysis_tdc_sampler_data_random1_baseline_sample_x36y35_ro0_2mib\tdc_sampler_data_random1_baseline_sample_x36y35_ro0_2mib.tdc_packets.csv,csv,10,163840,180223,16384,E:\Project\MLDSA\RO_TRNG\data\experiments\tdc_code_density_cal_20260525\tdc_code_density_cal_a7_b11_formal_8mib_20260525.lane_a_lut.csv,E:\Project\MLDSA\RO_TRNG\data\experiments\tdc_code_density_cal_20260525\tdc_code_density_cal_a7_b11_formal_8mib_20260525.lane_b_lut.csv,5000,65,-6.52870145e-05,0.003517787,-29.0373485,1420.96542,-50.9552324,-23.9847406,-0.491149449,-8,8,-6.52870145e-05,-1,-0.0210209763,0.0210209763,0,data\hardware\20260511_fpga1_board1\tdc_sampler_data\analysis_tdc_sampler_data_random1_baseline_sample_x36y35_ro0_2mib\tdc_sampler_data_random1_baseline_sample_x36y35_ro0_2mib.tdc_packets.csv
tdc_sampler_data_random1_baseline_sample_x36y35_ro0_2mib,data\hardware\20260511_fpga1_board1\tdc_sampler_data\analysis_tdc_sampler_data_random1_baseline_sample_x36y35_ro0_2mib\tdc_sampler_data_random1_baseline_sample_x36y35_ro0_2mib.tdc_packets.csv,csv,11,180224,196607,16384,E:\Project\MLDSA\RO_TRNG\data\experiments\tdc_code_density_cal_20260525\tdc_code_density_cal_a7_b11_formal_8mib_20260525.lane_a_lut.csv,E:\Project\MLDSA\RO_TRNG\data\experiments\tdc_code_density_cal_20260525\tdc_code_density_cal_a7_b11_formal_8mib_20260525.lane_b_lut.csv,5000,65,0.000249799379,-0.00210372463,-4.36958779,1421.0976,-26.2874717,0.683020104,-0.491149449,-8,8,0.000249799379,2,-0.0145368223,0.0145368223,0,data\hardware\20260511_fpga1_board1\tdc_sampler_data\analysis_tdc_sampler_data_random1_baseline_sample_x36y35_ro0_2mib\tdc_sampler_data_random1_baseline_sample_x36y35_ro0_2mib.tdc_packets.csv
tdc_sampler_data_random1_baseline_sample_x36y35_ro0_2mib,data\hardware\20260511_fpga1_board1\tdc_sampler_data\analysis_tdc_sampler_data_random1_baseline_sample_x36y35_ro0_2mib\tdc_sampler_data_random1_baseline_sample_x36y35_ro0_2mib.tdc_packets.csv,csv,12,196608,212991,16384,E:\Project\MLDSA\RO_TRNG\data\experiments\tdc_code_density_cal_20260525\tdc_code_density_cal_a7_b11_formal_8mib_20260525.lane_a_lut.csv,E:\Project\MLDSA\RO_TRNG\data\experiments\tdc_code_density_cal_20260525\tdc_code_density_cal_a7_b11_formal_8mib_20260525.lane_b_lut.csv,5000,65,-0.000780958561,-0.00144811737,12.1637294,1423.2943,-9.75415459,17.2163373,-0.491149449,-8,8,-0.000780958561,-5,0.0124706748,0.0124706748,0,data\hardware\20260511_fpga1_board1\tdc_sampler_data\analysis_tdc_sampler_data_random1_baseline_sample_x36y35_ro0_2mib\tdc_sampler_data_random1_baseline_sample_x36y35_ro0_2mib.tdc_packets.csv
tdc_sampler_data_random1_baseline_sample_x36y35_ro0_2mib,data\hardware\20260511_fpga1_board1\tdc_sampler_data\analysis_tdc_sampler_data_random1_baseline_sample_x36y35_ro0_2mib\tdc_sampler_data_random1_baseline_sample_x36y35_ro0_2mib.tdc_packets.csv,csv,13,212992,229375,16384,E:\Project\MLDSA\RO_TRNG\data\experiments\tdc_code_density_cal_20260525\tdc_code_density_cal_a7_b11_formal_8mib_20260525.lane_a_lut.csv,E:\Project\MLDSA\RO_TRNG\data\experiments\tdc_code_density_cal_20260525\tdc_code_density_cal_a7_b11_formal_8mib_20260525.lane_b_lut.csv,5000,65,0.000984362089,0.00129433141,1.29529922,1421.61244,-20.6225847,6.34790712,-0.491149449,-8,8,0.000984362089,-5,-0.0144848844,0.0144848844,0,data\hardware\20260511_fpga1_board1\tdc_sampler_data\analysis_tdc_sampler_data_random1_baseline_sample_x36y35_ro0_2mib\tdc_sampler_data_random1_baseline_sample_x36y35_ro0_2mib.tdc_packets.csv
tdc_sampler_data_random1_baseline_sample_x36y35_ro0_2mib,data\hardware\20260511_fpga1_board1\tdc_sampler_data\analysis_tdc_sampler_data_random1_baseline_sample_x36y35_ro0_2mib\tdc_sampler_data_random1_baseline_sample_x36y35_ro0_2mib.tdc_packets.csv,csv,14,229376,245759,16384,E:\Project\MLDSA\RO_TRNG\data\experiments\tdc_code_density_cal_20260525\tdc_code_density_cal_a7_b11_formal_8mib_20260525.lane_a_lut.csv,E:\Project\MLDSA\RO_TRNG\data\experiments\tdc_code_density_cal_20260525\tdc_code_density_cal_a7_b11_formal_8mib_20260525.lane_b_lut.csv,5000,65,0.000617625442,0.0012089757,3.98075209,1416.29801,-17.9371319,9.03335999,-0.491149449,-8,8,0.000617625442,-2,-0.0191064494,0.0191064494,0,data\hardware\20260511_fpga1_board1\tdc_sampler_data\analysis_tdc_sampler_data_random1_baseline_sample_x36y35_ro0_2mib\tdc_sampler_data_random1_baseline_sample_x36y35_ro0_2mib.tdc_packets.csv
tdc_sampler_data_random1_baseline_sample_x36y35_ro0_2mib,data\hardware\20260511_fpga1_board1\tdc_sampler_data\analysis_tdc_sampler_data_random1_baseline_sample_x36y35_ro0_2mib\tdc_sampler_data_random1_baseline_sample_x36y35_ro0_2mib.tdc_packets.csv,csv,15,245760,262143,16384,E:\Project\MLDSA\RO_TRNG\data\experiments\tdc_code_density_cal_20260525\tdc_code_density_cal_a7_b11_formal_8mib_20260525.lane_a_lut.csv,E:\Project\MLDSA\RO_TRNG\data\experiments\tdc_code_density_cal_20260525\tdc_code_density_cal_a7_b11_formal_8mib_20260525.lane_b_lut.csv,5000,65,0.00432237411,0.0057667697,-16.8910514,1416.40829,-38.8089354,-11.8384436,-0.491149449,-8,8,0.00432237411,8,-0.0179921535,0.0179921535,0,data\hardware\20260511_fpga1_board1\tdc_sampler_data\analysis_tdc_sampler_data_random1_baseline_sample_x36y35_ro0_2mib\tdc_sampler_data_random1_baseline_sample_x36y35_ro0_2mib.tdc_packets.csv
tdc_sampler_data_random1_baseline_sample_x36y35_ro4_2mib,data\hardware\20260511_fpga1_board1\tdc_sampler_data\analysis_tdc_sampler_data_random1_baseline_sample_x36y35_ro4_2mib\tdc_sampler_data_random1_baseline_sample_x36y35_ro4_2mib.tdc_packets.csv,csv,0,0,16383,16384,E:\Project\MLDSA\RO_TRNG\data\experiments\tdc_code_density_cal_20260525\tdc_code_density_cal_a7_b11_formal_8mib_20260525.lane_a_lut.csv,E:\Project\MLDSA\RO_TRNG\data\experiments\tdc_code_density_cal_20260525\tdc_code_density_cal_a7_b11_formal_8mib_20260525.lane_b_lut.csv,5000,65,0.00351694671,0.00977190621,-8.87778809,1422.792,0,7.26117279,-0.543288632,-8,8,0.00351694671,1,0.0182522631,0.0182522631,0,data\hardware\20260511_fpga1_board1\tdc_sampler_data\analysis_tdc_sampler_data_random1_baseline_sample_x36y35_ro4_2mib\tdc_sampler_data_random1_baseline_sample_x36y35_ro4_2mib.tdc_packets.csv
tdc_sampler_data_random1_baseline_sample_x36y35_ro4_2mib,data\hardware\20260511_fpga1_board1\tdc_sampler_data\analysis_tdc_sampler_data_random1_baseline_sample_x36y35_ro4_2mib\tdc_sampler_data_random1_baseline_sample_x36y35_ro4_2mib.tdc_packets.csv,csv,1,16384,32767,16384,E:\Project\MLDSA\RO_TRNG\data\experiments\tdc_code_density_cal_20260525\tdc_code_density_cal_a7_b11_formal_8mib_20260525.lane_a_lut.csv,E:\Project\MLDSA\RO_TRNG\data\experiments\tdc_code_density_cal_20260525\tdc_code_density_cal_a7_b11_formal_8mib_20260525.lane_b_lut.csv,5000,65,0.00562259117,-6.03774854e-05,-28.1583907,1431.97625,-19.2806026,-12.0194298,-0.543288632,-8,8,0.00562259117,4,0.0156251569,0.0156251569,0,data\hardware\20260511_fpga1_board1\tdc_sampler_data\analysis_tdc_sampler_data_random1_baseline_sample_x36y35_ro4_2mib\tdc_sampler_data_random1_baseline_sample_x36y35_ro4_2mib.tdc_packets.csv
tdc_sampler_data_random1_baseline_sample_x36y35_ro4_2mib,data\hardware\20260511_fpga1_board1\tdc_sampler_data\analysis_tdc_sampler_data_random1_baseline_sample_x36y35_ro4_2mib\tdc_sampler_data_random1_baseline_sample_x36y35_ro4_2mib.tdc_packets.csv,csv,2,32768,49151,16384,E:\Project\MLDSA\RO_TRNG\data\experiments\tdc_code_density_cal_20260525\tdc_code_density_cal_a7_b11_formal_8mib_20260525.lane_a_lut.csv,E:\Project\MLDSA\RO_TRNG\data\experiments\tdc_code_density_cal_20260525\tdc_code_density_cal_a7_b11_formal_8mib_20260525.lane_b_lut.csv,5000,65,0.0100869969,0.00965297996,-13.2757565,1429.18681,-4.39796842,2.86320437,-0.543288632,-8,8,0.0100869969,-2,0.013907986,0.013907986,0,data\hardware\20260511_fpga1_board1\tdc_sampler_data\analysis_tdc_sampler_data_random1_baseline_sample_x36y35_ro4_2mib\tdc_sampler_data_random1_baseline_sample_x36y35_ro4_2mib.tdc_packets.csv
tdc_sampler_data_random1_baseline_sample_x36y35_ro4_2mib,data\hardware\20260511_fpga1_board1\tdc_sampler_data\analysis_tdc_sampler_data_random1_baseline_sample_x36y35_ro4_2mib\tdc_sampler_data_random1_baseline_sample_x36y35_ro4_2mib.tdc_packets.csv,csv,3,49152,65535,16384,E:\Project\MLDSA\RO_TRNG\data\experiments\tdc_code_density_cal_20260525\tdc_code_density_cal_a7_b11_formal_8mib_20260525.lane_a_lut.csv,E:\Project\MLDSA\RO_TRNG\data\experiments\tdc_code_density_cal_20260525\tdc_code_density_cal_a7_b11_formal_8mib_20260525.lane_b_lut.csv,5000,65,-0.00639734618,-0.00352815507,-7.40316966,1429.8773,1.47461843,8.73579121,-0.543288632,-8,8,-0.00639734618,-6,0.0174618343,0.0174618343,0,data\hardware\20260511_fpga1_board1\tdc_sampler_data\analysis_tdc_sampler_data_random1_baseline_sample_x36y35_ro4_2mib\tdc_sampler_data_random1_baseline_sample_x36y35_ro4_2mib.tdc_packets.csv
tdc_sampler_data_random1_baseline_sample_x36y35_ro4_2mib,data\hardware\20260511_fpga1_board1\tdc_sampler_data\analysis_tdc_sampler_data_random1_baseline_sample_x36y35_ro4_2mib\tdc_sampler_data_random1_baseline_sample_x36y35_ro4_2mib.tdc_packets.csv,csv,4,65536,81919,16384,E:\Project\MLDSA\RO_TRNG\data\experiments\tdc_code_density_cal_20260525\tdc_code_density_cal_a7_b11_formal_8mib_20260525.lane_a_lut.csv,E:\Project\MLDSA\RO_TRNG\data\experiments\tdc_code_density_cal_20260525\tdc_code_density_cal_a7_b11_formal_8mib_20260525.lane_b_lut.csv,5000,65,0.0028438083,0.000840181013,-18.9932375,1426.3071,-10.1154494,-2.85427666,-0.543288632,-8,8,0.0028438083,2,0.0141206171,0.0141206171,0,data\hardware\20260511_fpga1_board1\tdc_sampler_data\analysis_tdc_sampler_data_random1_baseline_sample_x36y35_ro4_2mib\tdc_sampler_data_random1_baseline_sample_x36y35_ro4_2mib.tdc_packets.csv
tdc_sampler_data_random1_baseline_sample_x36y35_ro4_2mib,data\hardware\20260511_fpga1_board1\tdc_sampler_data\analysis_tdc_sampler_data_random1_baseline_sample_x36y35_ro4_2mib\tdc_sampler_data_random1_baseline_sample_x36y35_ro4_2mib.tdc_packets.csv,csv,5,81920,98303,16384,E:\Project\MLDSA\RO_TRNG\data\experiments\tdc_code_density_cal_20260525\tdc_code_density_cal_a7_b11_formal_8mib_20260525.lane_a_lut.csv,E:\Project\MLDSA\RO_TRNG\data\experiments\tdc_code_density_cal_20260525\tdc_code_density_cal_a7_b11_formal_8mib_20260525.lane_b_lut.csv,5000,65,0.00112486544,-0.00304327385,-12.512706,1428.58873,-3.63491793,3.62625486,-0.543288632,-8,8,0.00112486544,-4,-0.0121428583,0.0121428583,0,data\hardware\20260511_fpga1_board1\tdc_sampler_data\analysis_tdc_sampler_data_random1_baseline_sample_x36y35_ro4_2mib\tdc_sampler_data_random1_baseline_sample_x36y35_ro4_2mib.tdc_packets.csv
tdc_sampler_data_random1_baseline_sample_x36y35_ro4_2mib,data\hardware\20260511_fpga1_board1\tdc_sampler_data\analysis_tdc_sampler_data_random1_baseline_sample_x36y35_ro4_2mib\tdc_sampler_data_random1_baseline_sample_x36y35_ro4_2mib.tdc_packets.csv,csv,6,98304,114687,16384,E:\Project\MLDSA\RO_TRNG\data\experiments\tdc_code_density_cal_20260525\tdc_code_density_cal_a7_b11_formal_8mib_20260525.lane_a_lut.csv,E:\Project\MLDSA\RO_TRNG\data\experiments\tdc_code_density_cal_20260525\tdc_code_density_cal_a7_b11_formal_8mib_20260525.lane_b_lut.csv,5000,65,0.0151733373,0.0180013141,-9.71790791,1425.95175,-0.840119829,6.42105296,-0.543288632,-8,8,0.0151733373,0,0.0151733373,0.0151733373,0,data\hardware\20260511_fpga1_board1\tdc_sampler_data\analysis_tdc_sampler_data_random1_baseline_sample_x36y35_ro4_2mib\tdc_sampler_data_random1_baseline_sample_x36y35_ro4_2mib.tdc_packets.csv
tdc_sampler_data_random1_baseline_sample_x36y35_ro4_2mib,data\hardware\20260511_fpga1_board1\tdc_sampler_data\analysis_tdc_sampler_data_random1_baseline_sample_x36y35_ro4_2mib\tdc_sampler_data_random1_baseline_sample_x36y35_ro4_2mib.tdc_packets.csv,csv,7,114688,131071,16384,E:\Project\MLDSA\RO_TRNG\data\experiments\tdc_code_density_cal_20260525\tdc_code_density_cal_a7_b11_formal_8mib_20260525.lane_a_lut.csv,E:\Project\MLDSA\RO_TRNG\data\experiments\tdc_code_density_cal_20260525\tdc_code_density_cal_a7_b11_formal_8mib_20260525.lane_b_lut.csv,5000,65,0.00442044139,0.000397567869,-15.2839445,1430.44123,-6.40615646,0.855016328,-0.543288632,-8,8,0.00442044139,-5,-0.0159403922,0.0159403922,0,data\hardware\20260511_fpga1_board1\tdc_sampler_data\analysis_tdc_sampler_data_random1_baseline_sample_x36y35_ro4_2mib\tdc_sampler_data_random1_baseline_sample_x36y35_ro4_2mib.tdc_packets.csv
tdc_sampler_data_random1_baseline_sample_x36y35_ro4_2mib,data\hardware\20260511_fpga1_board1\tdc_sampler_data\analysis_tdc_sampler_data_random1_baseline_sample_x36y35_ro4_2mib\tdc_sampler_data_random1_baseline_sample_x36y35_ro4_2mib.tdc_packets.csv,csv,8,131072,147455,16384,E:\Project\MLDSA\RO_TRNG\data\experiments\tdc_code_density_cal_20260525\tdc_code_density_cal_a7_b11_formal_8mib_20260525.lane_a_lut.csv,E:\Project\MLDSA\RO_TRNG\data\experiments\tdc_code_density_cal_20260525\tdc_code_density_cal_a7_b11_formal_8mib_20260525.lane_b_lut.csv,5000,65,-0.00385998586,0.00618502985,-16.2016931,1429.97369,-7.32390501,-0.0627322218,-0.543288632,-8,8,-0.00385998586,8,0.0173682997,0.0173682997,0,data\hardware\20260511_fpga1_board1\tdc_sampler_data\analysis_tdc_sampler_data_random1_baseline_sample_x36y35_ro4_2mib\tdc_sampler_data_random1_baseline_sample_x36y35_ro4_2mib.tdc_packets.csv
tdc_sampler_data_random1_baseline_sample_x36y35_ro4_2mib,data\hardware\20260511_fpga1_board1\tdc_sampler_data\analysis_tdc_sampler_data_random1_baseline_sample_x36y35_ro4_2mib\tdc_sampler_data_random1_baseline_sample_x36y35_ro4_2mib.tdc_packets.csv,csv,9,147456,163839,16384,E:\Project\MLDSA\RO_TRNG\data\experiments\tdc_code_density_cal_20260525\tdc_code_density_cal_a7_b11_formal_8mib_20260525.lane_a_lut.csv,E:\Project\MLDSA\RO_TRNG\data\experiments\tdc_code_density_cal_20260525\tdc_code_density_cal_a7_b11_formal_8mib_20260525.lane_b_lut.csv,5000,65,-0.00311813355,-0.00640137867,5.66809528,1425.80885,14.5458834,21.8070562,-0.543288632,-8,8,-0.00311813355,1,0.0204376162,0.0204376162,0,data\hardware\20260511_fpga1_board1\tdc_sampler_data\analysis_tdc_sampler_data_random1_baseline_sample_x36y35_ro4_2mib\tdc_sampler_data_random1_baseline_sample_x36y35_ro4_2mib.tdc_packets.csv
tdc_sampler_data_random1_baseline_sample_x36y35_ro4_2mib,data\hardware\20260511_fpga1_board1\tdc_sampler_data\analysis_tdc_sampler_data_random1_baseline_sample_x36y35_ro4_2mib\tdc_sampler_data_random1_baseline_sample_x36y35_ro4_2mib.tdc_packets.csv,csv,10,163840,180223,16384,E:\Project\MLDSA\RO_TRNG\data\experiments\tdc_code_density_cal_20260525\tdc_code_density_cal_a7_b11_formal_8mib_20260525.lane_a_lut.csv,E:\Project\MLDSA\RO_TRNG\data\experiments\tdc_code_density_cal_20260525\tdc_code_density_cal_a7_b11_formal_8mib_20260525.lane_b_lut.csv,5000,65,0.00352288026,-0.0002243207,-38.3436408,1426.08014,-29.4658527,-22.2046799,-0.543288632,-8,8,0.00352288026,-7,0.0149702037,0.0149702037,0,data\hardware\20260511_fpga1_board1\tdc_sampler_data\analysis_tdc_sampler_data_random1_baseline_sample_x36y35_ro4_2mib\tdc_sampler_data_random1_baseline_sample_x36y35_ro4_2mib.tdc_packets.csv
tdc_sampler_data_random1_baseline_sample_x36y35_ro4_2mib,data\hardware\20260511_fpga1_board1\tdc_sampler_data\analysis_tdc_sampler_data_random1_baseline_sample_x36y35_ro4_2mib\tdc_sampler_data_random1_baseline_sample_x36y35_ro4_2mib.tdc_packets.csv,csv,11,180224,196607,16384,E:\Project\MLDSA\RO_TRNG\data\experiments\tdc_code_density_cal_20260525\tdc_code_density_cal_a7_b11_formal_8mib_20260525.lane_a_lut.csv,E:\Project\MLDSA\RO_TRNG\data\experiments\tdc_code_density_cal_20260525\tdc_code_density_cal_a7_b11_formal_8mib_20260525.lane_b_lut.csv,5000,65,-0.00358600613,-0.00308829288,-15.8387016,1426.96983,-6.96091354,0.300259247,-0.543288632,-8,8,-0.00358600613,7,-0.0193207219,0.0193207219,0,data\hardware\20260511_fpga1_board1\tdc_sampler_data\analysis_tdc_sampler_data_random1_baseline_sample_x36y35_ro4_2mib\tdc_sampler_data_random1_baseline_sample_x36y35_ro4_2mib.tdc_packets.csv
tdc_sampler_data_random1_baseline_sample_x36y35_ro4_2mib,data\hardware\20260511_fpga1_board1\tdc_sampler_data\analysis_tdc_sampler_data_random1_baseline_sample_x36y35_ro4_2mib\tdc_sampler_data_random1_baseline_sample_x36y35_ro4_2mib.tdc_packets.csv,csv,12,196608,212991,16384,E:\Project\MLDSA\RO_TRNG\data\experiments\tdc_code_density_cal_20260525\tdc_code_density_cal_a7_b11_formal_8mib_20260525.lane_a_lut.csv,E:\Project\MLDSA\RO_TRNG\data\experiments\tdc_code_density_cal_20260525\tdc_code_density_cal_a7_b11_formal_8mib_20260525.lane_b_lut.csv,5000,65,-0.00488027315,-0.0108154987,-6.51575053,1431.19085,2.36203755,9.62321034,-0.543288632,-8,8,-0.00488027315,8,-0.0158040122,0.0158040122,0,data\hardware\20260511_fpga1_board1\tdc_sampler_data\analysis_tdc_sampler_data_random1_baseline_sample_x36y35_ro4_2mib\tdc_sampler_data_random1_baseline_sample_x36y35_ro4_2mib.tdc_packets.csv
tdc_sampler_data_random1_baseline_sample_x36y35_ro4_2mib,data\hardware\20260511_fpga1_board1\tdc_sampler_data\analysis_tdc_sampler_data_random1_baseline_sample_x36y35_ro4_2mib\tdc_sampler_data_random1_baseline_sample_x36y35_ro4_2mib.tdc_packets.csv,csv,13,212992,229375,16384,E:\Project\MLDSA\RO_TRNG\data\experiments\tdc_code_density_cal_20260525\tdc_code_density_cal_a7_b11_formal_8mib_20260525.lane_a_lut.csv,E:\Project\MLDSA\RO_TRNG\data\experiments\tdc_code_density_cal_20260525\tdc_code_density_cal_a7_b11_formal_8mib_20260525.lane_b_lut.csv,5000,65,-0.00917898624,-0.0117740093,-18.0565026,1430.19862,-9.17871456,-1.91754177,-0.543288632,-8,8,-0.00917898624,-5,0.0113288834,0.0113288834,0,data\hardware\20260511_fpga1_board1\tdc_sampler_data\analysis_tdc_sampler_data_random1_baseline_sample_x36y35_ro4_2mib\tdc_sampler_data_random1_baseline_sample_x36y35_ro4_2mib.tdc_packets.csv
tdc_sampler_data_random1_baseline_sample_x36y35_ro4_2mib,data\hardware\20260511_fpga1_board1\tdc_sampler_data\analysis_tdc_sampler_data_random1_baseline_sample_x36y35_ro4_2mib\tdc_sampler_data_random1_baseline_sample_x36y35_ro4_2mib.tdc_packets.csv,csv,14,229376,245759,16384,E:\Project\MLDSA\RO_TRNG\data\experiments\tdc_code_density_cal_20260525\tdc_code_density_cal_a7_b11_formal_8mib_20260525.lane_a_lut.csv,E:\Project\MLDSA\RO_TRNG\data\experiments\tdc_code_density_cal_20260525\tdc_code_density_cal_a7_b11_formal_8mib_20260525.lane_b_lut.csv,5000,65,0.00844911274,0.00351367394,-29.2280601,1432.154,-20.350272,-13.0890992,-0.543288632,-8,8,0.00844911274,-2,-0.0204740687,0.0204740687,0,data\hardware\20260511_fpga1_board1\tdc_sampler_data\analysis_tdc_sampler_data_random1_baseline_sample_x36y35_ro4_2mib\tdc_sampler_data_random1_baseline_sample_x36y35_ro4_2mib.tdc_packets.csv
tdc_sampler_data_random1_baseline_sample_x36y35_ro4_2mib,data\hardware\20260511_fpga1_board1\tdc_sampler_data\analysis_tdc_sampler_data_random1_baseline_sample_x36y35_ro4_2mib\tdc_sampler_data_random1_baseline_sample_x36y35_ro4_2mib.tdc_packets.csv,csv,15,245760,262142,16383,E:\Project\MLDSA\RO_TRNG\data\experiments\tdc_code_density_cal_20260525\tdc_code_density_cal_a7_b11_formal_8mib_20260525.lane_a_lut.csv,E:\Project\MLDSA\RO_TRNG\data\experiments\tdc_code_density_cal_20260525\tdc_code_density_cal_a7_b11_formal_8mib_20260525.lane_b_lut.csv,5000,65,0.000524774115,-0.0104148293,-25.4842195,1433.40195,-16.6064314,-9.34525862,-0.543288632,-8,8,0.000524774115,-1,0.0140680063,0.0140680063,0,data\hardware\20260511_fpga1_board1\tdc_sampler_data\analysis_tdc_sampler_data_random1_baseline_sample_x36y35_ro4_2mib\tdc_sampler_data_random1_baseline_sample_x36y35_ro4_2mib.tdc_packets.csv
tdc_sampler_data_random1_local_sample_x45y39_ro0_2mib,data\hardware\20260511_fpga1_board1\tdc_sampler_data\analysis_tdc_sampler_data_random1_local_sample_x45y39_ro0_2mib\tdc_sampler_data_random1_local_sample_x45y39_ro0_2mib.tdc_packets.csv,csv,0,0,16383,16384,E:\Project\MLDSA\RO_TRNG\data\experiments\tdc_code_density_cal_20260525\tdc_code_density_cal_a7_b11_formal_8mib_20260525.lane_a_lut.csv,E:\Project\MLDSA\RO_TRNG\data\experiments\tdc_code_density_cal_20260525\tdc_code_density_cal_a7_b11_formal_8mib_20260525.lane_b_lut.csv,5000,65,-0.00104352961,-0.00247201815,-4.74043613,1423.4873,0,14.0734001,-0.43521934,-8,8,-0.00104352961,-7,0.0100714524,0.0100714524,0,data\hardware\20260511_fpga1_board1\tdc_sampler_data\analysis_tdc_sampler_data_random1_local_sample_x45y39_ro0_2mib\tdc_sampler_data_random1_local_sample_x45y39_ro0_2mib.tdc_packets.csv
tdc_sampler_data_random1_local_sample_x45y39_ro0_2mib,data\hardware\20260511_fpga1_board1\tdc_sampler_data\analysis_tdc_sampler_data_random1_local_sample_x45y39_ro0_2mib\tdc_sampler_data_random1_local_sample_x45y39_ro0_2mib.tdc_packets.csv,csv,1,16384,32767,16384,E:\Project\MLDSA\RO_TRNG\data\experiments\tdc_code_density_cal_20260525\tdc_code_density_cal_a7_b11_formal_8mib_20260525.lane_a_lut.csv,E:\Project\MLDSA\RO_TRNG\data\experiments\tdc_code_density_cal_20260525\tdc_code_density_cal_a7_b11_formal_8mib_20260525.lane_b_lut.csv,5000,65,0.00716247766,0.00669296285,-18.8658839,1424.55672,-14.1254477,-0.0520476421,-0.43521934,-8,8,0.00716247766,5,0.0175156385,0.0175156385,0,data\hardware\20260511_fpga1_board1\tdc_sampler_data\analysis_tdc_sampler_data_random1_local_sample_x45y39_ro0_2mib\tdc_sampler_data_random1_local_sample_x45y39_ro0_2mib.tdc_packets.csv
tdc_sampler_data_random1_local_sample_x45y39_ro0_2mib,data\hardware\20260511_fpga1_board1\tdc_sampler_data\analysis_tdc_sampler_data_random1_local_sample_x45y39_ro0_2mib\tdc_sampler_data_random1_local_sample_x45y39_ro0_2mib.tdc_packets.csv,csv,2,32768,49151,16384,E:\Project\MLDSA\RO_TRNG\data\experiments\tdc_code_density_cal_20260525\tdc_code_density_cal_a7_b11_formal_8mib_20260525.lane_a_lut.csv,E:\Project\MLDSA\RO_TRNG\data\experiments\tdc_code_density_cal_20260525\tdc_code_density_cal_a7_b11_formal_8mib_20260525.lane_b_lut.csv,5000,65,-0.00584720072,-0.00178856039,-9.44672078,1428.29813,-4.70628465,9.36711543,-0.43521934,-8,8,-0.00584720072,-2,0.0189590453,0.0189590453,0,data\hardware\20260511_fpga1_board1\tdc_sampler_data\analysis_tdc_sampler_data_random1_local_sample_x45y39_ro0_2mib\tdc_sampler_data_random1_local_sample_x45y39_ro0_2mib.tdc_packets.csv
tdc_sampler_data_random1_local_sample_x45y39_ro0_2mib,data\hardware\20260511_fpga1_board1\tdc_sampler_data\analysis_tdc_sampler_data_random1_local_sample_x45y39_ro0_2mib\tdc_sampler_data_random1_local_sample_x45y39_ro0_2mib.tdc_packets.csv,csv,3,49152,65535,16384,E:\Project\MLDSA\RO_TRNG\data\experiments\tdc_code_density_cal_20260525\tdc_code_density_cal_a7_b11_formal_8mib_20260525.lane_a_lut.csv,E:\Project\MLDSA\RO_TRNG\data\experiments\tdc_code_density_cal_20260525\tdc_code_density_cal_a7_b11_formal_8mib_20260525.lane_b_lut.csv,5000,65,0.0130693064,0.00309080602,-18.4494868,1423.26467,-13.7090507,0.364349406,-0.43521934,-8,8,0.0130693064,0,0.0130693064,0.0130693064,0,data\hardware\20260511_fpga1_board1\tdc_sampler_data\analysis_tdc_sampler_data_random1_local_sample_x45y39_ro0_2mib\tdc_sampler_data_random1_local_sample_x45y39_ro0_2mib.tdc_packets.csv
tdc_sampler_data_random1_local_sample_x45y39_ro0_2mib,data\hardware\20260511_fpga1_board1\tdc_sampler_data\analysis_tdc_sampler_data_random1_local_sample_x45y39_ro0_2mib\tdc_sampler_data_random1_local_sample_x45y39_ro0_2mib.tdc_packets.csv,csv,4,65536,81919,16384,E:\Project\MLDSA\RO_TRNG\data\experiments\tdc_code_density_cal_20260525\tdc_code_density_cal_a7_b11_formal_8mib_20260525.lane_a_lut.csv,E:\Project\MLDSA\RO_TRNG\data\experiments\tdc_code_density_cal_20260525\tdc_code_density_cal_a7_b11_formal_8mib_20260525.lane_b_lut.csv,5000,65,-0.00770084402,-0.00349333954,-8.83691346,1424.6558,-4.09647733,9.97692275,-0.43521934,-8,8,-0.00770084402,3,-0.0222326552,0.0222326552,0,data\hardware\20260511_fpga1_board1\tdc_sampler_data\analysis_tdc_sampler_data_random1_local_sample_x45y39_ro0_2mib\tdc_sampler_data_random1_local_sample_x45y39_ro0_2mib.tdc_packets.csv
tdc_sampler_data_random1_local_sample_x45y39_ro0_2mib,data\hardware\20260511_fpga1_board1\tdc_sampler_data\analysis_tdc_sampler_data_random1_local_sample_x45y39_ro0_2mib\tdc_sampler_data_random1_local_sample_x45y39_ro0_2mib.tdc_packets.csv,csv,5,81920,98303,16384,E:\Project\MLDSA\RO_TRNG\data\experiments\tdc_code_density_cal_20260525\tdc_code_density_cal_a7_b11_formal_8mib_20260525.lane_a_lut.csv,E:\Project\MLDSA\RO_TRNG\data\experiments\tdc_code_density_cal_20260525\tdc_code_density_cal_a7_b11_formal_8mib_20260525.lane_b_lut.csv,5000,65,-0.000383829068,-0.000494803176,-23.5772027,1424.22787,-18.8367666,-4.76336653,-0.43521934,-8,8,-0.000383829068,6,-0.0170083538,0.0170083538,0,data\hardware\20260511_fpga1_board1\tdc_sampler_data\analysis_tdc_sampler_data_random1_local_sample_x45y39_ro0_2mib\tdc_sampler_data_random1_local_sample_x45y39_ro0_2mib.tdc_packets.csv
tdc_sampler_data_random1_local_sample_x45y39_ro0_2mib,data\hardware\20260511_fpga1_board1\tdc_sampler_data\analysis_tdc_sampler_data_random1_local_sample_x45y39_ro0_2mib\tdc_sampler_data_random1_local_sample_x45y39_ro0_2mib.tdc_packets.csv,csv,6,98304,114687,16384,E:\Project\MLDSA\RO_TRNG\data\experiments\tdc_code_density_cal_20260525\tdc_code_density_cal_a7_b11_formal_8mib_20260525.lane_a_lut.csv,E:\Project\MLDSA\RO_TRNG\data\experiments\tdc_code_density_cal_20260525\tdc_code_density_cal_a7_b11_formal_8mib_20260525.lane_b_lut.csv,5000,65,-0.00490911654,-0.0109267949,-33.0029017,1427.30756,-28.2624655,-14.1890655,-0.43521934,-8,8,-0.00490911654,-7,-0.0194403626,0.0194403626,0,data\hardware\20260511_fpga1_board1\tdc_sampler_data\analysis_tdc_sampler_data_random1_local_sample_x45y39_ro0_2mib\tdc_sampler_data_random1_local_sample_x45y39_ro0_2mib.tdc_packets.csv
tdc_sampler_data_random1_local_sample_x45y39_ro0_2mib,data\hardware\20260511_fpga1_board1\tdc_sampler_data\analysis_tdc_sampler_data_random1_local_sample_x45y39_ro0_2mib\tdc_sampler_data_random1_local_sample_x45y39_ro0_2mib.tdc_packets.csv,csv,7,114688,131071,16384,E:\Project\MLDSA\RO_TRNG\data\experiments\tdc_code_density_cal_20260525\tdc_code_density_cal_a7_b11_formal_8mib_20260525.lane_a_lut.csv,E:\Project\MLDSA\RO_TRNG\data\experiments\tdc_code_density_cal_20260525\tdc_code_density_cal_a7_b11_formal_8mib_20260525.lane_b_lut.csv,5000,65,-0.0118838323,-0.00935707742,-19.809542,1430.74894,-15.0691058,-0.995705757,-0.43521934,-8,8,-0.0118838323,-6,0.0124509565,0.0124509565,0,data\hardware\20260511_fpga1_board1\tdc_sampler_data\analysis_tdc_sampler_data_random1_local_sample_x45y39_ro0_2mib\tdc_sampler_data_random1_local_sample_x45y39_ro0_2mib.tdc_packets.csv
tdc_sampler_data_random1_local_sample_x45y39_ro0_2mib,data\hardware\20260511_fpga1_board1\tdc_sampler_data\analysis_tdc_sampler_data_random1_local_sample_x45y39_ro0_2mib\tdc_sampler_data_random1_local_sample_x45y39_ro0_2mib.tdc_packets.csv,csv,8,131072,147455,16384,E:\Project\MLDSA\RO_TRNG\data\experiments\tdc_code_density_cal_20260525\tdc_code_density_cal_a7_b11_formal_8mib_20260525.lane_a_lut.csv,E:\Project\MLDSA\RO_TRNG\data\experiments\tdc_code_density_cal_20260525\tdc_code_density_cal_a7_b11_formal_8mib_20260525.lane_b_lut.csv,5000,65,0.00093527543,0.000588578739,-25.6064966,1426.46024,-20.8660605,-6.7926604,-0.43521934,-8,8,0.00093527543,-4,0.0176656451,0.0176656451,0,data\hardware\20260511_fpga1_board1\tdc_sampler_data\analysis_tdc_sampler_data_random1_local_sample_x45y39_ro0_2mib\tdc_sampler_data_random1_local_sample_x45y39_ro0_2mib.tdc_packets.csv
tdc_sampler_data_random1_local_sample_x45y39_ro0_2mib,data\hardware\20260511_fpga1_board1\tdc_sampler_data\analysis_tdc_sampler_data_random1_local_sample_x45y39_ro0_2mib\tdc_sampler_data_random1_local_sample_x45y39_ro0_2mib.tdc_packets.csv,csv,9,147456,163839,16384,E:\Project\MLDSA\RO_TRNG\data\experiments\tdc_code_density_cal_20260525\tdc_code_density_cal_a7_b11_formal_8mib_20260525.lane_a_lut.csv,E:\Project\MLDSA\RO_TRNG\data\experiments\tdc_code_density_cal_20260525\tdc_code_density_cal_a7_b11_formal_8mib_20260525.lane_b_lut.csv,5000,65,0.00457976429,0.0135181065,-16.9848846,1423.13615,-12.2444485,1.82895159,-0.43521934,-8,8,0.00457976429,4,0.0146314011,0.0146314011,0,data\hardware\20260511_fpga1_board1\tdc_sampler_data\analysis_tdc_sampler_data_random1_local_sample_x45y39_ro0_2mib\tdc_sampler_data_random1_local_sample_x45y39_ro0_2mib.tdc_packets.csv
tdc_sampler_data_random1_local_sample_x45y39_ro0_2mib,data\hardware\20260511_fpga1_board1\tdc_sampler_data\analysis_tdc_sampler_data_random1_local_sample_x45y39_ro0_2mib\tdc_sampler_data_random1_local_sample_x45y39_ro0_2mib.tdc_packets.csv,csv,10,163840,180223,16384,E:\Project\MLDSA\RO_TRNG\data\experiments\tdc_code_density_cal_20260525\tdc_code_density_cal_a7_b11_formal_8mib_20260525.lane_a_lut.csv,E:\Project\MLDSA\RO_TRNG\data\experiments\tdc_code_density_cal_20260525\tdc_code_density_cal_a7_b11_formal_8mib_20260525.lane_b_lut.csv,5000,65,-0.00752503043,-0.0106150487,-25.3035633,1429.12553,-20.5631271,-6.48972707,-0.43521934,-8,8,-0.00752503043,3,0.0178699589,0.0178699589,0,data\hardware\20260511_fpga1_board1\tdc_sampler_data\analysis_tdc_sampler_data_random1_local_sample_x45y39_ro0_2mib\tdc_sampler_data_random1_local_sample_x45y39_ro0_2mib.tdc_packets.csv
tdc_sampler_data_random1_local_sample_x45y39_ro0_2mib,data\hardware\20260511_fpga1_board1\tdc_sampler_data\analysis_tdc_sampler_data_random1_local_sample_x45y39_ro0_2mib\tdc_sampler_data_random1_local_sample_x45y39_ro0_2mib.tdc_packets.csv,csv,11,180224,196607,16384,E:\Project\MLDSA\RO_TRNG\data\experiments\tdc_code_density_cal_20260525\tdc_code_density_cal_a7_b11_formal_8mib_20260525.lane_a_lut.csv,E:\Project\MLDSA\RO_TRNG\data\experiments\tdc_code_density_cal_20260525\tdc_code_density_cal_a7_b11_formal_8mib_20260525.lane_b_lut.csv,5000,65,-0.00389171311,-0.0012829997,-27.5406191,1428.35856,-22.800183,-8.72678291,-0.43521934,-8,8,-0.00389171311,-8,0.0152177075,0.0152177075,0,data\hardware\20260511_fpga1_board1\tdc_sampler_data\analysis_tdc_sampler_data_random1_local_sample_x45y39_ro0_2mib\tdc_sampler_data_random1_local_sample_x45y39_ro0_2mib.tdc_packets.csv
tdc_sampler_data_random1_local_sample_x45y39_ro0_2mib,data\hardware\20260511_fpga1_board1\tdc_sampler_data\analysis_tdc_sampler_data_random1_local_sample_x45y39_ro0_2mib\tdc_sampler_data_random1_local_sample_x45y39_ro0_2mib.tdc_packets.csv,csv,12,196608,212991,16384,E:\Project\MLDSA\RO_TRNG\data\experiments\tdc_code_density_cal_20260525\tdc_code_density_cal_a7_b11_formal_8mib_20260525.lane_a_lut.csv,E:\Project\MLDSA\RO_TRNG\data\experiments\tdc_code_density_cal_20260525\tdc_code_density_cal_a7_b11_formal_8mib_20260525.lane_b_lut.csv,5000,65,0.00516486927,0.00241048057,-18.7268012,1421.35626,-13.986365,0.0870350396,-0.43521934,-8,8,0.00516486927,-2,0.0185484623,0.0185484623,0,data\hardware\20260511_fpga1_board1\tdc_sampler_data\analysis_tdc_sampler_data_random1_local_sample_x45y39_ro0_2mib\tdc_sampler_data_random1_local_sample_x45y39_ro0_2mib.tdc_packets.csv
tdc_sampler_data_random1_local_sample_x45y39_ro0_2mib,data\hardware\20260511_fpga1_board1\tdc_sampler_data\analysis_tdc_sampler_data_random1_local_sample_x45y39_ro0_2mib\tdc_sampler_data_random1_local_sample_x45y39_ro0_2mib.tdc_packets.csv,csv,13,212992,229375,16384,E:\Project\MLDSA\RO_TRNG\data\experiments\tdc_code_density_cal_20260525\tdc_code_density_cal_a7_b11_formal_8mib_20260525.lane_a_lut.csv,E:\Project\MLDSA\RO_TRNG\data\experiments\tdc_code_density_cal_20260525\tdc_code_density_cal_a7_b11_formal_8mib_20260525.lane_b_lut.csv,5000,65,-0.0150301701,-0.00599539363,-27.6353913,1427.33007,-22.8949552,-8.82155511,-0.43521934,-8,8,-0.0150301701,0,-0.0150301701,0.0150301701,0,data\hardware\20260511_fpga1_board1\tdc_sampler_data\analysis_tdc_sampler_data_random1_local_sample_x45y39_ro0_2mib\tdc_sampler_data_random1_local_sample_x45y39_ro0_2mib.tdc_packets.csv
tdc_sampler_data_random1_local_sample_x45y39_ro0_2mib,data\hardware\20260511_fpga1_board1\tdc_sampler_data\analysis_tdc_sampler_data_random1_local_sample_x45y39_ro0_2mib\tdc_sampler_data_random1_local_sample_x45y39_ro0_2mib.tdc_packets.csv,csv,14,229376,245759,16384,E:\Project\MLDSA\RO_TRNG\data\experiments\tdc_code_density_cal_20260525\tdc_code_density_cal_a7_b11_formal_8mib_20260525.lane_a_lut.csv,E:\Project\MLDSA\RO_TRNG\data\experiments\tdc_code_density_cal_20260525\tdc_code_density_cal_a7_b11_formal_8mib_20260525.lane_b_lut.csv,5000,65,-0.00185963986,0.00387718706,-12.4888526,1428.84265,-7.74841651,6.32498357,-0.43521934,-8,8,-0.00185963986,-1,0.0209937457,0.0209937457,0,data\hardware\20260511_fpga1_board1\tdc_sampler_data\analysis_tdc_sampler_data_random1_local_sample_x45y39_ro0_2mib\tdc_sampler_data_random1_local_sample_x45y39_ro0_2mib.tdc_packets.csv
tdc_sampler_data_random1_local_sample_x45y39_ro0_2mib,data\hardware\20260511_fpga1_board1\tdc_sampler_data\analysis_tdc_sampler_data_random1_local_sample_x45y39_ro0_2mib\tdc_sampler_data_random1_local_sample_x45y39_ro0_2mib.tdc_packets.csv,csv,15,245760,262142,16383,E:\Project\MLDSA\RO_TRNG\data\experiments\tdc_code_density_cal_20260525\tdc_code_density_cal_a7_b11_formal_8mib_20260525.lane_a_lut.csv,E:\Project\MLDSA\RO_TRNG\data\experiments\tdc_code_density_cal_20260525\tdc_code_density_cal_a7_b11_formal_8mib_20260525.lane_b_lut.csv,5000,65,0.00622579593,-0.00121313282,-10.0056832,1421.512,-5.26524705,8.80815303,-0.43521934,-8,8,0.00622579593,3,-0.020740662,0.020740662,0,data\hardware\20260511_fpga1_board1\tdc_sampler_data\analysis_tdc_sampler_data_random1_local_sample_x45y39_ro0_2mib\tdc_sampler_data_random1_local_sample_x45y39_ro0_2mib.tdc_packets.csv
tdc_sampler_data_random1_local_sample_x45y39_ro4_2mib,data\hardware\20260511_fpga1_board1\tdc_sampler_data\analysis_tdc_sampler_data_random1_local_sample_x45y39_ro4_2mib\tdc_sampler_data_random1_local_sample_x45y39_ro4_2mib.tdc_packets.csv,csv,0,0,16383,16384,E:\Project\MLDSA\RO_TRNG\data\experiments\tdc_code_density_cal_20260525\tdc_code_density_cal_a7_b11_formal_8mib_20260525.lane_a_lut.csv,E:\Project\MLDSA\RO_TRNG\data\experiments\tdc_code_density_cal_20260525\tdc_code_density_cal_a7_b11_formal_8mib_20260525.lane_b_lut.csv,5000,65,0.00839975739,0.00798624712,-19.4857697,1428.1245,0,21.5535343,0.0754022234,-8,8,0.00839975739,-6,-0.0132292928,0.0132292928,0,data\hardware\20260511_fpga1_board1\tdc_sampler_data\analysis_tdc_sampler_data_random1_local_sample_x45y39_ro4_2mib\tdc_sampler_data_random1_local_sample_x45y39_ro4_2mib.tdc_packets.csv
tdc_sampler_data_random1_local_sample_x45y39_ro4_2mib,data\hardware\20260511_fpga1_board1\tdc_sampler_data\analysis_tdc_sampler_data_random1_local_sample_x45y39_ro4_2mib\tdc_sampler_data_random1_local_sample_x45y39_ro4_2mib.tdc_packets.csv,csv,1,16384,32767,16384,E:\Project\MLDSA\RO_TRNG\data\experiments\tdc_code_density_cal_20260525\tdc_code_density_cal_a7_b11_formal_8mib_20260525.lane_a_lut.csv,E:\Project\MLDSA\RO_TRNG\data\experiments\tdc_code_density_cal_20260525\tdc_code_density_cal_a7_b11_formal_8mib_20260525.lane_b_lut.csv,5000,65,-0.0136165053,-0.0105034119,-40.7156121,1433.70649,-21.2298424,0.323691847,0.0754022234,-8,8,-0.0136165053,0,-0.0136165053,0.0136165053,0,data\hardware\20260511_fpga1_board1\tdc_sampler_data\analysis_tdc_sampler_data_random1_local_sample_x45y39_ro4_2mib\tdc_sampler_data_random1_local_sample_x45y39_ro4_2mib.tdc_packets.csv
tdc_sampler_data_random1_local_sample_x45y39_ro4_2mib,data\hardware\20260511_fpga1_board1\tdc_sampler_data\analysis_tdc_sampler_data_random1_local_sample_x45y39_ro4_2mib\tdc_sampler_data_random1_local_sample_x45y39_ro4_2mib.tdc_packets.csv,csv,2,32768,49151,16384,E:\Project\MLDSA\RO_TRNG\data\experiments\tdc_code_density_cal_20260525\tdc_code_density_cal_a7_b11_formal_8mib_20260525.lane_a_lut.csv,E:\Project\MLDSA\RO_TRNG\data\experiments\tdc_code_density_cal_20260525\tdc_code_density_cal_a7_b11_formal_8mib_20260525.lane_b_lut.csv,5000,65,0.0086436122,0.00722046927,-33.2561061,1425.42509,-13.7703364,7.78319784,0.0754022234,-8,8,0.0086436122,6,0.0111771922,0.0111771922,0,data\hardware\20260511_fpga1_board1\tdc_sampler_data\analysis_tdc_sampler_data_random1_local_sample_x45y39_ro4_2mib\tdc_sampler_data_random1_local_sample_x45y39_ro4_2mib.tdc_packets.csv
tdc_sampler_data_random1_local_sample_x45y39_ro4_2mib,data\hardware\20260511_fpga1_board1\tdc_sampler_data\analysis_tdc_sampler_data_random1_local_sample_x45y39_ro4_2mib\tdc_sampler_data_random1_local_sample_x45y39_ro4_2mib.tdc_packets.csv,csv,3,49152,65535,16384,E:\Project\MLDSA\RO_TRNG\data\experiments\tdc_code_density_cal_20260525\tdc_code_density_cal_a7_b11_formal_8mib_20260525.lane_a_lut.csv,E:\Project\MLDSA\RO_TRNG\data\experiments\tdc_code_density_cal_20260525\tdc_code_density_cal_a7_b11_formal_8mib_20260525.lane_b_lut.csv,5000,65,0.0026709988,-9.19625037e-05,-49.2619481,1430.92727,-29.7761784,-8.22264418,0.0754022234,-8,8,0.0026709988,-6,0.01566788,0.01566788,0,data\hardware\20260511_fpga1_board1\tdc_sampler_data\analysis_tdc_sampler_data_random1_local_sample_x45y39_ro4_2mib\tdc_sampler_data_random1_local_sample_x45y39_ro4_2mib.tdc_packets.csv
tdc_sampler_data_random1_local_sample_x45y39_ro4_2mib,data\hardware\20260511_fpga1_board1\tdc_sampler_data\analysis_tdc_sampler_data_random1_local_sample_x45y39_ro4_2mib\tdc_sampler_data_random1_local_sample_x45y39_ro4_2mib.tdc_packets.csv,csv,4,65536,81919,16384,E:\Project\MLDSA\RO_TRNG\data\experiments\tdc_code_density_cal_20260525\tdc_code_density_cal_a7_b11_formal_8mib_20260525.lane_a_lut.csv,E:\Project\MLDSA\RO_TRNG\data\experiments\tdc_code_density_cal_20260525\tdc_code_density_cal_a7_b11_formal_8mib_20260525.lane_b_lut.csv,5000,65,-0.00471811803,-0.00402941735,-58.322897,1431.2076,-38.8371273,-17.283593,0.0754022234,-8,8,-0.00471811803,2,0.0190236552,0.0190236552,0,data\hardware\20260511_fpga1_board1\tdc_sampler_data\analysis_tdc_sampler_data_random1_local_sample_x45y39_ro4_2mib\tdc_sampler_data_random1_local_sample_x45y39_ro4_2mib.tdc_packets.csv
tdc_sampler_data_random1_local_sample_x45y39_ro4_2mib,data\hardware\20260511_fpga1_board1\tdc_sampler_data\analysis_tdc_sampler_data_random1_local_sample_x45y39_ro4_2mib\tdc_sampler_data_random1_local_sample_x45y39_ro4_2mib.tdc_packets.csv,csv,5,81920,98303,16384,E:\Project\MLDSA\RO_TRNG\data\experiments\tdc_code_density_cal_20260525\tdc_code_density_cal_a7_b11_formal_8mib_20260525.lane_a_lut.csv,E:\Project\MLDSA\RO_TRNG\data\experiments\tdc_code_density_cal_20260525\tdc_code_density_cal_a7_b11_formal_8mib_20260525.lane_b_lut.csv,5000,65,-0.00556217641,-0.00769381296,-61.5756175,1430.60081,-42.0898478,-20.5363136,0.0754022234,-8,8,-0.00556217641,-8,0.02056795,0.02056795,0,data\hardware\20260511_fpga1_board1\tdc_sampler_data\analysis_tdc_sampler_data_random1_local_sample_x45y39_ro4_2mib\tdc_sampler_data_random1_local_sample_x45y39_ro4_2mib.tdc_packets.csv
tdc_sampler_data_random1_local_sample_x45y39_ro4_2mib,data\hardware\20260511_fpga1_board1\tdc_sampler_data\analysis_tdc_sampler_data_random1_local_sample_x45y39_ro4_2mib\tdc_sampler_data_random1_local_sample_x45y39_ro4_2mib.tdc_packets.csv,csv,6,98304,114687,16384,E:\Project\MLDSA\RO_TRNG\data\experiments\tdc_code_density_cal_20260525\tdc_code_density_cal_a7_b11_formal_8mib_20260525.lane_a_lut.csv,E:\Project\MLDSA\RO_TRNG\data\experiments\tdc_code_density_cal_20260525\tdc_code_density_cal_a7_b11_formal_8mib_20260525.lane_b_lut.csv,5000,65,-0.0079826177,-0.0070819196,-36.216122,1432.36714,-16.7303523,4.82318194,0.0754022234,-8,8,-0.0079826177,7,-0.00942944664,0.00942944664,0,data\hardware\20260511_fpga1_board1\tdc_sampler_data\analysis_tdc_sampler_data_random1_local_sample_x45y39_ro4_2mib\tdc_sampler_data_random1_local_sample_x45y39_ro4_2mib.tdc_packets.csv
tdc_sampler_data_random1_local_sample_x45y39_ro4_2mib,data\hardware\20260511_fpga1_board1\tdc_sampler_data\analysis_tdc_sampler_data_random1_local_sample_x45y39_ro4_2mib\tdc_sampler_data_random1_local_sample_x45y39_ro4_2mib.tdc_packets.csv,csv,7,114688,131071,16384,E:\Project\MLDSA\RO_TRNG\data\experiments\tdc_code_density_cal_20260525\tdc_code_density_cal_a7_b11_formal_8mib_20260525.lane_a_lut.csv,E:\Project\MLDSA\RO_TRNG\data\experiments\tdc_code_density_cal_20260525\tdc_code_density_cal_a7_b11_formal_8mib_20260525.lane_b_lut.csv,5000,65,-0.00870668685,-0.00760473733,-36.7031953,1430.99205,-17.2174256,4.33610865,0.0754022234,-8,8,-0.00870668685,-3,-0.013666533,0.013666533,0,data\hardware\20260511_fpga1_board1\tdc_sampler_data\analysis_tdc_sampler_data_random1_local_sample_x45y39_ro4_2mib\tdc_sampler_data_random1_local_sample_x45y39_ro4_2mib.tdc_packets.csv
tdc_sampler_data_random1_local_sample_x45y39_ro4_2mib,data\hardware\20260511_fpga1_board1\tdc_sampler_data\analysis_tdc_sampler_data_random1_local_sample_x45y39_ro4_2mib\tdc_sampler_data_random1_local_sample_x45y39_ro4_2mib.tdc_packets.csv,csv,8,131072,147455,16384,E:\Project\MLDSA\RO_TRNG\data\experiments\tdc_code_density_cal_20260525\tdc_code_density_cal_a7_b11_formal_8mib_20260525.lane_a_lut.csv,E:\Project\MLDSA\RO_TRNG\data\experiments\tdc_code_density_cal_20260525\tdc_code_density_cal_a7_b11_formal_8mib_20260525.lane_b_lut.csv,5000,65,-0.0134436424,-0.0154483152,-56.9227211,1432.18033,-37.4369514,-15.8834172,0.0754022234,-8,8,-0.0134436424,6,0.0183435002,0.0183435002,0,data\hardware\20260511_fpga1_board1\tdc_sampler_data\analysis_tdc_sampler_data_random1_local_sample_x45y39_ro4_2mib\tdc_sampler_data_random1_local_sample_x45y39_ro4_2mib.tdc_packets.csv
tdc_sampler_data_random1_local_sample_x45y39_ro4_2mib,data\hardware\20260511_fpga1_board1\tdc_sampler_data\analysis_tdc_sampler_data_random1_local_sample_x45y39_ro4_2mib\tdc_sampler_data_random1_local_sample_x45y39_ro4_2mib.tdc_packets.csv,csv,9,147456,163839,16384,E:\Project\MLDSA\RO_TRNG\data\experiments\tdc_code_density_cal_20260525\tdc_code_density_cal_a7_b11_formal_8mib_20260525.lane_a_lut.csv,E:\Project\MLDSA\RO_TRNG\data\experiments\tdc_code_density_cal_20260525\tdc_code_density_cal_a7_b11_formal_8mib_20260525.lane_b_lut.csv,5000,65,-0.00618855784,-0.00473744023,-32.8906936,1435.72802,-13.4049239,8.14861032,0.0754022234,-8,8,-0.00618855784,8,0.0144095667,0.0144095667,0,data\hardware\20260511_fpga1_board1\tdc_sampler_data\analysis_tdc_sampler_data_random1_local_sample_x45y39_ro4_2mib\tdc_sampler_data_random1_local_sample_x45y39_ro4_2mib.tdc_packets.csv
tdc_sampler_data_random1_local_sample_x45y39_ro4_2mib,data\hardware\20260511_fpga1_board1\tdc_sampler_data\analysis_tdc_sampler_data_random1_local_sample_x45y39_ro4_2mib\tdc_sampler_data_random1_local_sample_x45y39_ro4_2mib.tdc_packets.csv,csv,10,163840,180223,16384,E:\Project\MLDSA\RO_TRNG\data\experiments\tdc_code_density_cal_20260525\tdc_code_density_cal_a7_b11_formal_8mib_20260525.lane_a_lut.csv,E:\Project\MLDSA\RO_TRNG\data\experiments\tdc_code_density_cal_20260525\tdc_code_density_cal_a7_b11_formal_8mib_20260525.lane_b_lut.csv,5000,65,-0.00300056766,-0.00188880639,-43.7562889,1427.79315,-24.2705192,-2.71698496,0.0754022234,-8,8,-0.00300056766,6,0.017259917,0.017259917,0,data\hardware\20260511_fpga1_board1\tdc_sampler_data\analysis_tdc_sampler_data_random1_local_sample_x45y39_ro4_2mib\tdc_sampler_data_random1_local_sample_x45y39_ro4_2mib.tdc_packets.csv
tdc_sampler_data_random1_local_sample_x45y39_ro4_2mib,data\hardware\20260511_fpga1_board1\tdc_sampler_data\analysis_tdc_sampler_data_random1_local_sample_x45y39_ro4_2mib\tdc_sampler_data_random1_local_sample_x45y39_ro4_2mib.tdc_packets.csv,csv,11,180224,196607,16384,E:\Project\MLDSA\RO_TRNG\data\experiments\tdc_code_density_cal_20260525\tdc_code_density_cal_a7_b11_formal_8mib_20260525.lane_a_lut.csv,E:\Project\MLDSA\RO_TRNG\data\experiments\tdc_code_density_cal_20260525\tdc_code_density_cal_a7_b11_formal_8mib_20260525.lane_b_lut.csv,5000,65,0.00613366643,0.00244109689,-42.032884,1428.93682,-22.5471143,-0.993580062,0.0754022234,-8,8,0.00613366643,4,0.0151432854,0.0151432854,0,data\hardware\20260511_fpga1_board1\tdc_sampler_data\analysis_tdc_sampler_data_random1_local_sample_x45y39_ro4_2mib\tdc_sampler_data_random1_local_sample_x45y39_ro4_2mib.tdc_packets.csv
tdc_sampler_data_random1_local_sample_x45y39_ro4_2mib,data\hardware\20260511_fpga1_board1\tdc_sampler_data\analysis_tdc_sampler_data_random1_local_sample_x45y39_ro4_2mib\tdc_sampler_data_random1_local_sample_x45y39_ro4_2mib.tdc_packets.csv,csv,12,196608,212991,16384,E:\Project\MLDSA\RO_TRNG\data\experiments\tdc_code_density_cal_20260525\tdc_code_density_cal_a7_b11_formal_8mib_20260525.lane_a_lut.csv,E:\Project\MLDSA\RO_TRNG\data\experiments\tdc_code_density_cal_20260525\tdc_code_density_cal_a7_b11_formal_8mib_20260525.lane_b_lut.csv,5000,65,0.00322123154,0.00521181855,-15.0929618,1428.49257,4.39280787,25.9463421,0.0754022234,-8,8,0.00322123154,3,0.0150111956,0.0150111956,0,data\hardware\20260511_fpga1_board1\tdc_sampler_data\analysis_tdc_sampler_data_random1_local_sample_x45y39_ro4_2mib\tdc_sampler_data_random1_local_sample_x45y39_ro4_2mib.tdc_packets.csv
tdc_sampler_data_random1_local_sample_x45y39_ro4_2mib,data\hardware\20260511_fpga1_board1\tdc_sampler_data\analysis_tdc_sampler_data_random1_local_sample_x45y39_ro4_2mib\tdc_sampler_data_random1_local_sample_x45y39_ro4_2mib.tdc_packets.csv,csv,13,212992,229375,16384,E:\Project\MLDSA\RO_TRNG\data\experiments\tdc_code_density_cal_20260525\tdc_code_density_cal_a7_b11_formal_8mib_20260525.lane_a_lut.csv,E:\Project\MLDSA\RO_TRNG\data\experiments\tdc_code_density_cal_20260525\tdc_code_density_cal_a7_b11_formal_8mib_20260525.lane_b_lut.csv,5000,65,0.000351512011,0.00037461849,-55.211627,1431.19817,-35.7258573,-14.1723231,0.0754022234,-8,8,0.000351512011,3,0.0198495396,0.0198495396,0,data\hardware\20260511_fpga1_board1\tdc_sampler_data\analysis_tdc_sampler_data_random1_local_sample_x45y39_ro4_2mib\tdc_sampler_data_random1_local_sample_x45y39_ro4_2mib.tdc_packets.csv
tdc_sampler_data_random1_local_sample_x45y39_ro4_2mib,data\hardware\20260511_fpga1_board1\tdc_sampler_data\analysis_tdc_sampler_data_random1_local_sample_x45y39_ro4_2mib\tdc_sampler_data_random1_local_sample_x45y39_ro4_2mib.tdc_packets.csv,csv,14,229376,245759,16384,E:\Project\MLDSA\RO_TRNG\data\experiments\tdc_code_density_cal_20260525\tdc_code_density_cal_a7_b11_formal_8mib_20260525.lane_a_lut.csv,E:\Project\MLDSA\RO_TRNG\data\experiments\tdc_code_density_cal_20260525\tdc_code_density_cal_a7_b11_formal_8mib_20260525.lane_b_lut.csv,5000,65,-0.00113202454,0.000856375446,-49.2783256,1430.4413,-29.7925559,-8.23902165,0.0754022234,-8,8,-0.00113202454,-6,0.0175988942,0.0175988942,0,data\hardware\20260511_fpga1_board1\tdc_sampler_data\analysis_tdc_sampler_data_random1_local_sample_x45y39_ro4_2mib\tdc_sampler_data_random1_local_sample_x45y39_ro4_2mib.tdc_packets.csv
tdc_sampler_data_random1_local_sample_x45y39_ro4_2mib,data\hardware\20260511_fpga1_board1\tdc_sampler_data\analysis_tdc_sampler_data_random1_local_sample_x45y39_ro4_2mib\tdc_sampler_data_random1_local_sample_x45y39_ro4_2mib.tdc_packets.csv,csv,15,245760,262143,16384,E:\Project\MLDSA\RO_TRNG\data\experiments\tdc_code_density_cal_20260525\tdc_code_density_cal_a7_b11_formal_8mib_20260525.lane_a_lut.csv,E:\Project\MLDSA\RO_TRNG\data\experiments\tdc_code_density_cal_20260525\tdc_code_density_cal_a7_b11_formal_8mib_20260525.lane_b_lut.csv,5000,65,-0.00357697698,-0.0026451176,-25.9060932,1427.68343,-6.42032349,15.1332108,0.0754022234,-8,8,-0.00357697698,-8,-0.0153708993,0.0153708993,0,data\hardware\20260511_fpga1_board1\tdc_sampler_data\analysis_tdc_sampler_data_random1_local_sample_x45y39_ro4_2mib\tdc_sampler_data_random1_local_sample_x45y39_ro4_2mib.tdc_packets.csv
tdc_sampler_data_random3_sample_x36y35_ro0_2mib,data\hardware\20260511_fpga1_board1\tdc_sampler_data\analysis_tdc_sampler_data_random3_sample_x36y35_ro0_2mib\tdc_sampler_data_random3_sample_x36y35_ro0_2mib.tdc_packets.csv,csv,0,0,16383,16384,E:\Project\MLDSA\RO_TRNG\data\experiments\tdc_code_density_cal_20260525\tdc_code_density_cal_a7_b11_formal_8mib_20260525.lane_a_lut.csv,E:\Project\MLDSA\RO_TRNG\data\experiments\tdc_code_density_cal_20260525\tdc_code_density_cal_a7_b11_formal_8mib_20260525.lane_b_lut.csv,5000,65,0.0103172918,0.0130407781,-8.0374104,1438.37542,0,18.8623696,-0.907608652,-8,8,0.0103172918,-4,-0.0239983716,0.0239983716,0,data\hardware\20260511_fpga1_board1\tdc_sampler_data\analysis_tdc_sampler_data_random3_sample_x36y35_ro0_2mib\tdc_sampler_data_random3_sample_x36y35_ro0_2mib.tdc_packets.csv
tdc_sampler_data_random3_sample_x36y35_ro0_2mib,data\hardware\20260511_fpga1_board1\tdc_sampler_data\analysis_tdc_sampler_data_random3_sample_x36y35_ro0_2mib\tdc_sampler_data_random3_sample_x36y35_ro0_2mib.tdc_packets.csv,csv,1,16384,32767,16384,E:\Project\MLDSA\RO_TRNG\data\experiments\tdc_code_density_cal_20260525\tdc_code_density_cal_a7_b11_formal_8mib_20260525.lane_a_lut.csv,E:\Project\MLDSA\RO_TRNG\data\experiments\tdc_code_density_cal_20260525\tdc_code_density_cal_a7_b11_formal_8mib_20260525.lane_b_lut.csv,5000,65,-0.00407917121,-0.00331995996,-18.2289414,1437.93835,-10.191531,8.67083858,-0.907608652,-8,8,-0.00407917121,6,-0.0272195217,0.0272195217,0,data\hardware\20260511_fpga1_board1\tdc_sampler_data\analysis_tdc_sampler_data_random3_sample_x36y35_ro0_2mib\tdc_sampler_data_random3_sample_x36y35_ro0_2mib.tdc_packets.csv
tdc_sampler_data_random3_sample_x36y35_ro0_2mib,data\hardware\20260511_fpga1_board1\tdc_sampler_data\analysis_tdc_sampler_data_random3_sample_x36y35_ro0_2mib\tdc_sampler_data_random3_sample_x36y35_ro0_2mib.tdc_packets.csv,csv,2,32768,49151,16384,E:\Project\MLDSA\RO_TRNG\data\experiments\tdc_code_density_cal_20260525\tdc_code_density_cal_a7_b11_formal_8mib_20260525.lane_a_lut.csv,E:\Project\MLDSA\RO_TRNG\data\experiments\tdc_code_density_cal_20260525\tdc_code_density_cal_a7_b11_formal_8mib_20260525.lane_b_lut.csv,5000,65,-0.00233769926,-0.00447787604,-40.2749384,1441.81499,-32.237528,-13.3751584,-0.907608652,-8,8,-0.00233769926,-2,0.0114297301,0.0114297301,0,data\hardware\20260511_fpga1_board1\tdc_sampler_data\analysis_tdc_sampler_data_random3_sample_x36y35_ro0_2mib\tdc_sampler_data_random3_sample_x36y35_ro0_2mib.tdc_packets.csv
tdc_sampler_data_random3_sample_x36y35_ro0_2mib,data\hardware\20260511_fpga1_board1\tdc_sampler_data\analysis_tdc_sampler_data_random3_sample_x36y35_ro0_2mib\tdc_sampler_data_random3_sample_x36y35_ro0_2mib.tdc_packets.csv,csv,3,49152,65535,16384,E:\Project\MLDSA\RO_TRNG\data\experiments\tdc_code_density_cal_20260525\tdc_code_density_cal_a7_b11_formal_8mib_20260525.lane_a_lut.csv,E:\Project\MLDSA\RO_TRNG\data\experiments\tdc_code_density_cal_20260525\tdc_code_density_cal_a7_b11_formal_8mib_20260525.lane_b_lut.csv,5000,65,0.0129274729,0.00980109532,-14.5607001,1441.88655,-6.52328974,12.3390798,-0.907608652,-8,8,0.0129274729,-7,0.0148346039,0.0148346039,0,data\hardware\20260511_fpga1_board1\tdc_sampler_data\analysis_tdc_sampler_data_random3_sample_x36y35_ro0_2mib\tdc_sampler_data_random3_sample_x36y35_ro0_2mib.tdc_packets.csv
tdc_sampler_data_random3_sample_x36y35_ro0_2mib,data\hardware\20260511_fpga1_board1\tdc_sampler_data\analysis_tdc_sampler_data_random3_sample_x36y35_ro0_2mib\tdc_sampler_data_random3_sample_x36y35_ro0_2mib.tdc_packets.csv,csv,4,65536,81919,16384,E:\Project\MLDSA\RO_TRNG\data\experiments\tdc_code_density_cal_20260525\tdc_code_density_cal_a7_b11_formal_8mib_20260525.lane_a_lut.csv,E:\Project\MLDSA\RO_TRNG\data\experiments\tdc_code_density_cal_20260525\tdc_code_density_cal_a7_b11_formal_8mib_20260525.lane_b_lut.csv,5000,65,1.96827675e-05,0.00124256782,-23.5956738,1441.93279,-15.5582634,3.30410619,-0.907608652,-8,8,1.96827675e-05,7,-0.0165908807,0.0165908807,0,data\hardware\20260511_fpga1_board1\tdc_sampler_data\analysis_tdc_sampler_data_random3_sample_x36y35_ro0_2mib\tdc_sampler_data_random3_sample_x36y35_ro0_2mib.tdc_packets.csv
tdc_sampler_data_random3_sample_x36y35_ro0_2mib,data\hardware\20260511_fpga1_board1\tdc_sampler_data\analysis_tdc_sampler_data_random3_sample_x36y35_ro0_2mib\tdc_sampler_data_random3_sample_x36y35_ro0_2mib.tdc_packets.csv,csv,5,81920,98303,16384,E:\Project\MLDSA\RO_TRNG\data\experiments\tdc_code_density_cal_20260525\tdc_code_density_cal_a7_b11_formal_8mib_20260525.lane_a_lut.csv,E:\Project\MLDSA\RO_TRNG\data\experiments\tdc_code_density_cal_20260525\tdc_code_density_cal_a7_b11_formal_8mib_20260525.lane_b_lut.csv,5000,65,-0.0120567892,-0.0126649177,-15.8780969,1442.26587,-7.8406865,11.0216831,-0.907608652,-8,8,-0.0120567892,-8,-0.0155426846,0.0155426846,0,data\hardware\20260511_fpga1_board1\tdc_sampler_data\analysis_tdc_sampler_data_random3_sample_x36y35_ro0_2mib\tdc_sampler_data_random3_sample_x36y35_ro0_2mib.tdc_packets.csv
tdc_sampler_data_random3_sample_x36y35_ro0_2mib,data\hardware\20260511_fpga1_board1\tdc_sampler_data\analysis_tdc_sampler_data_random3_sample_x36y35_ro0_2mib\tdc_sampler_data_random3_sample_x36y35_ro0_2mib.tdc_packets.csv,csv,6,98304,114687,16384,E:\Project\MLDSA\RO_TRNG\data\experiments\tdc_code_density_cal_20260525\tdc_code_density_cal_a7_b11_formal_8mib_20260525.lane_a_lut.csv,E:\Project\MLDSA\RO_TRNG\data\experiments\tdc_code_density_cal_20260525\tdc_code_density_cal_a7_b11_formal_8mib_20260525.lane_b_lut.csv,5000,65,0.00933630039,0.00678570625,-37.6668281,1441.85881,-29.6294177,-10.7670481,-0.907608652,-8,8,0.00933630039,-5,0.0174689026,0.0174689026,0,data\hardware\20260511_fpga1_board1\tdc_sampler_data\analysis_tdc_sampler_data_random3_sample_x36y35_ro0_2mib\tdc_sampler_data_random3_sample_x36y35_ro0_2mib.tdc_packets.csv
tdc_sampler_data_random3_sample_x36y35_ro0_2mib,data\hardware\20260511_fpga1_board1\tdc_sampler_data\analysis_tdc_sampler_data_random3_sample_x36y35_ro0_2mib\tdc_sampler_data_random3_sample_x36y35_ro0_2mib.tdc_packets.csv,csv,7,114688,131071,16384,E:\Project\MLDSA\RO_TRNG\data\experiments\tdc_code_density_cal_20260525\tdc_code_density_cal_a7_b11_formal_8mib_20260525.lane_a_lut.csv,E:\Project\MLDSA\RO_TRNG\data\experiments\tdc_code_density_cal_20260525\tdc_code_density_cal_a7_b11_formal_8mib_20260525.lane_b_lut.csv,5000,65,0.0142376042,0.0176005397,-41.3831539,1439.38631,-33.3457435,-14.4833739,-0.907608652,-8,8,0.0142376042,2,-0.0180126009,0.0180126009,0,data\hardware\20260511_fpga1_board1\tdc_sampler_data\analysis_tdc_sampler_data_random3_sample_x36y35_ro0_2mib\tdc_sampler_data_random3_sample_x36y35_ro0_2mib.tdc_packets.csv
tdc_sampler_data_random3_sample_x36y35_ro0_2mib,data\hardware\20260511_fpga1_board1\tdc_sampler_data\analysis_tdc_sampler_data_random3_sample_x36y35_ro0_2mib\tdc_sampler_data_random3_sample_x36y35_ro0_2mib.tdc_packets.csv,csv,8,131072,147455,16384,E:\Project\MLDSA\RO_TRNG\data\experiments\tdc_code_density_cal_20260525\tdc_code_density_cal_a7_b11_formal_8mib_20260525.lane_a_lut.csv,E:\Project\MLDSA\RO_TRNG\data\experiments\tdc_code_density_cal_20260525\tdc_code_density_cal_a7_b11_formal_8mib_20260525.lane_b_lut.csv,5000,65,-0.00179468418,-0.00273460622,-28.5844708,1445.47908,-20.5470604,-1.68469077,-0.907608652,-8,8,-0.00179468418,-4,0.00877782632,0.00877782632,0,data\hardware\20260511_fpga1_board1\tdc_sampler_data\analysis_tdc_sampler_data_random3_sample_x36y35_ro0_2mib\tdc_sampler_data_random3_sample_x36y35_ro0_2mib.tdc_packets.csv
tdc_sampler_data_random3_sample_x36y35_ro0_2mib,data\hardware\20260511_fpga1_board1\tdc_sampler_data\analysis_tdc_sampler_data_random3_sample_x36y35_ro0_2mib\tdc_sampler_data_random3_sample_x36y35_ro0_2mib.tdc_packets.csv,csv,9,147456,163839,16384,E:\Project\MLDSA\RO_TRNG\data\experiments\tdc_code_density_cal_20260525\tdc_code_density_cal_a7_b11_formal_8mib_20260525.lane_a_lut.csv,E:\Project\MLDSA\RO_TRNG\data\experiments\tdc_code_density_cal_20260525\tdc_code_density_cal_a7_b11_formal_8mib_20260525.lane_b_lut.csv,5000,65,0.00190537535,-0.00273079635,-12.2623923,1440.76538,-4.22498192,14.6373877,-0.907608652,-8,8,0.00190537535,5,-0.019492276,0.019492276,0,data\hardware\20260511_fpga1_board1\tdc_sampler_data\analysis_tdc_sampler_data_random3_sample_x36y35_ro0_2mib\tdc_sampler_data_random3_sample_x36y35_ro0_2mib.tdc_packets.csv
tdc_sampler_data_random3_sample_x36y35_ro0_2mib,data\hardware\20260511_fpga1_board1\tdc_sampler_data\analysis_tdc_sampler_data_random3_sample_x36y35_ro0_2mib\tdc_sampler_data_random3_sample_x36y35_ro0_2mib.tdc_packets.csv,csv,10,163840,180223,16384,E:\Project\MLDSA\RO_TRNG\data\experiments\tdc_code_density_cal_20260525\tdc_code_density_cal_a7_b11_formal_8mib_20260525.lane_a_lut.csv,E:\Project\MLDSA\RO_TRNG\data\experiments\tdc_code_density_cal_20260525\tdc_code_density_cal_a7_b11_formal_8mib_20260525.lane_b_lut.csv,5000,65,-0.00818771648,-0.010799258,-41.5754691,1441.70755,-33.5380587,-14.6756892,-0.907608652,-8,8,-0.00818771648,-7,-0.0151945772,0.0151945772,0,data\hardware\20260511_fpga1_board1\tdc_sampler_data\analysis_tdc_sampler_data_random3_sample_x36y35_ro0_2mib\tdc_sampler_data_random3_sample_x36y35_ro0_2mib.tdc_packets.csv
tdc_sampler_data_random3_sample_x36y35_ro0_2mib,data\hardware\20260511_fpga1_board1\tdc_sampler_data\analysis_tdc_sampler_data_random3_sample_x36y35_ro0_2mib\tdc_sampler_data_random3_sample_x36y35_ro0_2mib.tdc_packets.csv,csv,11,180224,196607,16384,E:\Project\MLDSA\RO_TRNG\data\experiments\tdc_code_density_cal_20260525\tdc_code_density_cal_a7_b11_formal_8mib_20260525.lane_a_lut.csv,E:\Project\MLDSA\RO_TRNG\data\experiments\tdc_code_density_cal_20260525\tdc_code_density_cal_a7_b11_formal_8mib_20260525.lane_b_lut.csv,5000,65,-5.05107575e-05,-0.000743098179,-10.4170446,1437.02458,-2.37963418,16.4827354,-0.907608652,-8,8,-5.05107575e-05,1,-0.0161516915,0.0161516915,0,data\hardware\20260511_fpga1_board1\tdc_sampler_data\analysis_tdc_sampler_data_random3_sample_x36y35_ro0_2mib\tdc_sampler_data_random3_sample_x36y35_ro0_2mib.tdc_packets.csv
tdc_sampler_data_random3_sample_x36y35_ro0_2mib,data\hardware\20260511_fpga1_board1\tdc_sampler_data\analysis_tdc_sampler_data_random3_sample_x36y35_ro0_2mib\tdc_sampler_data_random3_sample_x36y35_ro0_2mib.tdc_packets.csv,csv,12,196608,212991,16384,E:\Project\MLDSA\RO_TRNG\data\experiments\tdc_code_density_cal_20260525\tdc_code_density_cal_a7_b11_formal_8mib_20260525.lane_a_lut.csv,E:\Project\MLDSA\RO_TRNG\data\experiments\tdc_code_density_cal_20260525\tdc_code_density_cal_a7_b11_formal_8mib_20260525.lane_b_lut.csv,5000,65,0.0103658438,0.00829838014,-42.8154638,1436.85065,-34.7780534,-15.9156838,-0.907608652,-8,8,0.0103658438,-1,-0.0152620621,0.0152620621,0,data\hardware\20260511_fpga1_board1\tdc_sampler_data\analysis_tdc_sampler_data_random3_sample_x36y35_ro0_2mib\tdc_sampler_data_random3_sample_x36y35_ro0_2mib.tdc_packets.csv
tdc_sampler_data_random3_sample_x36y35_ro0_2mib,data\hardware\20260511_fpga1_board1\tdc_sampler_data\analysis_tdc_sampler_data_random3_sample_x36y35_ro0_2mib\tdc_sampler_data_random3_sample_x36y35_ro0_2mib.tdc_packets.csv,csv,13,212992,229375,16384,E:\Project\MLDSA\RO_TRNG\data\experiments\tdc_code_density_cal_20260525\tdc_code_density_cal_a7_b11_formal_8mib_20260525.lane_a_lut.csv,E:\Project\MLDSA\RO_TRNG\data\experiments\tdc_code_density_cal_20260525\tdc_code_density_cal_a7_b11_formal_8mib_20260525.lane_b_lut.csv,5000,65,0.00438628119,0.00551154965,-33.512146,1437.93972,-25.4747356,-6.612366,-0.907608652,-8,8,0.00438628119,8,-0.0154746168,0.0154746168,0,data\hardware\20260511_fpga1_board1\tdc_sampler_data\analysis_tdc_sampler_data_random3_sample_x36y35_ro0_2mib\tdc_sampler_data_random3_sample_x36y35_ro0_2mib.tdc_packets.csv
tdc_sampler_data_random3_sample_x36y35_ro0_2mib,data\hardware\20260511_fpga1_board1\tdc_sampler_data\analysis_tdc_sampler_data_random3_sample_x36y35_ro0_2mib\tdc_sampler_data_random3_sample_x36y35_ro0_2mib.tdc_packets.csv,csv,14,229376,245759,16384,E:\Project\MLDSA\RO_TRNG\data\experiments\tdc_code_density_cal_20260525\tdc_code_density_cal_a7_b11_formal_8mib_20260525.lane_a_lut.csv,E:\Project\MLDSA\RO_TRNG\data\experiments\tdc_code_density_cal_20260525\tdc_code_density_cal_a7_b11_formal_8mib_20260525.lane_b_lut.csv,5000,65,0.0056178629,0.00470161106,-38.2357992,1443.29772,-30.1983888,-11.3360192,-0.907608652,-8,8,0.0056178629,2,-0.0208913072,0.0208913072,0,data\hardware\20260511_fpga1_board1\tdc_sampler_data\analysis_tdc_sampler_data_random3_sample_x36y35_ro0_2mib\tdc_sampler_data_random3_sample_x36y35_ro0_2mib.tdc_packets.csv
tdc_sampler_data_random3_sample_x36y35_ro0_2mib,data\hardware\20260511_fpga1_board1\tdc_sampler_data\analysis_tdc_sampler_data_random3_sample_x36y35_ro0_2mib\tdc_sampler_data_random3_sample_x36y35_ro0_2mib.tdc_packets.csv,csv,15,245760,262142,16383,E:\Project\MLDSA\RO_TRNG\data\experiments\tdc_code_density_cal_20260525\tdc_code_density_cal_a7_b11_formal_8mib_20260525.lane_a_lut.csv,E:\Project\MLDSA\RO_TRNG\data\experiments\tdc_code_density_cal_20260525\tdc_code_density_cal_a7_b11_formal_8mib_20260525.lane_b_lut.csv,5000,65,0.00976101944,0.0106249577,-23.367951,1435.82793,-15.3305406,3.53182901,-0.907608652,-8,8,0.00976101944,2,0.0170340293,0.0170340293,0,data\hardware\20260511_fpga1_board1\tdc_sampler_data\analysis_tdc_sampler_data_random3_sample_x36y35_ro0_2mib\tdc_sampler_data_random3_sample_x36y35_ro0_2mib.tdc_packets.csv
tdc_sampler_data_random3_sample_x36y35_ro3_2mib,data\hardware\20260511_fpga1_board1\tdc_sampler_data\analysis_tdc_sampler_data_random3_sample_x36y35_ro3_2mib\tdc_sampler_data_random3_sample_x36y35_ro3_2mib.tdc_packets.csv,csv,0,0,16383,16384,E:\Project\MLDSA\RO_TRNG\data\experiments\tdc_code_density_cal_20260525\tdc_code_density_cal_a7_b11_formal_8mib_20260525.lane_a_lut.csv,E:\Project\MLDSA\RO_TRNG\data\experiments\tdc_code_density_cal_20260525\tdc_code_density_cal_a7_b11_formal_8mib_20260525.lane_b_lut.csv,5000,65,0.00151091237,0.00151031112,-4.26730388,1438.38258,0,5.15534546,-0.0998277285,-8,8,0.00151091237,8,0.0141832651,0.0141832651,0,data\hardware\20260511_fpga1_board1\tdc_sampler_data\analysis_tdc_sampler_data_random3_sample_x36y35_ro3_2mib\tdc_sampler_data_random3_sample_x36y35_ro3_2mib.tdc_packets.csv
tdc_sampler_data_random3_sample_x36y35_ro3_2mib,data\hardware\20260511_fpga1_board1\tdc_sampler_data\analysis_tdc_sampler_data_random3_sample_x36y35_ro3_2mib\tdc_sampler_data_random3_sample_x36y35_ro3_2mib.tdc_packets.csv,csv,1,16384,32767,16384,E:\Project\MLDSA\RO_TRNG\data\experiments\tdc_code_density_cal_20260525\tdc_code_density_cal_a7_b11_formal_8mib_20260525.lane_a_lut.csv,E:\Project\MLDSA\RO_TRNG\data\experiments\tdc_code_density_cal_20260525\tdc_code_density_cal_a7_b11_formal_8mib_20260525.lane_b_lut.csv,5000,65,0.00360714529,0.00648935506,-24.2481046,1430.91155,-19.9808007,-14.8254552,-0.0998277285,-8,8,0.00360714529,-5,-0.0182411361,0.0182411361,0,data\hardware\20260511_fpga1_board1\tdc_sampler_data\analysis_tdc_sampler_data_random3_sample_x36y35_ro3_2mib\tdc_sampler_data_random3_sample_x36y35_ro3_2mib.tdc_packets.csv
tdc_sampler_data_random3_sample_x36y35_ro3_2mib,data\hardware\20260511_fpga1_board1\tdc_sampler_data\analysis_tdc_sampler_data_random3_sample_x36y35_ro3_2mib\tdc_sampler_data_random3_sample_x36y35_ro3_2mib.tdc_packets.csv,csv,2,32768,49151,16384,E:\Project\MLDSA\RO_TRNG\data\experiments\tdc_code_density_cal_20260525\tdc_code_density_cal_a7_b11_formal_8mib_20260525.lane_a_lut.csv,E:\Project\MLDSA\RO_TRNG\data\experiments\tdc_code_density_cal_20260525\tdc_code_density_cal_a7_b11_formal_8mib_20260525.lane_b_lut.csv,5000,65,0.0064740027,0.00594747307,-11.3603716,1431.40849,-7.09306776,-1.9377223,-0.0998277285,-8,8,0.0064740027,4,0.0194093788,0.0194093788,0,data\hardware\20260511_fpga1_board1\tdc_sampler_data\analysis_tdc_sampler_data_random3_sample_x36y35_ro3_2mib\tdc_sampler_data_random3_sample_x36y35_ro3_2mib.tdc_packets.csv
tdc_sampler_data_random3_sample_x36y35_ro3_2mib,data\hardware\20260511_fpga1_board1\tdc_sampler_data\analysis_tdc_sampler_data_random3_sample_x36y35_ro3_2mib\tdc_sampler_data_random3_sample_x36y35_ro3_2mib.tdc_packets.csv,csv,3,49152,65535,16384,E:\Project\MLDSA\RO_TRNG\data\experiments\tdc_code_density_cal_20260525\tdc_code_density_cal_a7_b11_formal_8mib_20260525.lane_a_lut.csv,E:\Project\MLDSA\RO_TRNG\data\experiments\tdc_code_density_cal_20260525\tdc_code_density_cal_a7_b11_formal_8mib_20260525.lane_b_lut.csv,5000,65,0.00130619184,-0.00260642142,10.5634176,1433.03885,14.8307215,19.986067,-0.0998277285,-8,8,0.00130619184,8,-0.0168748381,0.0168748381,0,data\hardware\20260511_fpga1_board1\tdc_sampler_data\analysis_tdc_sampler_data_random3_sample_x36y35_ro3_2mib\tdc_sampler_data_random3_sample_x36y35_ro3_2mib.tdc_packets.csv
tdc_sampler_data_random3_sample_x36y35_ro3_2mib,data\hardware\20260511_fpga1_board1\tdc_sampler_data\analysis_tdc_sampler_data_random3_sample_x36y35_ro3_2mib\tdc_sampler_data_random3_sample_x36y35_ro3_2mib.tdc_packets.csv,csv,4,65536,81919,16384,E:\Project\MLDSA\RO_TRNG\data\experiments\tdc_code_density_cal_20260525\tdc_code_density_cal_a7_b11_formal_8mib_20260525.lane_a_lut.csv,E:\Project\MLDSA\RO_TRNG\data\experiments\tdc_code_density_cal_20260525\tdc_code_density_cal_a7_b11_formal_8mib_20260525.lane_b_lut.csv,5000,65,0.00672065916,0.0104905192,-15.2254336,1432.61482,-10.9581297,-5.80278423,-0.0998277285,-8,8,0.00672065916,-7,0.0204270869,0.0204270869,0,data\hardware\20260511_fpga1_board1\tdc_sampler_data\analysis_tdc_sampler_data_random3_sample_x36y35_ro3_2mib\tdc_sampler_data_random3_sample_x36y35_ro3_2mib.tdc_packets.csv
tdc_sampler_data_random3_sample_x36y35_ro3_2mib,data\hardware\20260511_fpga1_board1\tdc_sampler_data\analysis_tdc_sampler_data_random3_sample_x36y35_ro3_2mib\tdc_sampler_data_random3_sample_x36y35_ro3_2mib.tdc_packets.csv,csv,5,81920,98303,16384,E:\Project\MLDSA\RO_TRNG\data\experiments\tdc_code_density_cal_20260525\tdc_code_density_cal_a7_b11_formal_8mib_20260525.lane_a_lut.csv,E:\Project\MLDSA\RO_TRNG\data\experiments\tdc_code_density_cal_20260525\tdc_code_density_cal_a7_b11_formal_8mib_20260525.lane_b_lut.csv,5000,65,0.00846212024,0.00932040449,-10.5294526,1431.86352,-6.26214868,-1.10680322,-0.0998277285,-8,8,0.00846212024,6,0.0150246499,0.0150246499,0,data\hardware\20260511_fpga1_board1\tdc_sampler_data\analysis_tdc_sampler_data_random3_sample_x36y35_ro3_2mib\tdc_sampler_data_random3_sample_x36y35_ro3_2mib.tdc_packets.csv
tdc_sampler_data_random3_sample_x36y35_ro3_2mib,data\hardware\20260511_fpga1_board1\tdc_sampler_data\analysis_tdc_sampler_data_random3_sample_x36y35_ro3_2mib\tdc_sampler_data_random3_sample_x36y35_ro3_2mib.tdc_packets.csv,csv,6,98304,114687,16384,E:\Project\MLDSA\RO_TRNG\data\experiments\tdc_code_density_cal_20260525\tdc_code_density_cal_a7_b11_formal_8mib_20260525.lane_a_lut.csv,E:\Project\MLDSA\RO_TRNG\data\experiments\tdc_code_density_cal_20260525\tdc_code_density_cal_a7_b11_formal_8mib_20260525.lane_b_lut.csv,5000,65,0.00185379394,-0.00341649705,-4.69746472,1434.01166,-0.430160845,4.72518461,-0.0998277285,-8,8,0.00185379394,-1,-0.0229971378,0.0229971378,0,data\hardware\20260511_fpga1_board1\tdc_sampler_data\analysis_tdc_sampler_data_random3_sample_x36y35_ro3_2mib\tdc_sampler_data_random3_sample_x36y35_ro3_2mib.tdc_packets.csv
tdc_sampler_data_random3_sample_x36y35_ro3_2mib,data\hardware\20260511_fpga1_board1\tdc_sampler_data\analysis_tdc_sampler_data_random3_sample_x36y35_ro3_2mib\tdc_sampler_data_random3_sample_x36y35_ro3_2mib.tdc_packets.csv,csv,7,114688,131071,16384,E:\Project\MLDSA\RO_TRNG\data\experiments\tdc_code_density_cal_20260525\tdc_code_density_cal_a7_b11_formal_8mib_20260525.lane_a_lut.csv,E:\Project\MLDSA\RO_TRNG\data\experiments\tdc_code_density_cal_20260525\tdc_code_density_cal_a7_b11_formal_8mib_20260525.lane_b_lut.csv,5000,65,-0.0051349754,-0.00223705525,-16.1688826,1433.82677,-11.9015787,-6.74623323,-0.0998277285,-8,8,-0.0051349754,-3,0.014993985,0.014993985,0,data\hardware\20260511_fpga1_board1\tdc_sampler_data\analysis_tdc_sampler_data_random3_sample_x36y35_ro3_2mib\tdc_sampler_data_random3_sample_x36y35_ro3_2mib.tdc_packets.csv
tdc_sampler_data_random3_sample_x36y35_ro3_2mib,data\hardware\20260511_fpga1_board1\tdc_sampler_data\analysis_tdc_sampler_data_random3_sample_x36y35_ro3_2mib\tdc_sampler_data_random3_sample_x36y35_ro3_2mib.tdc_packets.csv,csv,8,131072,147455,16384,E:\Project\MLDSA\RO_TRNG\data\experiments\tdc_code_density_cal_20260525\tdc_code_density_cal_a7_b11_formal_8mib_20260525.lane_a_lut.csv,E:\Project\MLDSA\RO_TRNG\data\experiments\tdc_code_density_cal_20260525\tdc_code_density_cal_a7_b11_formal_8mib_20260525.lane_b_lut.csv,5000,65,-0.0105019158,-0.0101006333,-1.24169661,1437.65176,3.02560727,8.18095273,-0.0998277285,-8,8,-0.0105019158,7,-0.0126597206,0.0126597206,0,data\hardware\20260511_fpga1_board1\tdc_sampler_data\analysis_tdc_sampler_data_random3_sample_x36y35_ro3_2mib\tdc_sampler_data_random3_sample_x36y35_ro3_2mib.tdc_packets.csv
tdc_sampler_data_random3_sample_x36y35_ro3_2mib,data\hardware\20260511_fpga1_board1\tdc_sampler_data\analysis_tdc_sampler_data_random3_sample_x36y35_ro3_2mib\tdc_sampler_data_random3_sample_x36y35_ro3_2mib.tdc_packets.csv,csv,9,147456,163839,16384,E:\Project\MLDSA\RO_TRNG\data\experiments\tdc_code_density_cal_20260525\tdc_code_density_cal_a7_b11_formal_8mib_20260525.lane_a_lut.csv,E:\Project\MLDSA\RO_TRNG\data\experiments\tdc_code_density_cal_20260525\tdc_code_density_cal_a7_b11_formal_8mib_20260525.lane_b_lut.csv,5000,65,-0.0105633708,-0.00766073709,-17.9716316,1431.25861,-13.7043277,-8.54898223,-0.0998277285,-8,8,-0.0105633708,0,-0.0105633708,0.0105633708,0,data\hardware\20260511_fpga1_board1\tdc_sampler_data\analysis_tdc_sampler_data_random3_sample_x36y35_ro3_2mib\tdc_sampler_data_random3_sample_x36y35_ro3_2mib.tdc_packets.csv
tdc_sampler_data_random3_sample_x36y35_ro3_2mib,data\hardware\20260511_fpga1_board1\tdc_sampler_data\analysis_tdc_sampler_data_random3_sample_x36y35_ro3_2mib\tdc_sampler_data_random3_sample_x36y35_ro3_2mib.tdc_packets.csv,csv,10,163840,180223,16384,E:\Project\MLDSA\RO_TRNG\data\experiments\tdc_code_density_cal_20260525\tdc_code_density_cal_a7_b11_formal_8mib_20260525.lane_a_lut.csv,E:\Project\MLDSA\RO_TRNG\data\experiments\tdc_code_density_cal_20260525\tdc_code_density_cal_a7_b11_formal_8mib_20260525.lane_b_lut.csv,5000,65,0.00368321312,-0.000114704408,-8.04481878,1435.16149,-3.7775149,1.37783055,-0.0998277285,-8,8,0.00368321312,-6,-0.0139958483,0.0139958483,0,data\hardware\20260511_fpga1_board1\tdc_sampler_data\analysis_tdc_sampler_data_random3_sample_x36y35_ro3_2mib\tdc_sampler_data_random3_sample_x36y35_ro3_2mib.tdc_packets.csv
tdc_sampler_data_random3_sample_x36y35_ro3_2mib,data\hardware\20260511_fpga1_board1\tdc_sampler_data\analysis_tdc_sampler_data_random3_sample_x36y35_ro3_2mib\tdc_sampler_data_random3_sample_x36y35_ro3_2mib.tdc_packets.csv,csv,11,180224,196607,16384,E:\Project\MLDSA\RO_TRNG\data\experiments\tdc_code_density_cal_20260525\tdc_code_density_cal_a7_b11_formal_8mib_20260525.lane_a_lut.csv,E:\Project\MLDSA\RO_TRNG\data\experiments\tdc_code_density_cal_20260525\tdc_code_density_cal_a7_b11_formal_8mib_20260525.lane_b_lut.csv,5000,65,-0.0142189558,-0.0186536881,4.34571593,1438.64246,8.61301981,13.7683653,-0.0998277285,-8,8,-0.0142189558,-4,-0.0219419464,0.0219419464,0,data\hardware\20260511_fpga1_board1\tdc_sampler_data\analysis_tdc_sampler_data_random3_sample_x36y35_ro3_2mib\tdc_sampler_data_random3_sample_x36y35_ro3_2mib.tdc_packets.csv
tdc_sampler_data_random3_sample_x36y35_ro3_2mib,data\hardware\20260511_fpga1_board1\tdc_sampler_data\analysis_tdc_sampler_data_random3_sample_x36y35_ro3_2mib\tdc_sampler_data_random3_sample_x36y35_ro3_2mib.tdc_packets.csv,csv,12,196608,212991,16384,E:\Project\MLDSA\RO_TRNG\data\experiments\tdc_code_density_cal_20260525\tdc_code_density_cal_a7_b11_formal_8mib_20260525.lane_a_lut.csv,E:\Project\MLDSA\RO_TRNG\data\experiments\tdc_code_density_cal_20260525\tdc_code_density_cal_a7_b11_formal_8mib_20260525.lane_b_lut.csv,5000,65,-0.00288340982,-0.00222281231,-27.8369865,1431.73917,-23.5696826,-18.4143371,-0.0998277285,-8,8,-0.00288340982,8,0.0167466818,0.0167466818,0,data\hardware\20260511_fpga1_board1\tdc_sampler_data\analysis_tdc_sampler_data_random3_sample_x36y35_ro3_2mib\tdc_sampler_data_random3_sample_x36y35_ro3_2mib.tdc_packets.csv
tdc_sampler_data_random3_sample_x36y35_ro3_2mib,data\hardware\20260511_fpga1_board1\tdc_sampler_data\analysis_tdc_sampler_data_random3_sample_x36y35_ro3_2mib\tdc_sampler_data_random3_sample_x36y35_ro3_2mib.tdc_packets.csv,csv,13,212992,229375,16384,E:\Project\MLDSA\RO_TRNG\data\experiments\tdc_code_density_cal_20260525\tdc_code_density_cal_a7_b11_formal_8mib_20260525.lane_a_lut.csv,E:\Project\MLDSA\RO_TRNG\data\experiments\tdc_code_density_cal_20260525\tdc_code_density_cal_a7_b11_formal_8mib_20260525.lane_b_lut.csv,5000,65,0.0017262948,0.00131229792,-1.63508939,1434.84422,2.63221449,7.78755995,-0.0998277285,-8,8,0.0017262948,-8,-0.0145361618,0.0145361618,0,data\hardware\20260511_fpga1_board1\tdc_sampler_data\analysis_tdc_sampler_data_random3_sample_x36y35_ro3_2mib\tdc_sampler_data_random3_sample_x36y35_ro3_2mib.tdc_packets.csv
tdc_sampler_data_random3_sample_x36y35_ro3_2mib,data\hardware\20260511_fpga1_board1\tdc_sampler_data\analysis_tdc_sampler_data_random3_sample_x36y35_ro3_2mib\tdc_sampler_data_random3_sample_x36y35_ro3_2mib.tdc_packets.csv,csv,14,229376,245759,16384,E:\Project\MLDSA\RO_TRNG\data\experiments\tdc_code_density_cal_20260525\tdc_code_density_cal_a7_b11_formal_8mib_20260525.lane_a_lut.csv,E:\Project\MLDSA\RO_TRNG\data\experiments\tdc_code_density_cal_20260525\tdc_code_density_cal_a7_b11_formal_8mib_20260525.lane_b_lut.csv,5000,65,0.0038864782,0.0028070928,-1.82307878,1430.37858,2.4442251,7.59957056,-0.0998277285,-8,8,0.0038864782,5,-0.0168648403,0.0168648403,0,data\hardware\20260511_fpga1_board1\tdc_sampler_data\analysis_tdc_sampler_data_random3_sample_x36y35_ro3_2mib\tdc_sampler_data_random3_sample_x36y35_ro3_2mib.tdc_packets.csv
tdc_sampler_data_random3_sample_x36y35_ro3_2mib,data\hardware\20260511_fpga1_board1\tdc_sampler_data\analysis_tdc_sampler_data_random3_sample_x36y35_ro3_2mib\tdc_sampler_data_random3_sample_x36y35_ro3_2mib.tdc_packets.csv,csv,15,245760,262142,16383,E:\Project\MLDSA\RO_TRNG\data\experiments\tdc_code_density_cal_20260525\tdc_code_density_cal_a7_b11_formal_8mib_20260525.lane_a_lut.csv,E:\Project\MLDSA\RO_TRNG\data\experiments\tdc_code_density_cal_20260525\tdc_code_density_cal_a7_b11_formal_8mib_20260525.lane_b_lut.csv,5000,65,-0.0075347381,-0.00865922084,-20.6212078,1441.69691,-16.353904,-11.1985585,-0.0998277285,-8,8,-0.0075347381,6,0.0124823389,0.0124823389,0,data\hardware\20260511_fpga1_board1\tdc_sampler_data\analysis_tdc_sampler_data_random3_sample_x36y35_ro3_2mib\tdc_sampler_data_random3_sample_x36y35_ro3_2mib.tdc_packets.csv
