label,seq,rand_bit,stage_xor_hex,snapshot64_hex,b00,b01,b02,b03,b04,b05,b06,b07,b08,b09,b10,b11,b12,b13,b14,b15,b16,b17,b18,b19,b20,b21,b22,b23,b24,b25,b26,b27,b28,b29,b30,b31,b32,b33,b34,b35,b36,b37,b38,b39,b40,b41,b42,b43,b44,b45,b46,b47,b48,b49,b50,b51,b52,b53,b54,b55,b56,b57,b58,b59,b60,b61,b62,b63,sx0,sx1,sx2,sx3,sx4,sx5,sx6,sx7
regs_only_warmup5_cap64_xpm_regress01,0,0,BD,83EDFD0226B5C3EC,0,0,1,1,0,1,1,1,1,1,0,0,0,0,1,1,1,0,1,0,1,1,0,1,0,1,1,0,0,1,0,0,0,1,0,0,0,0,0,0,1,0,1,1,1,1,1,1,1,0,1,1,0,1,1,1,1,1,0,0,0,0,0,1,1,0,1,1,1,1,0,1
regs_only_warmup5_cap64_xpm_regress01,1,0,2B,0AE4F209ADD24AAD,1,0,1,1,0,1,0,1,0,1,0,1,0,0,1,0,0,1,0,0,1,0,1,1,1,0,1,1,0,1,0,1,1,0,0,1,0,0,0,0,0,1,0,0,1,1,1,1,0,0,1,0,0,1,1,1,0,1,0,1,0,0,0,0,1,1,0,1,0,1,0,0
regs_only_warmup5_cap64_xpm_regress01,2,1,1A,48B71BC4F45A0EB7,1,1,1,0,1,1,0,1,0,1,1,1,0,0,0,0,0,1,0,1,1,0,1,0,0,0,1,0,1,1,1,1,0,0,1,0,0,0,1,1,1,1,0,1,1,0,0,0,1,1,1,0,1,1,0,1,0,0,0,1,0,0,1,0,0,1,0,1,1,0,0,0
regs_only_warmup5_cap64_xpm_regress01,3,1,1A,E17E5AC4FE11857E,0,1,1,1,1,1,1,0,1,0,1,0,0,0,0,1,1,0,0,0,1,0,0,0,0,1,1,1,1,1,1,1,0,0,1,0,0,0,1,1,0,1,0,1,1,0,1,0,0,1,1,1,1,1,1,0,1,0,0,0,0,1,1,1,0,1,0,1,1,0,0,0
regs_only_warmup5_cap64_xpm_regress01,4,0,3F,AC72D08F3BC4EC73,1,1,0,0,1,1,1,0,0,0,1,1,0,1,1,1,0,0,1,0,0,0,1,1,1,1,0,1,1,1,0,0,1,1,1,1,0,0,0,1,0,0,0,0,1,0,1,1,0,1,0,0,1,1,1,0,0,0,1,1,0,1,0,1,1,1,1,1,1,1,0,0
regs_only_warmup5_cap64_xpm_regress01,5,1,15,6FB18D2672CD6FB0,0,0,0,0,1,1,0,1,1,1,1,1,0,1,1,0,1,0,1,1,0,0,1,1,0,1,0,0,1,1,1,0,0,1,1,0,0,1,0,0,1,0,1,1,0,0,0,1,1,0,0,0,1,1,0,1,1,1,1,1,0,1,1,0,1,0,1,0,1,0,0,0
regs_only_warmup5_cap64_xpm_regress01,6,0,B2,67B88C61F98737D8,0,0,0,1,1,0,1,1,1,1,1,0,1,1,0,0,1,1,1,0,0,0,0,1,1,0,0,1,1,1,1,1,1,0,0,0,0,1,1,0,0,0,1,1,0,0,0,1,0,0,0,1,1,1,0,1,1,1,1,0,0,1,1,0,0,1,0,0,1,1,0,1
regs_only_warmup5_cap64_xpm_regress01,7,0,05,3CD747F9F90E3AD5,1,0,1,0,1,0,1,1,0,1,0,1,1,1,0,0,0,1,1,1,0,0,0,0,1,0,0,1,1,1,1,1,1,0,0,1,1,1,1,1,1,1,1,0,0,0,1,0,1,1,1,0,1,0,1,1,0,0,1,1,1,1,0,0,1,0,1,0,0,0,0,0
regs_only_warmup5_cap64_xpm_regress01,8,1,32,B15F4FB0964DF11E,0,1,1,1,1,0,0,0,1,0,0,0,1,1,1,1,1,0,1,1,0,0,1,0,0,1,1,0,1,0,0,1,0,0,0,0,1,1,0,1,1,1,1,1,0,0,1,0,1,1,1,1,1,0,1,0,1,0,0,0,1,1,0,1,0,1,0,0,1,1,0,0
regs_only_warmup5_cap64_xpm_regress01,9,0,6C,F00E80BB4FE0F00F,1,1,1,1,0,0,0,0,0,0,0,0,1,1,1,1,0,0,0,0,0,1,1,1,1,1,1,1,0,0,1,0,1,1,0,1,1,1,0,1,0,0,0,0,0,0,0,1,0,1,1,1,0,0,0,0,0,0,0,0,1,1,1,1,0,0,1,1,0,1,1,0
regs_only_warmup5_cap64_xpm_regress01,10,0,6A,5A85A17E46B83EC5,1,0,1,0,0,0,1,1,0,1,1,1,1,1,0,0,0,0,0,1,1,1,0,1,0,1,1,0,0,0,1,0,0,1,1,1,1,1,1,0,1,0,0,0,0,1,0,1,1,0,1,0,0,0,0,1,0,1,0,1,1,0,1,0,0,1,0,1,0,1,1,0
regs_only_warmup5_cap64_xpm_regress01,11,0,71,17C8F876843377C8,0,0,0,1,0,0,1,1,1,1,1,0,1,1,1,0,1,1,0,0,1,1,0,0,0,0,1,0,0,0,0,1,0,1,1,0,1,1,1,0,0,0,0,1,1,1,1,1,0,0,0,1,0,0,1,1,1,1,1,0,1,0,0,0,1,0,0,0,1,1,1,0
regs_only_warmup5_cap64_xpm_regress01,12,1,DF,1CC2729D89765E89,1,0,0,1,0,0,0,1,0,1,1,1,1,0,1,0,0,1,1,0,1,1,1,0,1,0,0,1,0,0,0,1,1,0,1,1,1,0,0,1,0,1,0,0,1,1,1,0,0,1,0,0,0,0,1,1,0,0,1,1,1,0,0,0,1,1,1,1,1,0,1,1
regs_only_warmup5_cap64_xpm_regress01,13,1,0E,DD033FD4407FCD03,1,1,0,0,0,0,0,0,1,0,1,1,0,0,1,1,1,1,1,1,1,1,1,0,0,0,0,0,0,0,1,0,0,0,1,0,1,0,1,1,1,1,1,1,1,1,0,0,1,1,0,0,0,0,0,0,1,0,1,1,1,0,1,1,0,1,1,1,0,0,0,0
regs_only_warmup5_cap64_xpm_regress01,14,0,56,C52AFC434BB5856A,0,1,0,1,0,1,1,0,1,0,1,0,0,0,0,1,1,0,1,0,1,1,0,1,1,1,0,1,0,0,1,0,1,1,0,0,0,0,1,0,0,0,1,1,1,1,1,1,0,1,0,1,0,1,0,0,1,0,1,0,0,0,1,1,0,1,1,0,1,0,1,0
regs_only_warmup5_cap64_xpm_regress01,15,0,9F,0EF5F50B2FF44AE5,1,0,1,0,0,1,1,1,0,1,0,1,0,0,1,0,0,0,1,0,1,1,1,1,1,1,1,1,0,1,0,0,1,1,0,1,0,0,0,0,1,0,1,0,1,1,1,1,1,0,1,0,1,1,1,1,0,1,1,1,0,0,0,0,1,1,1,1,1,0,0,1
regs_only_warmup5_cap64_xpm_regress01,16,0,30,4BBDFD02B45F4BB4,0,0,1,0,1,1,0,1,1,1,0,1,0,0,1,0,1,1,1,1,1,0,1,0,0,0,1,0,1,1,0,1,0,1,0,0,0,0,0,0,1,0,1,1,1,1,1,1,1,0,1,1,1,1,0,1,1,1,0,1,0,0,1,0,0,0,0,0,1,1,0,0
regs_only_warmup5_cap64_xpm_regress01,17,0,9C,C2BE3AC1FD0282FC,0,0,1,1,1,1,1,1,0,1,0,0,0,0,0,1,0,1,0,0,0,0,0,0,1,0,1,1,1,1,1,1,1,0,0,0,0,0,1,1,0,1,0,1,1,1,0,0,0,1,1,1,1,1,0,1,0,1,0,0,0,0,1,1,0,0,1,1,1,0,0,1
regs_only_warmup5_cap64_xpm_regress01,18,0,AA,A87743CC7C0A8C77,1,1,1,0,1,1,1,0,0,0,1,1,0,0,0,1,0,1,0,1,0,0,0,0,0,0,1,1,1,1,1,0,0,0,1,1,0,0,1,1,1,1,0,0,0,0,1,0,1,1,1,0,1,1,1,0,0,0,0,1,0,1,0,1,0,1,0,1,0,1,0,1
regs_only_warmup5_cap64_xpm_regress01,19,1,62,A57AC80636C9E53A,0,1,0,1,1,1,0,0,1,0,1,0,0,1,1,1,1,0,0,1,0,0,1,1,0,1,1,0,1,1,0,0,0,1,1,0,0,0,0,0,0,0,0,1,0,0,1,1,0,1,0,1,1,1,1,0,1,0,1,0,0,1,0,1,0,1,0,0,0,1,1,0
regs_only_warmup5_cap64_xpm_regress01,20,0,24,66B8803F7BC474BB,1,1,0,1,1,1,0,1,0,0,1,0,1,1,1,0,0,0,1,0,0,0,1,1,1,1,0,1,1,1,1,0,1,1,1,1,1,1,0,0,0,0,0,0,0,0,0,1,0,0,0,1,1,1,0,1,0,1,1,0,0,1,1,0,0,0,1,0,0,1,0,0
regs_only_warmup5_cap64_xpm_regress01,21,0,81,7FB1057EF00F3FF1,1,0,0,0,1,1,1,1,1,1,1,1,1,1,0,0,1,1,1,1,0,0,0,0,0,0,0,0,1,1,1,1,0,1,1,1,1,1,1,0,1,0,1,0,0,0,0,0,1,0,0,0,1,1,0,1,1,1,1,1,1,1,1,0,1,0,0,0,0,0,0,1
regs_only_warmup5_cap64_xpm_regress01,22,0,14,B7CA4EF1B107B7D8,0,0,0,1,1,0,1,1,1,1,1,0,1,1,0,1,1,1,1,0,0,0,0,0,1,0,0,0,1,1,0,1,1,0,0,0,1,1,1,1,0,1,1,1,0,0,1,0,0,1,0,1,0,0,1,1,1,1,1,0,1,1,0,1,0,0,1,0,1,0,0,0
regs_only_warmup5_cap64_xpm_regress01,23,0,9A,BC4747B90DC6F80F,1,1,1,1,0,0,0,0,0,0,0,1,1,1,1,1,0,1,1,0,0,0,1,1,1,0,1,1,0,0,0,0,1,0,0,1,1,1,0,1,1,1,1,0,0,0,1,0,1,1,1,0,0,0,1,0,0,0,1,1,1,1,0,1,0,1,0,1,1,0,0,1
regs_only_warmup5_cap64_xpm_regress01,24,1,4C,F9078D7246FDF906,0,1,1,0,0,0,0,0,1,0,0,1,1,1,1,1,1,0,1,1,1,1,1,1,0,1,1,0,0,0,1,0,0,1,0,0,1,1,1,0,1,0,1,1,0,0,0,1,1,1,1,0,0,0,0,0,1,0,0,1,1,1,1,1,0,0,1,1,0,0,1,0
regs_only_warmup5_cap64_xpm_regress01,25,1,73,728C9873CFB131CE,0,1,1,1,0,0,1,1,1,0,0,0,1,1,0,0,1,0,0,0,1,1,0,1,1,1,1,1,0,0,1,1,1,1,0,0,1,1,1,0,0,0,0,1,1,0,0,1,0,0,1,1,0,0,0,1,0,1,0,0,1,1,1,0,1,1,0,0,1,1,1,0
regs_only_warmup5_cap64_xpm_regress01,26,0,9C,1AC5713E8C327EC5,1,0,1,0,0,0,1,1,0,1,1,1,1,1,1,0,0,1,0,0,1,1,0,0,0,0,1,1,0,0,0,1,0,1,1,1,1,1,0,0,1,0,0,0,1,1,1,0,1,0,1,0,0,0,1,1,0,1,0,1,1,0,0,0,0,0,1,1,1,0,0,1
regs_only_warmup5_cap64_xpm_regress01,27,0,71,9F407AA4847BCF80,0,0,0,0,0,0,0,1,1,1,1,1,0,0,1,1,1,1,0,1,1,1,1,0,0,0,1,0,0,0,0,1,0,0,1,0,0,1,0,1,0,1,0,1,1,1,1,0,0,0,0,0,0,0,1,0,1,1,1,1,1,0,0,1,1,0,0,0,1,1,1,0
regs_only_warmup5_cap64_xpm_regress01,28,0,88,C40A3AC549F6844B,1,1,0,1,0,0,1,0,0,0,1,0,0,0,0,1,0,1,1,0,1,1,1,1,1,0,0,1,0,0,1,0,1,0,1,0,0,0,1,1,0,1,0,1,1,1,0,0,0,1,0,1,0,0,0,0,0,0,1,0,0,0,1,1,0,0,0,1,0,0,0,1
regs_only_warmup5_cap64_xpm_regress01,29,0,AF,CD53F74E4ABC8C73,1,1,0,0,1,1,1,0,0,0,1,1,0,0,0,1,0,0,1,1,1,1,0,1,0,1,0,1,0,0,1,0,0,1,1,1,0,0,1,0,1,1,1,0,1,1,1,1,1,1,0,0,1,0,1,0,1,0,1,1,0,0,1,1,1,1,1,1,0,1,0,1
regs_only_warmup5_cap64_xpm_regress01,30,1,C4,07F8FC0393FD41FA,0,1,0,1,1,1,1,1,1,0,0,0,0,0,1,0,1,0,1,1,1,1,1,1,1,1,0,0,1,0,0,1,1,1,0,0,0,0,0,0,0,0,1,1,1,1,1,1,0,0,0,1,1,1,1,1,1,1,1,0,0,0,0,0,0,0,1,0,0,0,1,1
regs_only_warmup5_cap64_xpm_regress01,31,0,E8,46BC348BFD6642BD,1,0,1,1,1,1,0,1,0,1,0,0,0,0,1,0,0,1,1,0,0,1,1,0,1,0,1,1,1,1,1,1,1,1,0,1,0,0,0,1,0,0,1,0,1,1,0,0,0,0,1,1,1,1,0,1,0,1,1,0,0,0,1,0,0,0,0,1,0,1,1,1
regs_only_warmup5_cap64_xpm_regress01,32,1,98,CB3527C8F40F8B74,0,0,1,0,1,1,1,0,1,1,0,1,0,0,0,1,1,1,1,1,0,0,0,0,0,0,1,0,1,1,1,1,0,0,0,1,0,0,1,1,1,1,1,0,0,1,0,0,1,0,1,0,1,1,0,0,1,1,0,1,0,0,1,1,0,0,0,1,1,0,0,1
regs_only_warmup5_cap64_xpm_regress01,33,1,86,807ECAC53583917E,0,1,1,1,1,1,1,0,1,0,0,0,1,0,0,1,1,1,0,0,0,0,0,1,1,0,1,0,1,1,0,0,1,0,1,0,0,0,1,1,0,1,0,1,0,0,1,1,0,1,1,1,1,1,1,0,0,0,0,0,0,0,0,1,0,1,1,0,0,0,0,1
regs_only_warmup5_cap64_xpm_regress01,34,1,02,B877C31D3FC0DC3F,1,1,1,1,1,1,0,0,0,0,1,1,1,0,1,1,0,0,0,0,0,0,1,1,1,1,1,1,1,1,0,0,1,0,1,1,1,0,0,0,1,1,0,0,0,0,1,1,1,1,1,0,1,1,1,0,0,0,0,1,1,1,0,1,0,1,0,0,0,0,0,0
regs_only_warmup5_cap64_xpm_regress01,35,1,B0,7FB18976F6C97DB2,0,1,0,0,1,1,0,1,1,0,1,1,1,1,1,0,1,0,0,1,0,0,1,1,0,1,1,0,1,1,1,1,0,1,1,0,1,1,1,0,1,0,0,1,0,0,0,1,1,0,0,0,1,1,0,1,1,1,1,1,1,1,1,0,0,0,0,0,1,1,0,1
regs_only_warmup5_cap64_xpm_regress01,36,0,F9,76A808F7FB0636E9,1,0,0,1,0,1,1,1,0,1,1,0,1,1,0,0,0,1,1,0,0,0,0,0,1,1,0,1,1,1,1,1,1,1,1,0,1,1,1,1,0,0,0,1,0,0,0,0,0,0,0,1,0,1,0,1,0,1,1,0,1,1,1,0,1,0,0,1,1,1,1,1
regs_only_warmup5_cap64_xpm_regress01,37,0,5A,BE6147BCA81EFE41,1,0,0,0,0,0,1,0,0,1,1,1,1,1,1,1,0,1,1,1,1,0,0,0,0,0,0,1,0,1,0,1,0,0,1,1,1,1,0,1,1,1,1,0,0,0,1,0,1,0,0,0,0,1,1,0,0,1,1,1,1,1,0,1,0,1,0,1,1,0,1,0
regs_only_warmup5_cap64_xpm_regress01,38,1,7F,BD4ACEB020DFFB02,0,1,0,0,0,0,0,0,1,1,0,1,1,1,1,1,1,1,1,1,1,0,1,1,0,0,0,0,0,1,0,0,0,0,0,0,1,1,0,1,0,1,1,1,0,0,1,1,0,1,0,1,0,0,1,0,1,0,1,1,1,1,0,1,1,1,1,1,1,1,1,0
regs_only_warmup5_cap64_xpm_regress01,39,0,2B,748E9E714FD4B08F,1,1,1,1,0,0,0,1,0,0,0,0,1,1,0,1,0,0,1,0,1,0,1,1,1,1,1,1,0,0,1,0,1,0,0,0,1,1,1,0,0,1,1,1,1,0,0,1,0,1,1,1,0,0,0,1,0,0,1,0,1,1,1,0,1,1,0,1,0,1,0,0
regs_only_warmup5_cap64_xpm_regress01,40,1,BA,79C5D57ACEBD29C6,0,1,1,0,0,0,1,1,1,0,0,1,0,1,0,0,1,0,1,1,1,1,0,1,0,1,1,1,0,0,1,1,0,1,0,1,1,1,1,0,1,0,1,0,1,0,1,1,1,0,1,0,0,0,1,1,1,0,0,1,1,1,1,0,0,1,0,1,1,1,0,1
regs_only_warmup5_cap64_xpm_regress01,41,0,14,03CC78A7877963CC,0,0,1,1,0,0,1,1,1,1,0,0,0,1,1,0,1,0,0,1,1,1,1,0,1,1,1,0,0,0,0,1,1,1,1,0,0,1,0,1,0,0,0,1,1,1,1,0,0,0,1,1,0,0,1,1,1,1,0,0,0,0,0,0,0,0,1,0,1,0,0,0
regs_only_warmup5_cap64_xpm_regress01,42,1,9B,C21D33ADCD72E60D,1,0,1,1,0,0,0,0,0,1,1,0,0,1,1,1,0,1,0,0,1,1,1,0,1,0,1,1,0,0,1,1,1,0,1,1,0,1,0,1,1,1,0,0,1,1,0,0,1,0,1,1,1,0,0,0,0,1,0,0,0,0,1,1,1,1,0,1,1,0,0,1
regs_only_warmup5_cap64_xpm_regress01,43,1,EA,CD13B3CC54BB8F50,0,0,0,0,1,0,1,0,1,1,1,1,0,0,0,1,1,1,0,1,1,1,0,1,0,0,1,0,1,0,1,0,0,0,1,1,0,0,1,1,1,1,0,0,1,1,0,1,1,1,0,0,1,0,0,0,1,0,1,1,0,0,1,1,0,1,0,1,0,1,1,1
regs_only_warmup5_cap64_xpm_regress01,44,1,D6,04DAFA4553A404DB,1,1,0,1,1,0,1,1,0,0,1,0,0,0,0,0,0,0,1,0,0,1,0,1,1,1,0,0,1,0,1,0,1,0,1,0,0,0,1,0,0,1,0,1,1,1,1,1,0,1,0,1,1,0,1,1,0,0,1,0,0,0,0,0,0,1,1,0,1,0,1,1
regs_only_warmup5_cap64_xpm_regress01,45,0,72,0CD3E50E9AE44CBB,1,1,0,1,1,1,0,1,0,0,1,1,0,0,1,0,0,0,1,0,0,1,1,1,0,1,0,1,1,0,0,1,0,1,1,1,0,0,0,0,1,0,1,0,0,1,1,1,1,1,0,0,1,0,1,1,0,0,1,1,0,0,0,0,0,1,0,0,1,1,1,0
regs_only_warmup5_cap64_xpm_regress01,46,0,ED,4FB02C82F26D4BB0,0,0,0,0,1,1,0,1,1,1,0,1,0,0,1,0,1,0,1,1,0,1,1,0,0,1,0,0,1,1,1,1,0,1,0,0,0,0,0,1,0,0,1,1,0,1,0,0,0,0,0,0,1,1,0,1,1,1,1,1,0,0,1,0,1,0,1,1,0,1,1,1
regs_only_warmup5_cap64_xpm_regress01,47,1,AE,C23C2CD1FD26927D,1,0,1,1,1,1,1,0,0,1,0,0,1,0,0,1,0,1,1,0,0,1,0,0,1,0,1,1,1,1,1,1,1,0,0,0,1,0,1,1,0,0,1,1,0,1,0,0,0,0,1,1,1,1,0,0,0,1,0,0,0,0,1,1,0,1,1,1,0,1,0,1
regs_only_warmup5_cap64_xpm_regress01,48,0,05,9977E7D83C83DB75,1,0,1,0,1,1,1,0,1,1,0,1,1,0,1,1,1,1,0,0,0,0,0,1,0,0,1,1,1,1,0,0,0,0,0,1,1,0,1,1,1,1,1,0,0,1,1,1,1,1,1,0,1,1,1,0,1,0,0,1,1,0,0,1,1,0,1,0,0,0,0,0
regs_only_warmup5_cap64_xpm_regress01,49,0,59,39E6CA1537C959B6,0,1,1,0,1,1,0,1,1,0,0,1,1,0,1,0,1,0,0,1,0,0,1,1,1,1,1,0,1,1,0,0,1,0,1,0,1,0,0,0,0,1,0,1,0,0,1,1,0,1,1,0,0,1,1,1,1,0,0,1,1,1,0,0,1,0,0,1,1,0,1,0
regs_only_warmup5_cap64_xpm_regress01,50,0,BE,70AF8957EF4034AF,1,1,1,1,0,1,0,1,0,0,1,0,1,1,0,0,0,0,0,0,0,0,1,0,1,1,1,1,0,1,1,1,1,1,1,0,1,0,1,0,1,0,0,1,0,0,0,1,1,1,1,1,0,1,0,1,0,0,0,0,1,1,1,0,0,1,1,1,1,1,0,1
regs_only_warmup5_cap64_xpm_regress01,51,1,97,7FE141FEEE19BFE0,0,0,0,0,0,1,1,1,1,1,1,1,1,1,0,1,1,0,0,1,1,0,0,0,0,1,1,1,0,1,1,1,0,1,1,1,1,1,1,1,1,0,0,0,0,0,1,0,1,0,0,0,0,1,1,1,1,1,1,1,1,1,1,0,1,1,1,0,1,0,0,1
regs_only_warmup5_cap64_xpm_regress01,52,0,C5,B6685CB7215EF668,0,0,0,1,0,1,1,0,0,1,1,0,1,1,1,1,0,1,1,1,1,0,1,0,1,0,0,0,0,1,0,0,1,1,1,0,1,1,0,1,0,0,1,1,1,0,1,0,0,0,0,1,0,1,1,0,0,1,1,0,1,1,0,1,1,0,1,0,0,0,1,1
regs_only_warmup5_cap64_xpm_regress01,53,0,E4,F40B973C28D6F609,1,0,0,1,0,0,0,0,0,1,1,0,1,1,1,1,0,1,1,0,1,0,1,1,0,0,0,1,0,1,0,0,0,0,1,1,1,1,0,0,1,1,1,0,1,0,0,1,1,1,0,1,0,0,0,0,0,0,1,0,1,1,1,1,0,0,1,0,0,1,1,1
regs_only_warmup5_cap64_xpm_regress01,54,1,1A,7D829668409F29C6,0,1,1,0,0,0,1,1,1,0,0,1,0,1,0,0,1,1,1,1,1,0,0,1,0,0,0,0,0,0,1,0,0,0,0,1,0,1,1,0,0,1,1,0,1,0,0,1,0,1,0,0,0,0,0,1,1,0,1,1,1,1,1,0,0,1,0,1,1,0,0,0
regs_only_warmup5_cap64_xpm_regress01,55,1,EA,20CEDC63C73C20CF,1,1,1,1,0,0,1,1,0,0,0,0,0,1,0,0,0,0,1,1,1,1,0,0,1,1,1,0,0,0,1,1,1,1,0,0,0,1,1,0,0,0,1,1,1,0,1,1,0,1,1,1,0,0,1,1,0,0,0,0,0,1,0,0,0,1,0,1,0,1,1,1
regs_only_warmup5_cap64_xpm_regress01,56,0,C0,ABD555AA8E71EB9F,1,1,1,1,1,0,0,1,1,1,0,1,0,1,1,1,1,0,0,0,1,1,1,0,0,1,1,1,0,0,0,1,0,1,0,1,0,1,0,1,1,0,1,0,1,0,1,0,1,0,1,0,1,0,1,1,1,1,0,1,0,1,0,1,0,0,0,0,0,0,1,1
regs_only_warmup5_cap64_xpm_regress01,57,1,A4,CB1438AF55FBEB14,0,0,1,0,1,0,0,0,1,1,0,1,0,1,1,1,1,1,0,1,1,1,1,1,1,0,1,0,1,0,1,0,1,1,1,1,0,1,0,1,0,0,0,1,1,1,0,0,0,0,1,0,1,0,0,0,1,1,0,1,0,0,1,1,0,0,1,0,0,1,0,1
regs_only_warmup5_cap64_xpm_regress01,58,0,CF,C21FBB655DA2865D,1,0,1,1,1,0,1,0,0,1,1,0,0,0,0,1,0,1,0,0,0,1,0,1,1,0,1,1,1,0,1,0,1,0,1,0,0,1,1,0,1,1,0,1,1,1,0,1,1,1,1,1,1,0,0,0,0,1,0,0,0,0,1,1,1,1,1,1,0,0,1,1
regs_only_warmup5_cap64_xpm_regress01,59,0,F0,0DD3E34C18A34DD2,0,1,0,0,1,0,1,1,1,0,1,1,0,0,1,0,1,1,0,0,0,1,0,1,0,0,0,1,1,0,0,0,0,0,1,1,0,0,1,0,1,1,0,0,0,1,1,1,1,1,0,0,1,0,1,1,1,0,1,1,0,0,0,0,0,0,0,0,1,1,1,1
regs_only_warmup5_cap64_xpm_regress01,60,1,16,0CD26C07936D5DB2,0,1,0,0,1,1,0,1,1,0,1,1,1,0,1,0,1,0,1,1,0,1,1,0,1,1,0,0,1,0,0,1,1,1,1,0,0,0,0,0,0,0,1,1,0,1,1,0,0,1,0,0,1,0,1,1,0,0,1,1,0,0,0,0,0,1,1,0,1,0,0,0
regs_only_warmup5_cap64_xpm_regress01,61,1,DC,D6B92DD6DA64D4BB,1,1,0,1,1,1,0,1,0,0,1,0,1,0,1,1,0,0,1,0,0,1,1,0,0,1,0,1,1,0,1,1,0,1,1,0,1,0,1,1,1,0,1,1,0,1,0,0,1,0,0,1,1,1,0,1,0,1,1,0,1,0,1,1,0,0,1,1,1,0,1,1
regs_only_warmup5_cap64_xpm_regress01,62,0,B2,DF3025DA78AF9B74,0,0,1,0,1,1,1,0,1,1,0,1,1,0,0,1,1,1,1,1,0,1,0,1,0,0,0,1,1,1,1,0,0,1,0,1,1,0,1,1,1,0,1,0,0,1,0,0,0,0,0,0,1,1,0,0,1,1,1,1,1,0,1,1,0,1,0,0,1,1,0,1
regs_only_warmup5_cap64_xpm_regress01,63,1,85,926CEE1135CED26D,1,0,1,1,0,1,1,0,0,1,0,0,1,0,1,1,0,1,1,1,0,0,1,1,1,0,1,0,1,1,0,0,1,0,0,0,1,0,0,0,0,1,1,1,0,1,1,1,0,0,1,1,0,1,1,0,0,1,0,0,1,0,0,1,1,0,1,0,0,0,0,1
