label,warmup,window_start,window_end_exclusive,window_bytes,p1,abs_bias,row_ones_mean,row_ones_std,row_ones_min,row_ones_max,ones,zeros,input
random1_sampler_regs_only_restart_auto_formal_bits_1000x125_warmup10_header_delay60s_passband01_20260524,10,0,32,32,0.498378906,0.001621094,127.585000000,8.077052371,101,153,127585,128415,E:\Project\MLDSA\RO_TRNG\data\hardware\20260511_fpga1_board1\restart\random1_sampler_regs_only_restart_auto_formal_bits_1000x125_warmup10_header_delay60s_passband01_20260524.bin
random1_sampler_regs_only_restart_auto_formal_bits_1000x125_warmup10_header_delay60s_passband01_20260524,10,32,64,32,0.499281250,0.000718750,127.816000000,8.043266998,107,157,127816,128184,E:\Project\MLDSA\RO_TRNG\data\hardware\20260511_fpga1_board1\restart\random1_sampler_regs_only_restart_auto_formal_bits_1000x125_warmup10_header_delay60s_passband01_20260524.bin
random1_sampler_regs_only_restart_auto_formal_bits_1000x125_warmup10_header_delay60s_passband01_20260524,10,64,96,32,0.500636719,0.000636719,128.163000000,7.891668455,103,155,128163,127837,E:\Project\MLDSA\RO_TRNG\data\hardware\20260511_fpga1_board1\restart\random1_sampler_regs_only_restart_auto_formal_bits_1000x125_warmup10_header_delay60s_passband01_20260524.bin
random1_sampler_regs_only_restart_auto_formal_bits_1000x125_warmup10_header_delay60s_passband01_20260524,10,96,125,29,0.498318966,0.001681034,115.610000000,7.826231532,92,137,115610,116390,E:\Project\MLDSA\RO_TRNG\data\hardware\20260511_fpga1_board1\restart\random1_sampler_regs_only_restart_auto_formal_bits_1000x125_warmup10_header_delay60s_passband01_20260524.bin
random1_sampler_regs_only_restart_auto_formal_bits_1000x125_warmup10_header_delay60s_passband01_20260524,10,0,125,125,0.499174000,0.000826000,499.174000000,16.268673087,446,548,499174,500826,E:\Project\MLDSA\RO_TRNG\data\hardware\20260511_fpga1_board1\restart\random1_sampler_regs_only_restart_auto_formal_bits_1000x125_warmup10_header_delay60s_passband01_20260524.bin
random1_sampler_regs_only_restart_auto_formal_bits_1000x125_warmup10_header_delay60s_repeat02_20260524,10,0,32,32,0.500070313,0.000070313,128.018000000,8.000729717,102,152,128018,127982,E:\Project\MLDSA\RO_TRNG\data\hardware\20260511_fpga1_board1\restart\random1_sampler_regs_only_restart_auto_formal_bits_1000x125_warmup10_header_delay60s_repeat02_20260524.bin
random1_sampler_regs_only_restart_auto_formal_bits_1000x125_warmup10_header_delay60s_repeat02_20260524,10,32,64,32,0.499535156,0.000464844,127.881000000,7.989420442,100,154,127881,128119,E:\Project\MLDSA\RO_TRNG\data\hardware\20260511_fpga1_board1\restart\random1_sampler_regs_only_restart_auto_formal_bits_1000x125_warmup10_header_delay60s_repeat02_20260524.bin
random1_sampler_regs_only_restart_auto_formal_bits_1000x125_warmup10_header_delay60s_repeat02_20260524,10,64,96,32,0.501441406,0.001441406,128.369000000,7.561801307,106,156,128369,127631,E:\Project\MLDSA\RO_TRNG\data\hardware\20260511_fpga1_board1\restart\random1_sampler_regs_only_restart_auto_formal_bits_1000x125_warmup10_header_delay60s_repeat02_20260524.bin
random1_sampler_regs_only_restart_auto_formal_bits_1000x125_warmup10_header_delay60s_repeat02_20260524,10,96,125,29,0.498922414,0.001077586,115.750000000,7.584820367,91,144,115750,116250,E:\Project\MLDSA\RO_TRNG\data\hardware\20260511_fpga1_board1\restart\random1_sampler_regs_only_restart_auto_formal_bits_1000x125_warmup10_header_delay60s_repeat02_20260524.bin
random1_sampler_regs_only_restart_auto_formal_bits_1000x125_warmup10_header_delay60s_repeat02_20260524,10,0,125,125,0.500018000,0.000018000,500.018000000,15.953108663,449,554,500018,499982,E:\Project\MLDSA\RO_TRNG\data\hardware\20260511_fpga1_board1\restart\random1_sampler_regs_only_restart_auto_formal_bits_1000x125_warmup10_header_delay60s_repeat02_20260524.bin
random1_sampler_regs_only_restart_auto_formal_bits_1000x125_warmup11_header_delay60s_edge01_20260524,11,0,32,32,0.555085938,0.055085938,142.102000000,11.504764057,107,193,142102,113898,E:\Project\MLDSA\RO_TRNG\data\hardware\20260511_fpga1_board1\restart\random1_sampler_regs_only_restart_auto_formal_bits_1000x125_warmup11_header_delay60s_edge01_20260524.bin
random1_sampler_regs_only_restart_auto_formal_bits_1000x125_warmup11_header_delay60s_edge01_20260524,11,32,64,32,0.560203125,0.060203125,143.412000000,12.107528897,112,186,143412,112588,E:\Project\MLDSA\RO_TRNG\data\hardware\20260511_fpga1_board1\restart\random1_sampler_regs_only_restart_auto_formal_bits_1000x125_warmup11_header_delay60s_edge01_20260524.bin
random1_sampler_regs_only_restart_auto_formal_bits_1000x125_warmup11_header_delay60s_edge01_20260524,11,64,96,32,0.561925781,0.061925781,143.853000000,12.031682800,103,191,143853,112147,E:\Project\MLDSA\RO_TRNG\data\hardware\20260511_fpga1_board1\restart\random1_sampler_regs_only_restart_auto_formal_bits_1000x125_warmup11_header_delay60s_edge01_20260524.bin
random1_sampler_regs_only_restart_auto_formal_bits_1000x125_warmup11_header_delay60s_edge01_20260524,11,96,125,29,0.559668103,0.059668103,129.843000000,10.348833316,98,167,129843,102157,E:\Project\MLDSA\RO_TRNG\data\hardware\20260511_fpga1_board1\restart\random1_sampler_regs_only_restart_auto_formal_bits_1000x125_warmup11_header_delay60s_edge01_20260524.bin
random1_sampler_regs_only_restart_auto_formal_bits_1000x125_warmup11_header_delay60s_edge01_20260524,11,0,125,125,0.559210000,0.059210000,559.210000000,32.520299814,470,688,559210,440790,E:\Project\MLDSA\RO_TRNG\data\hardware\20260511_fpga1_board1\restart\random1_sampler_regs_only_restart_auto_formal_bits_1000x125_warmup11_header_delay60s_edge01_20260524.bin
random1_sampler_regs_only_restart_auto_formal_bits_1000x125_warmup11_header_delay60s_repeat02_20260524,11,0,32,32,0.554558594,0.054558594,141.967000000,11.552744739,111,190,141967,114033,E:\Project\MLDSA\RO_TRNG\data\hardware\20260511_fpga1_board1\restart\random1_sampler_regs_only_restart_auto_formal_bits_1000x125_warmup11_header_delay60s_repeat02_20260524.bin
random1_sampler_regs_only_restart_auto_formal_bits_1000x125_warmup11_header_delay60s_repeat02_20260524,11,32,64,32,0.557726562,0.057726562,142.778000000,11.936612417,113,182,142778,113222,E:\Project\MLDSA\RO_TRNG\data\hardware\20260511_fpga1_board1\restart\random1_sampler_regs_only_restart_auto_formal_bits_1000x125_warmup11_header_delay60s_repeat02_20260524.bin
random1_sampler_regs_only_restart_auto_formal_bits_1000x125_warmup11_header_delay60s_repeat02_20260524,11,64,96,32,0.562410156,0.062410156,143.977000000,11.991600018,111,193,143977,112023,E:\Project\MLDSA\RO_TRNG\data\hardware\20260511_fpga1_board1\restart\random1_sampler_regs_only_restart_auto_formal_bits_1000x125_warmup11_header_delay60s_repeat02_20260524.bin
random1_sampler_regs_only_restart_auto_formal_bits_1000x125_warmup11_header_delay60s_repeat02_20260524,11,96,125,29,0.560702586,0.060702586,130.083000000,11.126999191,97,164,130083,101917,E:\Project\MLDSA\RO_TRNG\data\hardware\20260511_fpga1_board1\restart\random1_sampler_regs_only_restart_auto_formal_bits_1000x125_warmup11_header_delay60s_repeat02_20260524.bin
random1_sampler_regs_only_restart_auto_formal_bits_1000x125_warmup11_header_delay60s_repeat02_20260524,11,0,125,125,0.558805000,0.058805000,558.805000000,32.888949132,476,701,558805,441195,E:\Project\MLDSA\RO_TRNG\data\hardware\20260511_fpga1_board1\restart\random1_sampler_regs_only_restart_auto_formal_bits_1000x125_warmup11_header_delay60s_repeat02_20260524.bin
random1_sampler_regs_only_restart_auto_formal_bits_1000x125_warmup4_header_delay60s_repeat02_20260524,4,0,32,32,0.405292969,0.094707031,103.755000000,8.850478801,77,128,103755,152245,E:\Project\MLDSA\RO_TRNG\data\hardware\20260511_fpga1_board1\restart\random1_sampler_regs_only_restart_auto_formal_bits_1000x125_warmup4_header_delay60s_repeat02_20260524.bin
random1_sampler_regs_only_restart_auto_formal_bits_1000x125_warmup4_header_delay60s_repeat02_20260524,4,32,64,32,0.408589844,0.091410156,104.599000000,8.624859361,80,131,104599,151401,E:\Project\MLDSA\RO_TRNG\data\hardware\20260511_fpga1_board1\restart\random1_sampler_regs_only_restart_auto_formal_bits_1000x125_warmup4_header_delay60s_repeat02_20260524.bin
random1_sampler_regs_only_restart_auto_formal_bits_1000x125_warmup4_header_delay60s_repeat02_20260524,4,64,96,32,0.405812500,0.094187500,103.888000000,8.749368892,76,132,103888,152112,E:\Project\MLDSA\RO_TRNG\data\hardware\20260511_fpga1_board1\restart\random1_sampler_regs_only_restart_auto_formal_bits_1000x125_warmup4_header_delay60s_repeat02_20260524.bin
random1_sampler_regs_only_restart_auto_formal_bits_1000x125_warmup4_header_delay60s_repeat02_20260524,4,96,125,29,0.408883621,0.091116379,94.861000000,8.180567156,63,121,94861,137139,E:\Project\MLDSA\RO_TRNG\data\hardware\20260511_fpga1_board1\restart\random1_sampler_regs_only_restart_auto_formal_bits_1000x125_warmup4_header_delay60s_repeat02_20260524.bin
random1_sampler_regs_only_restart_auto_formal_bits_1000x125_warmup4_header_delay60s_repeat02_20260524,4,0,125,125,0.407103000,0.092897000,407.103000000,17.101356408,356,473,407103,592897,E:\Project\MLDSA\RO_TRNG\data\hardware\20260511_fpga1_board1\restart\random1_sampler_regs_only_restart_auto_formal_bits_1000x125_warmup4_header_delay60s_repeat02_20260524.bin
random1_sampler_regs_only_restart_auto_formal_bits_1000x125_warmup4_header_delay60s_sweep01_20260524,4,0,32,32,0.408867188,0.091132812,104.670000000,8.819586158,81,132,104670,151330,E:\Project\MLDSA\RO_TRNG\data\hardware\20260511_fpga1_board1\restart\random1_sampler_regs_only_restart_auto_formal_bits_1000x125_warmup4_header_delay60s_sweep01_20260524.bin
random1_sampler_regs_only_restart_auto_formal_bits_1000x125_warmup4_header_delay60s_sweep01_20260524,4,32,64,32,0.406199219,0.093800781,103.987000000,8.697173736,76,132,103987,152013,E:\Project\MLDSA\RO_TRNG\data\hardware\20260511_fpga1_board1\restart\random1_sampler_regs_only_restart_auto_formal_bits_1000x125_warmup4_header_delay60s_sweep01_20260524.bin
random1_sampler_regs_only_restart_auto_formal_bits_1000x125_warmup4_header_delay60s_sweep01_20260524,4,64,96,32,0.409390625,0.090609375,104.804000000,8.509617148,79,134,104804,151196,E:\Project\MLDSA\RO_TRNG\data\hardware\20260511_fpga1_board1\restart\random1_sampler_regs_only_restart_auto_formal_bits_1000x125_warmup4_header_delay60s_sweep01_20260524.bin
random1_sampler_regs_only_restart_auto_formal_bits_1000x125_warmup4_header_delay60s_sweep01_20260524,4,96,125,29,0.407366379,0.092633621,94.509000000,8.540369957,59,121,94509,137491,E:\Project\MLDSA\RO_TRNG\data\hardware\20260511_fpga1_board1\restart\random1_sampler_regs_only_restart_auto_formal_bits_1000x125_warmup4_header_delay60s_sweep01_20260524.bin
random1_sampler_regs_only_restart_auto_formal_bits_1000x125_warmup4_header_delay60s_sweep01_20260524,4,0,125,125,0.407970000,0.092030000,407.970000000,16.708653447,339,473,407970,592030,E:\Project\MLDSA\RO_TRNG\data\hardware\20260511_fpga1_board1\restart\random1_sampler_regs_only_restart_auto_formal_bits_1000x125_warmup4_header_delay60s_sweep01_20260524.bin
random1_sampler_regs_only_restart_auto_formal_bits_1000x125_warmup5_header_delay60s_edge01_20260524,5,0,32,32,0.497484375,0.002515625,127.356000000,8.039108408,101,151,127356,128644,E:\Project\MLDSA\RO_TRNG\data\hardware\20260511_fpga1_board1\restart\random1_sampler_regs_only_restart_auto_formal_bits_1000x125_warmup5_header_delay60s_edge01_20260524.bin
random1_sampler_regs_only_restart_auto_formal_bits_1000x125_warmup5_header_delay60s_edge01_20260524,5,32,64,32,0.497023437,0.002976563,127.238000000,8.196545370,103,157,127238,128762,E:\Project\MLDSA\RO_TRNG\data\hardware\20260511_fpga1_board1\restart\random1_sampler_regs_only_restart_auto_formal_bits_1000x125_warmup5_header_delay60s_edge01_20260524.bin
random1_sampler_regs_only_restart_auto_formal_bits_1000x125_warmup5_header_delay60s_edge01_20260524,5,64,96,32,0.498554687,0.001445313,127.630000000,7.835630160,102,156,127630,128370,E:\Project\MLDSA\RO_TRNG\data\hardware\20260511_fpga1_board1\restart\random1_sampler_regs_only_restart_auto_formal_bits_1000x125_warmup5_header_delay60s_edge01_20260524.bin
random1_sampler_regs_only_restart_auto_formal_bits_1000x125_warmup5_header_delay60s_edge01_20260524,5,96,125,29,0.498577586,0.001422414,115.670000000,7.404667447,88,139,115670,116330,E:\Project\MLDSA\RO_TRNG\data\hardware\20260511_fpga1_board1\restart\random1_sampler_regs_only_restart_auto_formal_bits_1000x125_warmup5_header_delay60s_edge01_20260524.bin
random1_sampler_regs_only_restart_auto_formal_bits_1000x125_warmup5_header_delay60s_edge01_20260524,5,0,125,125,0.497894000,0.002106000,497.894000000,16.020822825,440,549,497894,502106,E:\Project\MLDSA\RO_TRNG\data\hardware\20260511_fpga1_board1\restart\random1_sampler_regs_only_restart_auto_formal_bits_1000x125_warmup5_header_delay60s_edge01_20260524.bin
random1_sampler_regs_only_restart_auto_formal_bits_1000x125_warmup5_header_delay60s_repeat02_20260524,5,0,32,32,0.497789062,0.002210938,127.434000000,8.166862555,103,152,127434,128566,E:\Project\MLDSA\RO_TRNG\data\hardware\20260511_fpga1_board1\restart\random1_sampler_regs_only_restart_auto_formal_bits_1000x125_warmup5_header_delay60s_repeat02_20260524.bin
random1_sampler_regs_only_restart_auto_formal_bits_1000x125_warmup5_header_delay60s_repeat02_20260524,5,32,64,32,0.497847656,0.002152344,127.449000000,8.141461724,102,151,127449,128551,E:\Project\MLDSA\RO_TRNG\data\hardware\20260511_fpga1_board1\restart\random1_sampler_regs_only_restart_auto_formal_bits_1000x125_warmup5_header_delay60s_repeat02_20260524.bin
random1_sampler_regs_only_restart_auto_formal_bits_1000x125_warmup5_header_delay60s_repeat02_20260524,5,64,96,32,0.499667969,0.000332031,127.915000000,7.824306679,100,156,127915,128085,E:\Project\MLDSA\RO_TRNG\data\hardware\20260511_fpga1_board1\restart\random1_sampler_regs_only_restart_auto_formal_bits_1000x125_warmup5_header_delay60s_repeat02_20260524.bin
random1_sampler_regs_only_restart_auto_formal_bits_1000x125_warmup5_header_delay60s_repeat02_20260524,5,96,125,29,0.499155172,0.000844828,115.804000000,7.343812634,94,138,115804,116196,E:\Project\MLDSA\RO_TRNG\data\hardware\20260511_fpga1_board1\restart\random1_sampler_regs_only_restart_auto_formal_bits_1000x125_warmup5_header_delay60s_repeat02_20260524.bin
random1_sampler_regs_only_restart_auto_formal_bits_1000x125_warmup5_header_delay60s_repeat02_20260524,5,0,125,125,0.498602000,0.001398000,498.602000000,15.916456767,444,545,498602,501398,E:\Project\MLDSA\RO_TRNG\data\hardware\20260511_fpga1_board1\restart\random1_sampler_regs_only_restart_auto_formal_bits_1000x125_warmup5_header_delay60s_repeat02_20260524.bin
