"Path","Size","LastWriteTime","SHA256"
"data\experiments\second_heldout_sampler_route_diff_20260530\per_bitstream_extract\sample_ro_route_evidence_summary_20260528.csv","2158","2026-05-30T15:40:59","50B4B0037363ED67E3E12344E0F5EFC082C60004AAF3EF0C7C96F5F925313EF7"
"data\experiments\second_heldout_sampler_route_diff_20260530\per_bitstream_extract\sample_ro_route_evidence_summary_20260528.md","3447","2026-05-30T15:40:59","954E7A614794B00EA184FBD2077053DD8C72393648ACB7C0B3D2060E28E527B5"
"data\experiments\second_heldout_sampler_route_diff_20260530\per_bitstream_extract\second_all640_cells.csv","17697","2026-05-30T15:16:02","C3127E2BF109404B946E084C06023411843DBC1E96401C2C7C4D771C41E219F8"
"data\experiments\second_heldout_sampler_route_diff_20260530\per_bitstream_extract\second_all640_neighborhood_cells.csv","19208","2026-05-30T15:16:22","196AD57E4E94B8EE27F650BA487173D6536EE42EE8E1D41298EDC6C1FEEBC187"
"data\experiments\second_heldout_sampler_route_diff_20260530\per_bitstream_extract\second_all640_net_delays.csv","137294","2026-05-30T15:16:22","ABAAC8B9F473C8AF5AB0DE8581CA76096FC17311F9C707DD2E5C8D5ED6674F11"
"data\experiments\second_heldout_sampler_route_diff_20260530\per_bitstream_extract\second_all640_nets.csv","162454","2026-05-30T15:16:22","A80D355E64608E3BA1FD3E24862F3DC1BB8DF81D8B17DFA1BEBDDD5ABB681F46"
"data\experiments\second_heldout_sampler_route_diff_20260530\per_bitstream_extract\second_all640_pips.csv","4080366","2026-05-30T15:16:22","511275A013FEE47CE4354BC923417C7CC693D4B33E1D5D3949EA083E66C420FF"
"data\experiments\second_heldout_sampler_route_diff_20260530\per_bitstream_extract\second_all640_sample_to_regs_timing.rpt","1866","2026-05-30T15:16:23","0E2A9202C16AA27EBE0E4B30CF75FFB0FDB61D6C399CF5504E524AF60DC4ABA9"
"data\experiments\second_heldout_sampler_route_diff_20260530\per_bitstream_extract\second_all640_summary.txt","287","2026-05-30T15:16:02","F3B751C02D7317AEDC07776E0EE4831F0BBB402134D82A3EBD221DE64FA55936"
"data\experiments\second_heldout_sampler_route_diff_20260530\per_bitstream_extract\second_data_ro0_cells.csv","17873","2026-05-30T15:17:34","1DA4952CD44ECC567731653A0008F0A6D66D4DABFBABCCB72ED84C085B6740BD"
"data\experiments\second_heldout_sampler_route_diff_20260530\per_bitstream_extract\second_data_ro0_neighborhood_cells.csv","45347","2026-05-30T15:17:54","009AF70DA2AD17F9758AE59A752145F9D2ADB3DCDBD17F3B3C2FC6E6B3946FF1"
"data\experiments\second_heldout_sampler_route_diff_20260530\per_bitstream_extract\second_data_ro0_net_delays.csv","131559","2026-05-30T15:17:54","D1CA4D75FF2BE95430A57FC32BCCB11B4CD9A9C8CCC6E70FA7BEFC7C1BBFEBED"
"data\experiments\second_heldout_sampler_route_diff_20260530\per_bitstream_extract\second_data_ro0_nets.csv","157383","2026-05-30T15:17:54","3860845569405F84CC8FC3E380242290C788482E72C74121F86146F45D635EAD"
"data\experiments\second_heldout_sampler_route_diff_20260530\per_bitstream_extract\second_data_ro0_pips.csv","4185666","2026-05-30T15:17:54","1F3DC3453C69120ADFDAABBB7B3072470355432DA9129FFADA82058ABD2E8828"
"data\experiments\second_heldout_sampler_route_diff_20260530\per_bitstream_extract\second_data_ro0_sample_to_regs_timing.rpt","1794","2026-05-30T15:17:54","7657A4E1981741C35B569FA95EBAFB0069D0E8F3F6BADA20EBC58F59A701916A"
"data\experiments\second_heldout_sampler_route_diff_20260530\per_bitstream_extract\second_data_ro0_summary.txt","291","2026-05-30T15:17:34","6C59EE11CB094C7900F0B160A452F6DE76290B58D5990239739B9F88AFD5284B"
"data\experiments\second_heldout_sampler_route_diff_20260530\per_bitstream_extract\second_data_ro1_cells.csv","17873","2026-05-30T15:19:05","2C003FAB81B5BF6E964B2D8CCF542D0C6D6D3BDED269FDD3980DB5D156238B34"
"data\experiments\second_heldout_sampler_route_diff_20260530\per_bitstream_extract\second_data_ro1_neighborhood_cells.csv","88928","2026-05-30T15:19:24","736DEA00D23D692A35723BE5DD9EFCB4D198670D3103B7AEAE298BE958434F30"
"data\experiments\second_heldout_sampler_route_diff_20260530\per_bitstream_extract\second_data_ro1_net_delays.csv","131548","2026-05-30T15:19:24","0C4F85D0AE5AC8054F1D099C1F1CE8AA66E99DDDF0CD4038A0FBFF02C0833C26"
"data\experiments\second_heldout_sampler_route_diff_20260530\per_bitstream_extract\second_data_ro1_nets.csv","155938","2026-05-30T15:19:24","F6C49270D2BEA6BBA928226DB77974DBD7FC1B2300B2810EA557CCFA318F00EA"
"data\experiments\second_heldout_sampler_route_diff_20260530\per_bitstream_extract\second_data_ro1_pips.csv","4158781","2026-05-30T15:19:24","E713328C8230F075C8758774C9F66FBCF98AA4715E2A8644D3BB7102EC502027"
"data\experiments\second_heldout_sampler_route_diff_20260530\per_bitstream_extract\second_data_ro1_sample_to_regs_timing.rpt","1866","2026-05-30T15:19:25","B66C7A37C63C917088D6F8DEAE6E14ECB27A75845ABB66C65F7E550D3734656C"
"data\experiments\second_heldout_sampler_route_diff_20260530\per_bitstream_extract\second_data_ro1_summary.txt","291","2026-05-30T15:19:05","D7CF096299EFAF61DAD4F82444BF9BF601AF5025B50D034FB12889D29CD26A4C"
"data\experiments\second_heldout_sampler_route_diff_20260530\per_bitstream_extract\second_data_ro2_cells.csv","17878","2026-05-30T15:20:36","D86C60790FD21962D7DE32858A578D2215D66ED7FAE66F6C9FE6DD14568B4DE2"
"data\experiments\second_heldout_sampler_route_diff_20260530\per_bitstream_extract\second_data_ro2_neighborhood_cells.csv","49135","2026-05-30T15:20:57","2D83EAE0C812EA6BA75F3FF9B986379AFF1A635E36F1B7F6F2AF92BF64C8F7DE"
"data\experiments\second_heldout_sampler_route_diff_20260530\per_bitstream_extract\second_data_ro2_net_delays.csv","131511","2026-05-30T15:20:57","079580068BD34E39F914AE90EFDE559E96538F54541C18A683B4BA0427F6BD67"
"data\experiments\second_heldout_sampler_route_diff_20260530\per_bitstream_extract\second_data_ro2_nets.csv","156223","2026-05-30T15:20:57","EBF13C3C9028A8A648AA91F98EBEE557B10EBE269281785FF279DF1E552F6616"
"data\experiments\second_heldout_sampler_route_diff_20260530\per_bitstream_extract\second_data_ro2_pips.csv","4178022","2026-05-30T15:20:57","4B950F0D67E78A52F2A7BAC0F8286E76087652924BFACB367D4170A0503AB782"
"data\experiments\second_heldout_sampler_route_diff_20260530\per_bitstream_extract\second_data_ro2_sample_to_regs_timing.rpt","1794","2026-05-30T15:20:57","56E124CFBC37917712069F15EBA7060606785D2BA105214DA9870B4059D68B5B"
"data\experiments\second_heldout_sampler_route_diff_20260530\per_bitstream_extract\second_data_ro2_summary.txt","291","2026-05-30T15:20:36","A4E0AB6FD598E3E64F8146DD89F7CC0D7C890BA898352774FDB29599EC81C98D"
"data\experiments\second_heldout_sampler_route_diff_20260530\per_bitstream_extract\second_data_ro3_cells.csv","17864","2026-05-30T15:22:13","0B8242BD08B64112C536DC6B91A8755F84E110B5B5E0A26B864BC9DAE3EAC70E"
"data\experiments\second_heldout_sampler_route_diff_20260530\per_bitstream_extract\second_data_ro3_neighborhood_cells.csv","53126","2026-05-30T15:22:32","AC56F1EB0A4E2C84165553E07A3659242B775A650DE9997D7DC059ADC0C83A15"
"data\experiments\second_heldout_sampler_route_diff_20260530\per_bitstream_extract\second_data_ro3_net_delays.csv","131502","2026-05-30T15:22:32","BAC195726934F2FACB86422B58B313F531B20B55DEA68F9315C1386DB67F49EC"
"data\experiments\second_heldout_sampler_route_diff_20260530\per_bitstream_extract\second_data_ro3_nets.csv","156751","2026-05-30T15:22:32","954CD29D339F045C34695F71305DA95DAD2B76113FE60B9A2C1A7C27A3346F58"
"data\experiments\second_heldout_sampler_route_diff_20260530\per_bitstream_extract\second_data_ro3_pips.csv","4182384","2026-05-30T15:22:32","7506361A36CD433D958735EF7EA367DB5A95FF0A166AB32F6BDA78D1095A6655"
"data\experiments\second_heldout_sampler_route_diff_20260530\per_bitstream_extract\second_data_ro3_sample_to_regs_timing.rpt","1794","2026-05-30T15:22:32","2735DC3673F8E138C9D70EA9572E017535F65A12570565E9B7ED20BE6D740B30"
"data\experiments\second_heldout_sampler_route_diff_20260530\per_bitstream_extract\second_data_ro3_summary.txt","291","2026-05-30T15:22:13","6BC4EACAFF581B0BF163B98777B8BF48CC28D581EFC7F4FEFC81D3CC74C8849F"
"data\experiments\second_heldout_sampler_route_diff_20260530\per_bitstream_extract\second_data_ro4_cells.csv","17879","2026-05-30T15:23:45","D7E3E50DF7A0719DB63F0E39D4CCAA858036BD33B2074F6C1B1FEAF26D5FBAFC"
"data\experiments\second_heldout_sampler_route_diff_20260530\per_bitstream_extract\second_data_ro4_neighborhood_cells.csv","30272","2026-05-30T15:24:05","9DB0791746318A757E28483155C31391BC8BC313989ACFCF8464BA7357ED1BBB"
"data\experiments\second_heldout_sampler_route_diff_20260530\per_bitstream_extract\second_data_ro4_net_delays.csv","131528","2026-05-30T15:24:05","513E24FB4599237F2ED775EAAD745427D90F564856424E2DE7C1EE5F8F21811F"
"data\experiments\second_heldout_sampler_route_diff_20260530\per_bitstream_extract\second_data_ro4_nets.csv","156264","2026-05-30T15:24:05","97DB2A7B9A929138D6FB7564E9519CAC9148ECFD3811F4BCAEA1681A72322E28"
"data\experiments\second_heldout_sampler_route_diff_20260530\per_bitstream_extract\second_data_ro4_pips.csv","4163973","2026-05-30T15:24:05","0942E8A35A824B98AA46C407A1B6ECB208D89A0FB8DAB116AE93F20335EDBE20"
"data\experiments\second_heldout_sampler_route_diff_20260530\per_bitstream_extract\second_data_ro4_sample_to_regs_timing.rpt","1794","2026-05-30T15:24:05","1C27AFC2076ADC1DEA73442A582C7C3EE2DAB484F5FEAF028D380314FEBD423B"
"data\experiments\second_heldout_sampler_route_diff_20260530\per_bitstream_extract\second_data_ro4_summary.txt","291","2026-05-30T15:23:45","AAFDB5EB0553BBDD83690C88A2148B1460FDA6831C545052ACBF134FB8708745"
"data\experiments\second_heldout_sampler_route_diff_20260530\per_bitstream_extract\second_data_ro5_cells.csv","17869","2026-05-30T15:25:17","7522B85493F500E3AA7555E2467E53AEC5CCC97FF3C33E8CD4EE84E1CA58D1A3"
"data\experiments\second_heldout_sampler_route_diff_20260530\per_bitstream_extract\second_data_ro5_neighborhood_cells.csv","79926","2026-05-30T15:25:37","A93C5024D064F76C6E1F0662F0C1728D34531086C938B2BF62F4E97A942A48AD"
"data\experiments\second_heldout_sampler_route_diff_20260530\per_bitstream_extract\second_data_ro5_net_delays.csv","131541","2026-05-30T15:25:36","B3D71C44E509A2E5B657F4FAC72DA997E52051463787A36E304871CFE61770D7"
"data\experiments\second_heldout_sampler_route_diff_20260530\per_bitstream_extract\second_data_ro5_nets.csv","156547","2026-05-30T15:25:36","E4EE23E686A046C9A878F202EB1BCB5376338B6DEECDD41FD5F17D4F6F475B6B"
"data\experiments\second_heldout_sampler_route_diff_20260530\per_bitstream_extract\second_data_ro5_pips.csv","4173639","2026-05-30T15:25:36","631A8F8345453E86AAD464ADFFDF35FB217980BFCB3C418E567433A203557B43"
"data\experiments\second_heldout_sampler_route_diff_20260530\per_bitstream_extract\second_data_ro5_sample_to_regs_timing.rpt","1794","2026-05-30T15:25:37","1A2A380DC3EF1C128F86DDD1AFCFC040FE3E2F773531789ACE5ABD9D09A1506A"
"data\experiments\second_heldout_sampler_route_diff_20260530\per_bitstream_extract\second_data_ro5_summary.txt","291","2026-05-30T15:25:17","F92A0C4480A0EE7BC5E0D02982C60D959B811DDA83400FA1BC21597098508CCD"
"data\experiments\second_heldout_sampler_route_diff_20260530\per_bitstream_extract\second_data_ro6_cells.csv","17880","2026-05-30T15:26:52","38FC11259FA24DC63B43BDD25490F0402E6683E6BDB254938864564F0BD161CC"
"data\experiments\second_heldout_sampler_route_diff_20260530\per_bitstream_extract\second_data_ro6_neighborhood_cells.csv","33802","2026-05-30T15:27:13","8848FDAE2B4C6657AC3806ED8F81129161F3503DF826DAC1FEB3E52361F236DC"
"data\experiments\second_heldout_sampler_route_diff_20260530\per_bitstream_extract\second_data_ro6_net_delays.csv","131448","2026-05-30T15:27:13","48AC08963B1EDBAE63DBD7911C1786CD43A75E4A931795782800E403DC79F0EF"
"data\experiments\second_heldout_sampler_route_diff_20260530\per_bitstream_extract\second_data_ro6_nets.csv","155230","2026-05-30T15:27:13","7CDA41EA91D04A450CF6305E27623C1FC5D443019766B83BBA4B478401B5E5E6"
"data\experiments\second_heldout_sampler_route_diff_20260530\per_bitstream_extract\second_data_ro6_pips.csv","4161710","2026-05-30T15:27:13","6FE4A701EF3E4062BA088B4CDB460741A043817198E4F68D271DD08EBFB4F528"
"data\experiments\second_heldout_sampler_route_diff_20260530\per_bitstream_extract\second_data_ro6_sample_to_regs_timing.rpt","1794","2026-05-30T15:27:14","D2658E76232116DA6174E4CFB62177BDC1B19D3D61250C89AF612DF04764100B"
"data\experiments\second_heldout_sampler_route_diff_20260530\per_bitstream_extract\second_data_ro6_summary.txt","291","2026-05-30T15:26:52","4BEFD5FA7428E85B87F8712D647762F8855DDB02E1324AC084632AD5FC78A0BA"
"data\experiments\second_heldout_sampler_route_diff_20260530\per_bitstream_extract\second_data_ro7_cells.csv","17878","2026-05-30T15:28:26","8415B6D3776AC9BF0F7971637F8B7AFC98E8574A18D2E0EC230C7CC80973A21A"
"data\experiments\second_heldout_sampler_route_diff_20260530\per_bitstream_extract\second_data_ro7_neighborhood_cells.csv","51142","2026-05-30T15:28:47","BD19882956EB80DB1788F376185E976FED4752B80E0029EDC4EE4ACE6577E5A4"
"data\experiments\second_heldout_sampler_route_diff_20260530\per_bitstream_extract\second_data_ro7_net_delays.csv","131478","2026-05-30T15:28:47","8077CE28307AD5000C342B64CA979E3BA0FA0A903E52F1A211DA50259EEE398E"
"data\experiments\second_heldout_sampler_route_diff_20260530\per_bitstream_extract\second_data_ro7_nets.csv","155566","2026-05-30T15:28:47","C1EC558B72C0C42C8442D92012A31F73361A8D53C6D5013DE6BE2BF2D378C4E3"
"data\experiments\second_heldout_sampler_route_diff_20260530\per_bitstream_extract\second_data_ro7_pips.csv","4181491","2026-05-30T15:28:47","97D5F9393E836E0A055E24A30C7BDB615BDF07AA7A772E489E9347F339E1C455"
"data\experiments\second_heldout_sampler_route_diff_20260530\per_bitstream_extract\second_data_ro7_sample_to_regs_timing.rpt","1794","2026-05-30T15:28:47","03C8946F67F55FA6A25061E8E2BC2B196662652DD94AEBEB0DD36FDEBB7765E3"
"data\experiments\second_heldout_sampler_route_diff_20260530\per_bitstream_extract\second_data_ro7_summary.txt","291","2026-05-30T15:28:26","34A6566B530360F14E00C807D887024FD0111054CFC1F8CE1201312732932DAA"
"data\experiments\second_heldout_sampler_route_diff_20260530\per_bitstream_extract\second_except_data_ro0_cells.csv","18492","2026-05-30T15:30:00","104E815D6833B8414D07E000F41A4F09979C1EF3DFA60A55AE4FFA7BC6D853EF"
"data\experiments\second_heldout_sampler_route_diff_20260530\per_bitstream_extract\second_except_data_ro0_neighborhood_cells.csv","96370","2026-05-30T15:30:21","809DE957FE07D9A01FAEBA945D781719147E167002AFE1DE9052EC63B37CC706"
"data\experiments\second_heldout_sampler_route_diff_20260530\per_bitstream_extract\second_except_data_ro0_net_delays.csv","145904","2026-05-30T15:30:21","9E69BDE4DBB98E50E568D8BF1CBF702F1313CCABFA1D7FA1ACB917369F1B1D0D"
"data\experiments\second_heldout_sampler_route_diff_20260530\per_bitstream_extract\second_except_data_ro0_nets.csv","165115","2026-05-30T15:30:21","D9F72A2E58864C0CAC648C41AB4DCD90D179AB9CF76352982A79B045E8DC6E26"
"data\experiments\second_heldout_sampler_route_diff_20260530\per_bitstream_extract\second_except_data_ro0_pips.csv","4392929","2026-05-30T15:30:21","A0196D36E4D1DE7636C129172EFDF00A4A9B94DDB1D23024ABBBB88FF7F55018"
"data\experiments\second_heldout_sampler_route_diff_20260530\per_bitstream_extract\second_except_data_ro0_sample_to_regs_timing.rpt","1893","2026-05-30T15:30:21","2A7434DE9BB1E3601068176EEAA768BDA136CD127E4AC03F23A15EE0EAE2D7AC"
"data\experiments\second_heldout_sampler_route_diff_20260530\per_bitstream_extract\second_except_data_ro0_summary.txt","305","2026-05-30T15:29:59","D5EE3BA2A766B232C3F8B3A510A5495E810304A6274078A0CCEB3AB6AD63637F"
"data\experiments\second_heldout_sampler_route_diff_20260530\per_bitstream_extract\second_except_data_ro1_cells.csv","18497","2026-05-30T15:31:31","B952179D623C1BAAD2ECDC3D40FEBA9D1ECA99041EFFAED7258095D804102D69"
"data\experiments\second_heldout_sampler_route_diff_20260530\per_bitstream_extract\second_except_data_ro1_neighborhood_cells.csv","111011","2026-05-30T15:31:52","4C6AA93C6B1C47AFA0430683F587B426BA30375C6BC53505664296857125EFBF"
"data\experiments\second_heldout_sampler_route_diff_20260530\per_bitstream_extract\second_except_data_ro1_net_delays.csv","145857","2026-05-30T15:31:52","D90F38D0B2272BF0BCB80AE08B7B52B481447ED70F1164BA493AA242F6BCA06F"
"data\experiments\second_heldout_sampler_route_diff_20260530\per_bitstream_extract\second_except_data_ro1_nets.csv","164842","2026-05-30T15:31:52","3BFA16D9DBC98A2A224462B777B6095ADB60B0D207E0CEC3ECA8A814D5E63112"
"data\experiments\second_heldout_sampler_route_diff_20260530\per_bitstream_extract\second_except_data_ro1_pips.csv","4387033","2026-05-30T15:31:52","E653F3B9892B668447212EDEFD6B96EC46014E5AD4878B75A8EB138430C52CB2"
"data\experiments\second_heldout_sampler_route_diff_20260530\per_bitstream_extract\second_except_data_ro1_sample_to_regs_timing.rpt","1893","2026-05-30T15:31:52","5910C993BA039757046691317D7FE4ABF4961E8853CCE602236091DE22F1436C"
"data\experiments\second_heldout_sampler_route_diff_20260530\per_bitstream_extract\second_except_data_ro1_summary.txt","305","2026-05-30T15:31:30","0B302FB3AD4B11A95CDAAAD05B2F4160031C9CBAD73DE930547A275CD9BF90B1"
"data\experiments\second_heldout_sampler_route_diff_20260530\per_bitstream_extract\second_except_data_ro2_cells.csv","18503","2026-05-30T15:33:01","7691CB98429AF6EF0BF2CB086CBA21E0F521E4B71B528342F44B8365DC3207A5"
"data\experiments\second_heldout_sampler_route_diff_20260530\per_bitstream_extract\second_except_data_ro2_neighborhood_cells.csv","134507","2026-05-30T15:33:24","D23E0A41280C3180BE0812900FA25AE7A1127CFB912FB1A6829D70E173FD2401"
"data\experiments\second_heldout_sampler_route_diff_20260530\per_bitstream_extract\second_except_data_ro2_net_delays.csv","145928","2026-05-30T15:33:24","CF024918BDD3EE7EC1AF6E2FE7B1E5C49943185CD07ACE5CC814FAA5861DF858"
"data\experiments\second_heldout_sampler_route_diff_20260530\per_bitstream_extract\second_except_data_ro2_nets.csv","164653","2026-05-30T15:33:24","15CA07422052E28E011A3B02687E15950D4B049D23C358BF17D58AC3573A5F42"
"data\experiments\second_heldout_sampler_route_diff_20260530\per_bitstream_extract\second_except_data_ro2_pips.csv","4369874","2026-05-30T15:33:24","03EC26D9916FCF7687BA5E59772FFF90922EA89F38B665CE0BE5638A05C822FE"
"data\experiments\second_heldout_sampler_route_diff_20260530\per_bitstream_extract\second_except_data_ro2_sample_to_regs_timing.rpt","1887","2026-05-30T15:33:24","D3BC636A2376FDF011FFC81589DBAE5B57D9A6877534E79DB72FECDE95CE6230"
"data\experiments\second_heldout_sampler_route_diff_20260530\per_bitstream_extract\second_except_data_ro2_summary.txt","305","2026-05-30T15:33:01","D2A168DF5B36C8B36D1FFC8653F233E6939AA4F1F4C2FA11E68C31CEF3EDA6F2"
"data\experiments\second_heldout_sampler_route_diff_20260530\per_bitstream_extract\second_except_data_ro3_cells.csv","18502","2026-05-30T15:34:35","D3797A7DE4D75FF937C1328550701D52A3DCCCCFCE768A337A465091D3085FAC"
"data\experiments\second_heldout_sampler_route_diff_20260530\per_bitstream_extract\second_except_data_ro3_neighborhood_cells.csv","64233","2026-05-30T15:34:55","9E308B56DFACC26B92E3817783FE0DF7A3EB52156D225AECF477E16B89632419"
"data\experiments\second_heldout_sampler_route_diff_20260530\per_bitstream_extract\second_except_data_ro3_net_delays.csv","145937","2026-05-30T15:34:55","E4A32C99C508FFF358EB2197AAE0FEE08AB9915A17BE767813732DA6D3E935CF"
"data\experiments\second_heldout_sampler_route_diff_20260530\per_bitstream_extract\second_except_data_ro3_nets.csv","165456","2026-05-30T15:34:55","CCFD7942E373E1815D4A75364D89DB4CEDED4FD489BCD80ADF1992A4A5FE9093"
"data\experiments\second_heldout_sampler_route_diff_20260530\per_bitstream_extract\second_except_data_ro3_pips.csv","4377774","2026-05-30T15:34:55","ACAADD0000A911E269B9A02D78DF5DBF8130B4843B54AB3EC5E1EA08C34B34E1"
"data\experiments\second_heldout_sampler_route_diff_20260530\per_bitstream_extract\second_except_data_ro3_sample_to_regs_timing.rpt","1899","2026-05-30T15:34:55","B2230490C42A7CE0ED82DB22CE603D83B5628104D147ECC5CE183BFB64951F05"
"data\experiments\second_heldout_sampler_route_diff_20260530\per_bitstream_extract\second_except_data_ro3_summary.txt","305","2026-05-30T15:34:34","2F5F72A03C0D026D7E51A1B7BB20151F369DA1D44DC08B02FF754F813FF57767"
"data\experiments\second_heldout_sampler_route_diff_20260530\per_bitstream_extract\second_except_data_ro4_cells.csv","18504","2026-05-30T15:36:04","E26C839E02BB23962C21E9FD8DA0C24E07984AF84C92AFB462F26D1376841BA1"
"data\experiments\second_heldout_sampler_route_diff_20260530\per_bitstream_extract\second_except_data_ro4_neighborhood_cells.csv","131492","2026-05-30T15:36:24","BDFBC5FF186177D2F93733672ECD4D050D8918AFAD916CF2A9B9733567E484D1"
"data\experiments\second_heldout_sampler_route_diff_20260530\per_bitstream_extract\second_except_data_ro4_net_delays.csv","146013","2026-05-30T15:36:24","DA6D55ED1C4FB19327095974A3EFBF26B5CE8C159E89B7B9ABCC1E1CC719E863"
"data\experiments\second_heldout_sampler_route_diff_20260530\per_bitstream_extract\second_except_data_ro4_nets.csv","164711","2026-05-30T15:36:24","177C7F09B12552737408F1A19BCF4158415A4FF68B6B7113AF72598CAFA7F3E3"
"data\experiments\second_heldout_sampler_route_diff_20260530\per_bitstream_extract\second_except_data_ro4_pips.csv","4397046","2026-05-30T15:36:24","A4F26AD20A82B3417A00AF48853E80CAA948A4F3C9A56B39EC86C0A3A4E5DAD0"
"data\experiments\second_heldout_sampler_route_diff_20260530\per_bitstream_extract\second_except_data_ro4_sample_to_regs_timing.rpt","1893","2026-05-30T15:36:24","52EC09C7A9D770EC0587AAB50E320DD6E59BA3811E5D2DE424A304D5E541E136"
"data\experiments\second_heldout_sampler_route_diff_20260530\per_bitstream_extract\second_except_data_ro4_summary.txt","305","2026-05-30T15:36:03","DBC61E9476A4B66B67DC98617DCC1540ECFCBF0010D113DDE6B079B3FD75E5BD"
"data\experiments\second_heldout_sampler_route_diff_20260530\per_bitstream_extract\second_except_data_ro5_cells.csv","18503","2026-05-30T15:37:33","01A8F4E0741FE02FC3C012381685A912ACD72A4771B0724307679FF0E5ED6C02"
"data\experiments\second_heldout_sampler_route_diff_20260530\per_bitstream_extract\second_except_data_ro5_neighborhood_cells.csv","107329","2026-05-30T15:37:53","2AD0C306480AF1F0FDB6C2CF61DDAE8E98079F6C9BF2FA49BC31AE827BBF6F3F"
"data\experiments\second_heldout_sampler_route_diff_20260530\per_bitstream_extract\second_except_data_ro5_net_delays.csv","145916","2026-05-30T15:37:53","214F1B89772BAB87DA529CA94FDF9F68C7FFDC830D8B9E924253836B7813FCFA"
"data\experiments\second_heldout_sampler_route_diff_20260530\per_bitstream_extract\second_except_data_ro5_nets.csv","164362","2026-05-30T15:37:53","970D411F8BB4CDFCD0168F0C9703CBBF4A55C17F7C1731F97B1DF5EEBC18AD2D"
"data\experiments\second_heldout_sampler_route_diff_20260530\per_bitstream_extract\second_except_data_ro5_pips.csv","4374960","2026-05-30T15:37:53","2A60A1C6286F264EAD38AF65FED018219933C40CEE2AA33136405C98F751672F"
"data\experiments\second_heldout_sampler_route_diff_20260530\per_bitstream_extract\second_except_data_ro5_sample_to_regs_timing.rpt","1893","2026-05-30T15:37:54","34CEAFBB28F2C28C60F080E094028B64517255AF5AA77803086A587E3A5D34A6"
"data\experiments\second_heldout_sampler_route_diff_20260530\per_bitstream_extract\second_except_data_ro5_summary.txt","305","2026-05-30T15:37:33","1AB2D29110DEFD079287F3CC74E9CB35CE0A9018FEC6692D6EE971AEE481D9DE"
"data\experiments\second_heldout_sampler_route_diff_20260530\per_bitstream_extract\second_except_data_ro6_cells.csv","18494","2026-05-30T15:39:03","980C8934A3AB46A2906D577BBD1ECED61887B494B2AD7A4A87E075ADC1C50C4A"
"data\experiments\second_heldout_sampler_route_diff_20260530\per_bitstream_extract\second_except_data_ro6_neighborhood_cells.csv","57178","2026-05-30T15:39:23","B9F80E05F8248F08F65E3D34F2AEAE72A9ADB614891313DA1030A748E9304217"
"data\experiments\second_heldout_sampler_route_diff_20260530\per_bitstream_extract\second_except_data_ro6_net_delays.csv","145945","2026-05-30T15:39:22","D4FE3F5E9A78F59F5A80DDE3868903D0B5C2250CF810D5C5C93DB7BDE67EEBF5"
"data\experiments\second_heldout_sampler_route_diff_20260530\per_bitstream_extract\second_except_data_ro6_nets.csv","165475","2026-05-30T15:39:22","AA9845533409E7F9A8B592A08D296E8CC8193FBBDB4F28137FD13EDB92F23FC5"
"data\experiments\second_heldout_sampler_route_diff_20260530\per_bitstream_extract\second_except_data_ro6_pips.csv","4393577","2026-05-30T15:39:22","CDF9C2AC9D1B06F6F71296AAA79C8DD40633593DA9BB00BEC81772C08C0D867A"
"data\experiments\second_heldout_sampler_route_diff_20260530\per_bitstream_extract\second_except_data_ro6_sample_to_regs_timing.rpt","1893","2026-05-30T15:39:23","EAEE8ECB5598F1C852AE184E9B1157941BC91DD24B8B88A85900C5F9246BD013"
"data\experiments\second_heldout_sampler_route_diff_20260530\per_bitstream_extract\second_except_data_ro6_summary.txt","305","2026-05-30T15:39:03","209488B9546758BFFCF439FD27D90B7BA16E878169B2C436B18F693481B46428"
"data\experiments\second_heldout_sampler_route_diff_20260530\per_bitstream_extract\second_except_data_ro7_cells.csv","18499","2026-05-30T15:40:31","96FA28B82497BB8AF3E90C49383BE1D3E598E30F25B907DF7808922CE88463C8"
"data\experiments\second_heldout_sampler_route_diff_20260530\per_bitstream_extract\second_except_data_ro7_neighborhood_cells.csv","121358","2026-05-30T15:40:54","5D40D912BCE28A6519054D59B6C50DBBC3BE24416B85DC73993ADDDA3FA9CC5E"
"data\experiments\second_heldout_sampler_route_diff_20260530\per_bitstream_extract\second_except_data_ro7_net_delays.csv","145905","2026-05-30T15:40:54","A78762E728D829F532265079E6A3925099567AE325F21BC9D5056479AC229744"
"data\experiments\second_heldout_sampler_route_diff_20260530\per_bitstream_extract\second_except_data_ro7_nets.csv","165264","2026-05-30T15:40:54","6CEE1FA054EC84297D844B23C1ED7CA7FDAB379E926D238706EDC4ED3E917FE2"
"data\experiments\second_heldout_sampler_route_diff_20260530\per_bitstream_extract\second_except_data_ro7_pips.csv","4384582","2026-05-30T15:40:54","03E43C74A0BEEC9DD0B84DB204C62E0C5BC7F46A5833590A689A3E510B6F6E2E"
"data\experiments\second_heldout_sampler_route_diff_20260530\per_bitstream_extract\second_except_data_ro7_sample_to_regs_timing.rpt","1893","2026-05-30T15:40:54","37D64C30FCC5F2ABAF943E1FC1562B5F459CC9973E80E16638293AC8078767A8"
"data\experiments\second_heldout_sampler_route_diff_20260530\per_bitstream_extract\second_except_data_ro7_summary.txt","305","2026-05-30T15:40:31","21695DA9183EA61C599B7D6B4FEF834FC0521750801E6DB5F51159D1057ABBD8"
"data\experiments\second_heldout_sampler_route_diff_20260530\second_heldout_implementation_metrics_20260530.csv","7757","2026-05-30T15:45:36","70FE609D08BB679FAFC1684A09DDF3546A3228BA3D2387283C148282583DCC39"
"data\experiments\second_heldout_sampler_route_diff_20260530\second_heldout_per_bitstream_route_audit_20260530.csv","11492","2026-05-30T15:45:36","8593C59797CD833713D899C4A1887A4B47C98B98DA39AF49E3A05F909141F64E"
"data\experiments\second_heldout_sampler_route_diff_20260530\second_heldout_route_and_impl_metrics_20260530.md","4299","2026-05-30T15:45:36","FD884D5D3BE7902FCE6A1C20E9D2600C007931FDB06C9D05A179AA605765AEF5"
"data\experiments\second_heldout_sampler_route_diff_20260530\second_heldout_route_pair_diff_summary_20260530.csv","2041","2026-05-30T15:45:36","2A289CF9E74483E322F86745BFD3613E5489AB9888300D47C236E44D792EAEC3"
"data\experiments\second_heldout_warmup_aperture_sweep_20260530\second_heldout_warmup_aperture_sweep.csv","39072","2026-05-31T02:56:55","E83DEC9E47A1CA7B1EB740D519FABE1EB217D8247DB149DBB1D557B543934DB7"
"data\experiments\second_heldout_warmup_aperture_sweep_20260530\second_heldout_warmup_aperture_sweep.md","5223","2026-05-31T02:56:55","AF76E3CF0AA988CA862CB53D57BE78589ED96F15B054C70BFC228B3703A80081"
"data\experiments\second_heldout_warmup_aperture_sweep_20260530\warmup_transition_points.csv","2882","2026-05-31T02:56:55","EAB74AA3959BB82A16ACE67A7EF70294DE3CD746D8875CFF69D82A7A9A27CDCA"
"data\experiments\toolflow_sensitivity_matrix_20260531\missing_manifest.csv","59","2026-05-31T19:04:57","E47F3B9CA90F5D9E60E16234047497D36C6855F98F3E73E3C493269D41DA1112"
"data\experiments\toolflow_sensitivity_matrix_20260531\route_extract\heldout_x36y35_all640_explore1_cells.csv","19261","2026-05-31T17:06:26","81A7005ED196F7B2663160E9AD8ED41A5D3C1D31AB17F2C0A0AED28BB6EF8D5A"
"data\experiments\toolflow_sensitivity_matrix_20260531\route_extract\heldout_x36y35_all640_explore1_neighborhood_cells.csv","20095","2026-05-31T17:06:50","BB565A7D82476CC468CD0173323650A839051CE25F26693E8508C43C4845282D"
"data\experiments\toolflow_sensitivity_matrix_20260531\route_extract\heldout_x36y35_all640_explore1_net_delays.csv","149750","2026-05-31T17:06:50","95516C4F88AAD7751D86EE9710ADBAF17D87276D820EB3668D8417478432FB80"
"data\experiments\toolflow_sensitivity_matrix_20260531\route_extract\heldout_x36y35_all640_explore1_nets.csv","171069","2026-05-31T17:06:50","25EBA94B682A95C84B4BAE8EC47CD6A870C71060C5E238348052A40CA6F9EDA0"
"data\experiments\toolflow_sensitivity_matrix_20260531\route_extract\heldout_x36y35_all640_explore1_pips.csv","4694306","2026-05-31T17:06:50","99141BF48B681985DE2F500293E5E1E9071AE0BFF9BDB7096B8E2B516E87C0D4"
"data\experiments\toolflow_sensitivity_matrix_20260531\route_extract\heldout_x36y35_all640_explore1_sample_to_regs_timing.rpt","1869","2026-05-31T17:06:50","EF493AC9529D0876F888F9FD07EE16342E4F451C3E1F1628D9B6545DA12780D3"
"data\experiments\toolflow_sensitivity_matrix_20260531\route_extract\heldout_x36y35_all640_explore1_summary.txt","331","2026-05-31T17:06:26","887F66E5DED1AB3F406CDF053BF9478A44E402A084848A2125FE3FCED332280F"
"data\experiments\toolflow_sensitivity_matrix_20260531\route_extract\heldout_x36y35_all640_original_cells.csv","19261","2026-05-31T17:04:46","30F032285371843A76AEA185E3A32C70F253C822BAE32E0D31195996520669FC"
"data\experiments\toolflow_sensitivity_matrix_20260531\route_extract\heldout_x36y35_all640_original_neighborhood_cells.csv","20095","2026-05-31T17:05:11","44F2C1B1081030BD5884A09289D473D23CE04D09DE7FD6E40C3661F1568BFEDF"
"data\experiments\toolflow_sensitivity_matrix_20260531\route_extract\heldout_x36y35_all640_original_net_delays.csv","149804","2026-05-31T17:05:10","4F67AB4EEDB1D3D23361B1D206163DBC806FB550D03BEFA3D3546A5D70ACFE24"
"data\experiments\toolflow_sensitivity_matrix_20260531\route_extract\heldout_x36y35_all640_original_nets.csv","171150","2026-05-31T17:05:10","99008993FFF1531363213DF3E8E7B69712A408065E0D5E5F9FA6428E827315CA"
"data\experiments\toolflow_sensitivity_matrix_20260531\route_extract\heldout_x36y35_all640_original_pips.csv","4696747","2026-05-31T17:05:10","40D3380E1AA40586573905E199289400015189C614EB0EDF28A3BBE000F4EBC6"
"data\experiments\toolflow_sensitivity_matrix_20260531\route_extract\heldout_x36y35_all640_original_sample_to_regs_timing.rpt","1869","2026-05-31T17:05:11","49BE448035D3CD6CB6CAA5E9C8A2EC616D6BADED581A21179C4CE716419C1023"
"data\experiments\toolflow_sensitivity_matrix_20260531\route_extract\heldout_x36y35_all640_original_summary.txt","322","2026-05-31T17:04:45","D6BD5611AFC401F467D344A8068831A8A122E92E3A2A1BEAA823EA73353BDBE8"
"data\experiments\toolflow_sensitivity_matrix_20260531\route_extract\heldout_x36y35_all640_original_vs_heldout_x36y35_all640_explore1_cell_diff_20260528.csv","19689","2026-05-31T17:29:25","C31E7F2F72BFFFA76479C1FF84F2A27D183D7B4840B3ED804259676C0B848E4D"
"data\experiments\toolflow_sensitivity_matrix_20260531\route_extract\heldout_x36y35_all640_original_vs_heldout_x36y35_all640_explore1_net_diff_20260528.csv","83653","2026-05-31T17:29:25","0C9EB4710D4FD7B2AEB8ECC67B934CDF464EE71690342CA0D9C40210DDFFE330"
"data\experiments\toolflow_sensitivity_matrix_20260531\route_extract\heldout_x36y35_data_ro0_explore1_cells.csv","19439","2026-05-31T17:10:24","0BC61D186BFFE166029E83A66D22B8DB6EE2865CB6E867FB081AA2D638BA69A9"
"data\experiments\toolflow_sensitivity_matrix_20260531\route_extract\heldout_x36y35_data_ro0_explore1_neighborhood_cells.csv","16945","2026-05-31T17:10:49","402860330B2C7EB1A54BDBF8D5F089D27D421878F768C9D2D41DFCC3195815DB"
"data\experiments\toolflow_sensitivity_matrix_20260531\route_extract\heldout_x36y35_data_ro0_explore1_net_delays.csv","143055","2026-05-31T17:10:49","C4B50360D109709CD733D97B08738351D41A874A1FC1146AAA62A0216D7EF917"
"data\experiments\toolflow_sensitivity_matrix_20260531\route_extract\heldout_x36y35_data_ro0_explore1_nets.csv","163966","2026-05-31T17:10:49","EE5220DC464EB97BFA85900310A34E6B5DF970171775111B9A7C81D220E6C25E"
"data\experiments\toolflow_sensitivity_matrix_20260531\route_extract\heldout_x36y35_data_ro0_explore1_pips.csv","4705935","2026-05-31T17:10:49","5CC517AE2C75F4E022C3FD0885FFA54AE69291245E0A4B5E26473CD498CD5346"
"data\experiments\toolflow_sensitivity_matrix_20260531\route_extract\heldout_x36y35_data_ro0_explore1_sample_to_regs_timing.rpt","1803","2026-05-31T17:10:49","3B85D7C4A65B14491F64C7F621FB96F9B2F1F9BCCA0CFEC37140E36BDDB7F511"
"data\experiments\toolflow_sensitivity_matrix_20260531\route_extract\heldout_x36y35_data_ro0_explore1_summary.txt","335","2026-05-31T17:10:24","FDD3861226E6649430369F37317219867FE3A0C117BC70C879EB8E6A6F61BABE"
"data\experiments\toolflow_sensitivity_matrix_20260531\route_extract\heldout_x36y35_data_ro0_original_cells.csv","19439","2026-05-31T17:08:29","C2E29CF834EA019C7447C01BC0EBB6871056DCC668F15130065C5EFE6D662C32"
"data\experiments\toolflow_sensitivity_matrix_20260531\route_extract\heldout_x36y35_data_ro0_original_neighborhood_cells.csv","16945","2026-05-31T17:08:58","1E3BA4ACDF74954B95F98BF3EA3955D8EFF506F1B4FB1195CDD759ED28000FC9"
"data\experiments\toolflow_sensitivity_matrix_20260531\route_extract\heldout_x36y35_data_ro0_original_net_delays.csv","143055","2026-05-31T17:08:57","959B96785FE7500BD5B6B7727E05E945A8E9917C1AB0B7695609EBEB30015D67"
"data\experiments\toolflow_sensitivity_matrix_20260531\route_extract\heldout_x36y35_data_ro0_original_nets.csv","163966","2026-05-31T17:08:57","C12BE52C776D79AF6E02743EE266715E83CC7E1196AF6D2BA15C0F319C016D3B"
"data\experiments\toolflow_sensitivity_matrix_20260531\route_extract\heldout_x36y35_data_ro0_original_pips.csv","4705935","2026-05-31T17:08:57","FEA80914A236CDD55A1D140FEFA4372B6CD489073B603EE31CD9C078BED96DB0"
"data\experiments\toolflow_sensitivity_matrix_20260531\route_extract\heldout_x36y35_data_ro0_original_sample_to_regs_timing.rpt","1803","2026-05-31T17:08:58","1D4751ACA6C6FA91ACC4BC01274338443B23A3B29AE2BE99DDB07F7DAFF53D36"
"data\experiments\toolflow_sensitivity_matrix_20260531\route_extract\heldout_x36y35_data_ro0_original_summary.txt","334","2026-05-31T17:08:28","C2B5197D9F1893A7D8C460A9E081EEAC164D4A2CFE7A7AE352BBC7485C9B6958"
"data\experiments\toolflow_sensitivity_matrix_20260531\route_extract\heldout_x36y35_data_ro0_original_vs_heldout_x36y35_data_ro0_explore1_cell_diff_20260528.csv","20045","2026-05-31T17:29:25","7C9ECE1367642DCFE8FD4F0AFA217BECD4E04E50FDD406F59412BE7E64B94A78"
"data\experiments\toolflow_sensitivity_matrix_20260531\route_extract\heldout_x36y35_data_ro0_original_vs_heldout_x36y35_data_ro0_explore1_net_diff_20260528.csv","80887","2026-05-31T17:29:25","CD39537B69B500A8B315E2A548493527BAACBE7F86DDA76A57093D81D15B5720"
"data\experiments\toolflow_sensitivity_matrix_20260531\route_extract\heldout_x36y35_data_ro4_explore1_cells.csv","19439","2026-05-31T17:14:00","9FD8781F3E99ACA9CDABEB7EBCE01055ED7C4AFAB49BBBC7C7168587DC8168FE"
"data\experiments\toolflow_sensitivity_matrix_20260531\route_extract\heldout_x36y35_data_ro4_explore1_neighborhood_cells.csv","16945","2026-05-31T17:14:42","B241E9523643A264BD62F6D52EA4BA4311B1F5E0211698B6806F83EDFDD98C7E"
"data\experiments\toolflow_sensitivity_matrix_20260531\route_extract\heldout_x36y35_data_ro4_explore1_net_delays.csv","142958","2026-05-31T17:14:42","7D7116529BAF58A5146A64B3E3188893C87E1F6C8D721D72AE9EFE8BEA9E0D49"
"data\experiments\toolflow_sensitivity_matrix_20260531\route_extract\heldout_x36y35_data_ro4_explore1_nets.csv","164246","2026-05-31T17:14:42","E5838F520A66ACDA33678F755E1635FE65E4280023DAFE802DA5544293040996"
"data\experiments\toolflow_sensitivity_matrix_20260531\route_extract\heldout_x36y35_data_ro4_explore1_pips.csv","4706551","2026-05-31T17:14:42","DB3E7480E2FEFD695297B5FA77DA9C932F7227D127D0410860B41D845F2EF7BA"
"data\experiments\toolflow_sensitivity_matrix_20260531\route_extract\heldout_x36y35_data_ro4_explore1_sample_to_regs_timing.rpt","1803","2026-05-31T17:14:43","8672B233C8DC410CA57293B27B355738B6EA54F30F590912D5ECE18307BDB56F"
"data\experiments\toolflow_sensitivity_matrix_20260531\route_extract\heldout_x36y35_data_ro4_explore1_summary.txt","335","2026-05-31T17:13:59","2D8B20DD1B27645AB489FF6052907C360BFCE60001F8B50BC23A9D803B3B71B3"
"data\experiments\toolflow_sensitivity_matrix_20260531\route_extract\heldout_x36y35_data_ro4_original_cells.csv","19439","2026-05-31T17:12:02","647A481C3E5E3D8A876F5CC34E45121DC12E118DB64196817DB3644CD6E536F5"
"data\experiments\toolflow_sensitivity_matrix_20260531\route_extract\heldout_x36y35_data_ro4_original_neighborhood_cells.csv","16945","2026-05-31T17:12:29","13A71ED90C5DF3A4241F7FAF7AE9346F40C409765CD12DA22195E4D6B01151CB"
"data\experiments\toolflow_sensitivity_matrix_20260531\route_extract\heldout_x36y35_data_ro4_original_net_delays.csv","142958","2026-05-31T17:12:28","B7F846FC563D4D01C6CA143A39AA3DCB9864DDE27C1D4DF8B03E5FA7FAC6AE63"
"data\experiments\toolflow_sensitivity_matrix_20260531\route_extract\heldout_x36y35_data_ro4_original_nets.csv","164246","2026-05-31T17:12:28","4A4C5D7E0372D0D32BD191984FA0571D5D1F86CFE29EA6073D8A7870BB10D75C"
"data\experiments\toolflow_sensitivity_matrix_20260531\route_extract\heldout_x36y35_data_ro4_original_pips.csv","4706551","2026-05-31T17:12:28","5AC73547ABEB06B686719A4F256962082DB3C7646F6262CEAC66AF6C09D96028"
"data\experiments\toolflow_sensitivity_matrix_20260531\route_extract\heldout_x36y35_data_ro4_original_sample_to_regs_timing.rpt","1803","2026-05-31T17:12:29","A2C56FE38C53857C9C11ED19973D92CC0C528672338A3891A2C1C501C0EE85E4"
"data\experiments\toolflow_sensitivity_matrix_20260531\route_extract\heldout_x36y35_data_ro4_original_summary.txt","326","2026-05-31T17:12:02","C97E5C106294E8FE1F76A99667625DE7E3A5211A935298E8A6B617467FE99D9B"
"data\experiments\toolflow_sensitivity_matrix_20260531\route_extract\heldout_x36y35_data_ro4_original_vs_heldout_x36y35_data_ro4_explore1_cell_diff_20260528.csv","20045","2026-05-31T17:29:25","48CC335B22EF2B8FE1BE63678AB6071A8C8D42C922194AC14F5D4710F39BDA63"
"data\experiments\toolflow_sensitivity_matrix_20260531\route_extract\heldout_x36y35_data_ro4_original_vs_heldout_x36y35_data_ro4_explore1_net_diff_20260528.csv","80887","2026-05-31T17:29:25","F133FF0205036E61CFF27F9D7B0541EDEA5CD73F7DB38525FB38D1729BBE15B1"
"data\experiments\toolflow_sensitivity_matrix_20260531\route_extract\sample_ro_local_all640_explore1_cells.csv","19299","2026-05-31T17:19:13","5CA4D830B22B147962BB4B98C916E9A8AB9AF23A11C32276D7572C29C87CA0B9"
"data\experiments\toolflow_sensitivity_matrix_20260531\route_extract\sample_ro_local_all640_explore1_neighborhood_cells.csv","21008","2026-05-31T17:20:08","A25DE77C8B9FBA3301906BB5CA086C992A44A9BB177FE9A1524A0C6C7D185139"
"data\experiments\toolflow_sensitivity_matrix_20260531\route_extract\sample_ro_local_all640_explore1_net_delays.csv","150326","2026-05-31T17:20:08","6E1F0C48E67975CA76F82D4B50FD05B95F7F4543413135A6168629339C2D2C2B"
"data\experiments\toolflow_sensitivity_matrix_20260531\route_extract\sample_ro_local_all640_explore1_nets.csv","165406","2026-05-31T17:20:08","0B8884844C7C0DAF434B69CED247578EC1841DA75B171C61CC297369EEC22829"
"data\experiments\toolflow_sensitivity_matrix_20260531\route_extract\sample_ro_local_all640_explore1_pips.csv","4526838","2026-05-31T17:20:08","BFF180DAD0A4B1625C5640AF4A66926B27D60A0C49EA6AAF7C05519DD0ED9395"
"data\experiments\toolflow_sensitivity_matrix_20260531\route_extract\sample_ro_local_all640_explore1_sample_to_regs_timing.rpt","1878","2026-05-31T17:20:09","160C9CA211711095BDD777E7AC099B57B819D8825288861D9AA51F493418011B"
"data\experiments\toolflow_sensitivity_matrix_20260531\route_extract\sample_ro_local_all640_explore1_summary.txt","314","2026-05-31T17:19:13","F3A56D86C5F945F1EC538DDEAA745D51AC34922EF6A7325DB7403010A03773C3"
"data\experiments\toolflow_sensitivity_matrix_20260531\route_extract\sample_ro_local_all640_original_cells.csv","19299","2026-05-31T17:16:41","F810480DD1A50A4785C3D6E1C469A95C5A6EF9610D2923C890F8541068136C1C"
"data\experiments\toolflow_sensitivity_matrix_20260531\route_extract\sample_ro_local_all640_original_neighborhood_cells.csv","21008","2026-05-31T17:17:27","E0A81FDCF1F8492B124BF9D5311A6DBA41719A084C8EF0337F76AEE91417DE6B"
"data\experiments\toolflow_sensitivity_matrix_20260531\route_extract\sample_ro_local_all640_original_net_delays.csv","150326","2026-05-31T17:17:26","F557430EFFDAE4E5CFB13536C3BE6D209FC2BA7E7153911654922E657C8F9EDA"
"data\experiments\toolflow_sensitivity_matrix_20260531\route_extract\sample_ro_local_all640_original_nets.csv","165406","2026-05-31T17:17:26","5F333357C9AC3F58047D028B63C139F22899F56930E4497D6E2DC32C88EB168C"
"data\experiments\toolflow_sensitivity_matrix_20260531\route_extract\sample_ro_local_all640_original_pips.csv","4526838","2026-05-31T17:17:26","BA50FBC7166CC5B38A7601F00110AC8B30F59F203118B09C0C0697F3369F93C8"
"data\experiments\toolflow_sensitivity_matrix_20260531\route_extract\sample_ro_local_all640_original_sample_to_regs_timing.rpt","1878","2026-05-31T17:17:27","5243535276EEDA91FF594968F7657C7D4D2D09CD5D8C77CD0F03097C66A265B7"
"data\experiments\toolflow_sensitivity_matrix_20260531\route_extract\sample_ro_local_all640_original_summary.txt","305","2026-05-31T17:16:41","249BD44899C1B7E1130E3E585EAF64AFF947BA2DA09F019DF3AE7959AF8F04B7"
"data\experiments\toolflow_sensitivity_matrix_20260531\route_extract\sample_ro_local_all640_original_vs_sample_ro_local_all640_explore1_cell_diff_20260528.csv","19765","2026-05-31T17:29:25","7C10B3CDB35CEA6CF6E000DF99E6F6FA936406578433C56F96F24A98CD57A15C"
"data\experiments\toolflow_sensitivity_matrix_20260531\route_extract\sample_ro_local_all640_original_vs_sample_ro_local_all640_explore1_net_diff_20260528.csv","84003","2026-05-31T17:29:25","75D61DDBA4FEBE2F13FE798FA04938BE1D305D74408E73E206BFDCE36A7DEA10"
"data\experiments\toolflow_sensitivity_matrix_20260531\route_extract\sample_ro_local_data_ro0_explore1_cells.csv","19475","2026-05-31T17:24:09","E91B1BF27E4F22F04D85299E0D18103FA62159474D4CDE4B6FA6C3B8310C7734"
"data\experiments\toolflow_sensitivity_matrix_20260531\route_extract\sample_ro_local_data_ro0_explore1_neighborhood_cells.csv","49271","2026-05-31T17:24:30","F8B427FD5DD8C224E7FBA6C9F618503D3922839C4A6AF68FD47BB7A06A11A2AF"
"data\experiments\toolflow_sensitivity_matrix_20260531\route_extract\sample_ro_local_data_ro0_explore1_net_delays.csv","143583","2026-05-31T17:24:30","20EBAE81E2BC74806F7E79F0939770DFB2011ECC55522D67CEA0459095D15228"
"data\experiments\toolflow_sensitivity_matrix_20260531\route_extract\sample_ro_local_data_ro0_explore1_nets.csv","160335","2026-05-31T17:24:30","49FEE6B0B52B9B3667E30C5DBACD7C39AD88F17574904813F4CD0405883DFB2D"
"data\experiments\toolflow_sensitivity_matrix_20260531\route_extract\sample_ro_local_data_ro0_explore1_pips.csv","4637880","2026-05-31T17:24:30","4328BE3785E85FD63AF17884CEF97839C11FA151EE7F528A1C67AFFC78D97FDB"
"data\experiments\toolflow_sensitivity_matrix_20260531\route_extract\sample_ro_local_data_ro0_explore1_sample_to_regs_timing.rpt","1806","2026-05-31T17:24:30","5D79A0C06ED04298E398B2E608408FB978EBE1DC7E982FEB05EE3E430F27CA33"
"data\experiments\toolflow_sensitivity_matrix_20260531\route_extract\sample_ro_local_data_ro0_explore1_summary.txt","318","2026-05-31T17:24:09","C3AC60887B22FC9173CC83276D2CBDE3ACC07A0EE5AB0F6E8C311515A573C42C"
"data\experiments\toolflow_sensitivity_matrix_20260531\route_extract\sample_ro_local_data_ro0_original_cells.csv","19475","2026-05-31T17:21:48","2BBE5D9D42C1D66535883CB4AD4875242489594280F96F279F664F5238DEDAF2"
"data\experiments\toolflow_sensitivity_matrix_20260531\route_extract\sample_ro_local_data_ro0_original_neighborhood_cells.csv","49271","2026-05-31T17:22:19","E08DDEFCC6CD2275EDB768DF7B4F383427CBB3B27036B3C253FC831048D24B14"
"data\experiments\toolflow_sensitivity_matrix_20260531\route_extract\sample_ro_local_data_ro0_original_net_delays.csv","143583","2026-05-31T17:22:18","D4069584B9B217622058B53308512626FC7CC9BDA385367E7E38512B2629A09B"
"data\experiments\toolflow_sensitivity_matrix_20260531\route_extract\sample_ro_local_data_ro0_original_nets.csv","160335","2026-05-31T17:22:18","36C3079564B85FD6B3095A025FF5936EEDAAD4AF26E67B13C839CD77715FCC97"
"data\experiments\toolflow_sensitivity_matrix_20260531\route_extract\sample_ro_local_data_ro0_original_pips.csv","4637880","2026-05-31T17:22:18","950401B5EC17B4206FA46C14DB63D264EA6A4A926BE763A6BF96D0046565E231"
"data\experiments\toolflow_sensitivity_matrix_20260531\route_extract\sample_ro_local_data_ro0_original_sample_to_regs_timing.rpt","1806","2026-05-31T17:22:19","4D3F01829BD424F75E321C66A27617C0446447B7D8A89A116F49138FE8FB0155"
"data\experiments\toolflow_sensitivity_matrix_20260531\route_extract\sample_ro_local_data_ro0_original_summary.txt","309","2026-05-31T17:21:48","D1CFA80FDE5EAC39AF264CCB876F00E6146AE0122AD99512FFA7E01C7946F003"
"data\experiments\toolflow_sensitivity_matrix_20260531\route_extract\sample_ro_local_data_ro0_original_vs_sample_ro_local_data_ro0_explore1_cell_diff_20260528.csv","20117","2026-05-31T17:29:25","E7C6FD8B5588B984BF08663F2CDA6DC5A2C6548DD49698E1B0B0A4653C4D977E"
"data\experiments\toolflow_sensitivity_matrix_20260531\route_extract\sample_ro_local_data_ro0_original_vs_sample_ro_local_data_ro0_explore1_net_diff_20260528.csv","81215","2026-05-31T17:29:25","45AEE83F29A869EBBDA21096CB29705DB1735A4C9FA7D92557337AECB82E2A72"
"data\experiments\toolflow_sensitivity_matrix_20260531\route_extract\sample_ro_local_data_ro4_explore1_cells.csv","19481","2026-05-31T17:28:51","CF4FA9179F4A4FEAA185C29A933DAB54867B1A5641A8555E4D7106AF29605371"
"data\experiments\toolflow_sensitivity_matrix_20260531\route_extract\sample_ro_local_data_ro4_explore1_neighborhood_cells.csv","32954","2026-05-31T17:29:21","8D43EAD425148FE63FFAF673531072C8AF4334CD5BAD7883625F45709B479DE3"
"data\experiments\toolflow_sensitivity_matrix_20260531\route_extract\sample_ro_local_data_ro4_explore1_net_delays.csv","143540","2026-05-31T17:29:21","2F17E512480B4059C7967D8C4FDAF394B5A24E9BB05D80806A6F361DCFB79005"
"data\experiments\toolflow_sensitivity_matrix_20260531\route_extract\sample_ro_local_data_ro4_explore1_nets.csv","159147","2026-05-31T17:29:21","8C827EF518AE27F4725AD5C9CAF7FC0B1CC1B7AA0E708DAF688A70044504C8F3"
"data\experiments\toolflow_sensitivity_matrix_20260531\route_extract\sample_ro_local_data_ro4_explore1_pips.csv","4612062","2026-05-31T17:29:21","E72448459CC0FB00C31012089FDFA9FEC8ECC6DAEE916E181DD23C789B09C18D"
"data\experiments\toolflow_sensitivity_matrix_20260531\route_extract\sample_ro_local_data_ro4_explore1_sample_to_regs_timing.rpt","1806","2026-05-31T17:29:21","CAD636F13E62007FD25D02FF6B23C9890E559D0DF85EE1D81125F766D916097B"
"data\experiments\toolflow_sensitivity_matrix_20260531\route_extract\sample_ro_local_data_ro4_explore1_summary.txt","318","2026-05-31T17:28:51","C043EDAE2DE87E1702A6D759EEFB6531DE6772CB502587DE593D33D3C63EFBBE"
"data\experiments\toolflow_sensitivity_matrix_20260531\route_extract\sample_ro_local_data_ro4_original_cells.csv","19481","2026-05-31T17:26:34","C13211FC0ED61B79AB3420B7DB83D12B8A89847E6DE2D2E8E7A3ADCF0D4D981D"
"data\experiments\toolflow_sensitivity_matrix_20260531\route_extract\sample_ro_local_data_ro4_original_neighborhood_cells.csv","32954","2026-05-31T17:27:03","460354F2EE325657EBA3244900B797E99FDFBFCD248FF8015EC06413AD03DFE9"
"data\experiments\toolflow_sensitivity_matrix_20260531\route_extract\sample_ro_local_data_ro4_original_net_delays.csv","143552","2026-05-31T17:27:03","3DB08191739494479BA5081ED0FC21953C968C8BEAF79035DF77448F05258435"
"data\experiments\toolflow_sensitivity_matrix_20260531\route_extract\sample_ro_local_data_ro4_original_nets.csv","159216","2026-05-31T17:27:03","0C2FC21374F6045AD38E19EC09DD3730C1C474EF6199C26161558E793FAD32B6"
"data\experiments\toolflow_sensitivity_matrix_20260531\route_extract\sample_ro_local_data_ro4_original_pips.csv","4613523","2026-05-31T17:27:03","DFAE761E80BFBF6BCFCE4395E696354E2C0E40C6AFA8F73920365A98D1B1C9A8"
"data\experiments\toolflow_sensitivity_matrix_20260531\route_extract\sample_ro_local_data_ro4_original_sample_to_regs_timing.rpt","1806","2026-05-31T17:27:03","F57335F2ABA4064DEAAA6C56FE99FD0DBE8EEDC8FE3DDD1E9A5AC729A84E42DB"
"data\experiments\toolflow_sensitivity_matrix_20260531\route_extract\sample_ro_local_data_ro4_original_summary.txt","309","2026-05-31T17:26:34","5726139B73B6B43AA288E9FA26344BDBC1BC40CD39420F729011FB54943D4EFE"
"data\experiments\toolflow_sensitivity_matrix_20260531\route_extract\sample_ro_local_data_ro4_original_vs_sample_ro_local_data_ro4_explore1_cell_diff_20260528.csv","20129","2026-05-31T17:29:26","BDAE0C09FEFEBB6BDAEE0B0154E81ADECD4A9BFADDF816D7AA2A97A0E3ED9B54"
"data\experiments\toolflow_sensitivity_matrix_20260531\route_extract\sample_ro_local_data_ro4_original_vs_sample_ro_local_data_ro4_explore1_net_diff_20260528.csv","81206","2026-05-31T17:29:26","DC34630C7DB53435F72A436CFC980EBB45AE8BBE9F92F78EA8F2F87F0110E44C"
"data\experiments\toolflow_sensitivity_matrix_20260531\route_extract\sample_ro_route_evidence_summary_20260528.csv","1760","2026-05-31T17:29:25","087EC61D577AB64605F57FF8C742444A085948BEDB3DC2498069642512130F99"
"data\experiments\toolflow_sensitivity_matrix_20260531\route_extract\sample_ro_route_evidence_summary_20260528.md","11006","2026-05-31T17:29:26","22D44515E6BAD19F835409063FF8934D504E26C12845767293B0F9D241731486"
"data\experiments\toolflow_sensitivity_matrix_20260531\route_overlap_vs_bias_shift.csv","2682","2026-05-31T19:04:57","FD8C8C88221D95B95EACD9DC5A7194CEA7B9F32B9149205029249F7A16A1FA9C"
"data\experiments\toolflow_sensitivity_matrix_20260531\toolflow_capture_metrics.csv","12393","2026-05-31T19:04:57","0F9EB61221141C58387783E08AE567651263336C29CD7123DD82D9077945A350"
"data\experiments\toolflow_sensitivity_matrix_20260531\toolflow_route_pair_diff_summary.csv","1460","2026-05-31T19:04:57","3B300BF85D6AEE2FCD9010DB3AAB968EC54D2FDFA88A3DA7C34B647F7AD7B06B"
"data\experiments\toolflow_sensitivity_matrix_20260531\toolflow_sensitivity_matrix.csv","2682","2026-05-31T19:04:57","FD8C8C88221D95B95EACD9DC5A7194CEA7B9F32B9149205029249F7A16A1FA9C"
"data\experiments\toolflow_sensitivity_matrix_20260531\toolflow_sensitivity_summary.md","1626","2026-05-31T19:04:57","51E48E49B46919529E268BDB4ACB9EB9AB43AD8BFF8438D62EFCA6961911A64B"
"data\experiments\tvlsi_mechanism_validation_20260531\aperture_sweep_model_fit.csv","5384","2026-05-31T19:03:40","38DEDEDEE8C9150AA2E5290A578F0670E3D82A8FF5382C55D00AEA8AC12BE68E"
"data\experiments\tvlsi_mechanism_validation_20260531\mechanism_validation_summary.csv","2166","2026-05-31T19:03:40","60E6AF187DDB7EC0AD5D900E9234788511DEB217904E37BECB98BB3A9B24E42D"
"data\experiments\tvlsi_mechanism_validation_20260531\model_boundary_cases.csv","1563","2026-05-31T19:03:40","7096A2E51C8BF9AFFA9E1BC084FFFF238FCBFF9D06116C368A1E3DFDC40DBD45"
"data\experiments\tvlsi_mechanism_validation_20260531\route_delay_bias_shift_model.csv","7824","2026-05-31T19:03:40","7DC88BDA85E3DAE87486728F12C1D0F99EC874AC37E77FD7CC84070C168DA5D5"
"data\experiments\tvlsi_mechanism_validation_20260531\toolflow_sensitivity_mechanism_boundary.csv","1761","2026-05-31T19:03:40","AFD3EF714403207AA9B1891D3BD6B3BD1CE1A507C62609A6B6334CF84B6EDEC1"
"data\experiments\tvlsi_mechanism_validation_20260531\tvlsi_mechanism_validation_20260531.md","2144","2026-05-31T19:03:40","2676B23D2391AE33D8BFBD3ED88861A80C8B74220FEF92E4C8F97F2D398DF819"
"data\experiments\tvlsi_sampler_aperture_model_20260530\contributor_dataset.csv","32981","2026-05-31T03:15:22","E9596F9D7352FD797FDAD50035C90F7BB2A426FFF5BC66D62CB6BA0EDDBA3356"
"data\experiments\tvlsi_sampler_aperture_model_20260530\frozen_prediction_vs_observed.csv","43859","2026-05-31T03:15:22","2A0174E2E8805E9338D4A9FA011EA46434F7753EB64EFFF93E9C1C36C61E6969"
"data\experiments\tvlsi_sampler_aperture_model_20260530\heldout_per_bitstream_route_audit_20260530.csv","12254","2026-05-30T03:02:15","D53B87745FA3A2DC98193721F92AE54F03B5D49E39FF0F9DBBEBA8888887963B"
"data\experiments\tvlsi_sampler_aperture_model_20260530\heldout_sampler_route_audit_summary.csv","819","2026-05-31T03:15:22","31A3DB681E2814B6E7E0232E268369866D26FFF644E69578FF0EA0BE2CC97EEA"
"data\experiments\tvlsi_sampler_aperture_model_20260530\heldout_sampler_route_pair_diff_summary.csv","2127","2026-05-31T03:15:22","9C25D8264961345B60B06493061641F587496279DC3549E62C1C52E7FC1D0476"
"data\experiments\tvlsi_sampler_aperture_model_20260530\implementation_metrics_20260530.csv","15355","2026-05-30T03:02:15","B69B986384406834141043B0F7F6AAD0B973C3D130F6AB2E57709825F6536407"
"data\experiments\tvlsi_sampler_aperture_model_20260530\input_source_status.csv","3067","2026-05-31T03:15:22","EC973828980C226009B62A6840E746759D1D084A58F86ABF4BBE8DBD73E114B3"
"data\experiments\tvlsi_sampler_aperture_model_20260530\mechanism_ablation_summary.csv","672","2026-05-31T03:15:22","E93F5DB2B316FEC1A4EB67D621A5B2C4C2023648B978C9C68760284A7592960F"
"data\experiments\tvlsi_sampler_aperture_model_20260530\prediction_metrics_summary.csv","569","2026-05-31T03:15:22","CF5EF17F95803133DE9D3B5952FF02F6B42E88FDF39DA12334B6C06253EF6C5F"
"data\experiments\tvlsi_sampler_aperture_model_20260530\prediction_vs_observed.csv","12006","2026-05-31T03:15:22","854D5EC42C5B4C9F6A9ED2D57E65DA525C127405AEA1E88B5EE7280A96DF343D"
"data\experiments\tvlsi_sampler_aperture_model_20260530\repeat_stability_summary.csv","1584","2026-05-31T03:15:22","5F9ED1A37574F50C4F9243EE1C1290CE56A29D2A630D3F32AD7BDCBCFA67E93E"
"data\experiments\tvlsi_sampler_aperture_model_20260530\route_feature_summary.csv","1666","2026-05-31T03:15:22","530053A9C79CF668E886C8951E973A77569CFF0224DAD07719329993D96E0007"
"data\experiments\tvlsi_sampler_aperture_model_20260530\route_result_correlation.csv","40378","2026-05-31T03:15:22","C4C004F26667FF79E6338103A0C432D9C255D374620A61C098614F9973AAA9C1"
"data\experiments\tvlsi_sampler_aperture_model_20260530\sampler_counterfactual_board_summary.csv","4792","2026-05-31T03:15:22","77D006A5D7CBDD91A515D35267698E7021A469012DDA779A795B699189B0E56F"
"data\experiments\tvlsi_sampler_aperture_model_20260530\second_heldout_implementation_metrics_20260530.csv","7757","2026-05-30T15:45:36","70FE609D08BB679FAFC1684A09DDF3546A3228BA3D2387283C148282583DCC39"
"data\experiments\tvlsi_sampler_aperture_model_20260530\second_heldout_per_bitstream_route_audit_20260530.csv","11492","2026-05-30T15:45:36","8593C59797CD833713D899C4A1887A4B47C98B98DA39AF49E3A05F909141F64E"
"data\experiments\tvlsi_sampler_aperture_model_20260530\second_heldout_route_pair_diff_summary_20260530.csv","2041","2026-05-30T15:45:36","2A289CF9E74483E322F86745BFD3613E5489AB9888300D47C236E44D792EAEC3"
"data\experiments\tvlsi_sampler_aperture_model_20260530\tvlsi_sampler_aperture_model_20260530.md","4981","2026-05-31T03:15:22","D3DECC340439C6AD42EDC1FBD88A8806BB5A99F99CFE3360F69FB3A9A90A6AA7"
"data\experiments\tvlsi_sampler_aperture_model_20260530\warmup_neighbor_summary.csv","1431","2026-05-31T03:15:22","ED7B12A0A0877D103B5151D6B8283AAEF9AA749A44DD62C80A556C61095782F0"
"data\experiments\tvlsi_sampler_aperture_model_20260530\xadc_sysmon_diagnosis_20260530.csv","526","2026-05-30T22:37:48","5F4E6976027882EF15D3D14D0EEB97A48BF5333AFE4B90B8FA503885F66CF77D"
"data\experiments\tvlsi_sampler_aperture_model_20260530\xor_cancellation_model.csv","1537","2026-05-31T03:15:22","A358DAF166161CEDFFE1DA01FC3B34E6D559132B3D6ACCDEBC7086531770DF33"
"data\experiments\xadc_summary\board2_bitstream_xadc_compare_20260531.csv","191","2026-05-31T03:05:55","98B297EBB1DA29EE67AECB4F6CD05CB5B6B661F0F461ACE5738E91A67C651834"
"data\experiments\xadc_summary\pvt_xadc_manifest_validation_20260530.csv","39863","2026-05-30T22:31:48","7516225FCB19F7A09486228B3DE1D9BB8ED0B299F4BA823548956F13BB3A395F"
"data\experiments\xadc_summary\pvt_xadc_manifest_validation_20260531.csv","76544","2026-05-31T03:09:24","5EAF847848BE8AFB2CC8712FB739126E6E646DAC32D909F673A52F2CDE7649E5"
"data\hardware\20260529_fpga1_board2\restart_reduced_xor_second_heldout_sampler_20260530\summary\board2_second_heldout_sample_ro_local_anchor_repeats.csv","2681","2026-05-30T15:45:37","2BF25C8C385F8795BBC65340E0AD183CE8C3073633AE3C4E0FA22228208E4021"
"data\hardware\20260529_fpga1_board2\restart_reduced_xor_second_heldout_sampler_20260530\summary\board2_second_heldout_sample_ro_local_anchor_repeats_aggregate.csv","627","2026-05-30T15:45:37","03266E74344955D190ACCB8C12E37F1ADCB8474EFE6065DA2AA0EF246F2A9C0E"
"data\hardware\20260529_fpga1_board2\restart_reduced_xor_second_heldout_sampler_20260530\summary\board2_second_heldout_sample_ro_local_missing_20260530.csv","40","2026-05-30T15:45:37","1CA5F6366DFBD28510DFD6F3D2A51EAECE8C50EA72CBE9BAD295C91A907B0D2D"
"data\hardware\20260529_fpga1_board2\restart_reduced_xor_second_heldout_sampler_20260530\summary\board2_second_heldout_sample_ro_local_w10_reduced_xor_full_map.csv","6135","2026-05-30T15:45:37","C869C4D84F106187E39D0AC35277206CBB2E2D965D1AFF0D20622F74F3E39D3E"
"data\hardware\20260529_fpga1_board2\restart_reduced_xor_second_heldout_sampler_20260530\summary\board2_second_heldout_sample_ro_local_w10_reduced_xor_full_map.md","2796","2026-05-30T15:45:37","7F5B4252F9FC9749935D118A6CFCA93E0A805968A77B409A7546DB636E7D8C8E"
"data\hardware\20260529_fpga1_board2\restart_reduced_xor_second_heldout_sampler_20260530\summary\second_heldout_reduced_xor_full_map.csv","6135","2026-05-30T15:45:37","C869C4D84F106187E39D0AC35277206CBB2E2D965D1AFF0D20622F74F3E39D3E"
"data\hardware\20260529_fpga1_board2\restart_reduced_xor_second_heldout_sampler_20260530\summary\second_heldout_sample_ro_local_capture_manifest_20260530.csv","70344","2026-05-31T02:54:57","36B951E4BE487208017A34AD5BFC8240E477F8F45204816AF7371DF809FBDF38"
"data\hardware\20260529_fpga1_board2\restart_reduced_xor_second_heldout_sampler_20260530\summary\second_heldout_sample_ro_local_pvt_manifest_20260530.csv","36835","2026-05-31T02:54:57","63AD900D74ACC37F402A2AD68E583436A69662D79513811539DDCF0ED51E0AD2"
"data\hardware\20260529_fpga1_board2\restart_toolflow_sensitivity_20260531\metadata\restart_toolflow_random1_heldout_sample_x36y35_regs_x45y31_warmup10_all640_explore1_run01_1000x125_strict_20260531.json","3501","2026-05-31T17:49:23","EEE2D6E63A0D0AE22953F3EF128D2B0ED5A3535667F6F81FB819F4D0A6DF3939"
"data\hardware\20260529_fpga1_board2\restart_toolflow_sensitivity_20260531\metadata\restart_toolflow_random1_heldout_sample_x36y35_regs_x45y31_warmup10_all640_original_run01_1000x125_strict_20260531.json","3506","2026-05-31T17:41:02","FBB2A82217184CD0C1956D912579B7AF2D5EB77B174D48515CFF1A654B6FC63D"
"data\hardware\20260529_fpga1_board2\restart_toolflow_sensitivity_20260531\metadata\restart_toolflow_random1_heldout_sample_x36y35_regs_x45y31_warmup10_data_ro0_explore1_run01_1000x125_strict_20260531.json","3512","2026-05-31T18:02:53","CAEC089DD9D34BEB3568C4DA58F536869E3CAE61DC71FD2F35ED0CD64DA81A1A"
"data\hardware\20260529_fpga1_board2\restart_toolflow_sensitivity_20260531\metadata\restart_toolflow_random1_heldout_sample_x36y35_regs_x45y31_warmup10_data_ro0_original_run01_1000x125_strict_20260531.json","3481","2026-05-31T17:56:18","447E82EF1964810E9AC4DAF8AC0E40A80667661854E70993A91117143782D7B0"
"data\hardware\20260529_fpga1_board2\restart_toolflow_sensitivity_20260531\metadata\restart_toolflow_random1_heldout_sample_x36y35_regs_x45y31_warmup10_data_ro4_explore1_run01_1000x125_strict_20260531.json","3512","2026-05-31T18:15:02","61E14B3E45C5DCD2AFD631F584D7B7DA29CF3D858A8B7533702D6129EA2E0606"
"data\hardware\20260529_fpga1_board2\restart_toolflow_sensitivity_20260531\metadata\restart_toolflow_random1_heldout_sample_x36y35_regs_x45y31_warmup10_data_ro4_original_run01_1000x125_strict_20260531.json","3465","2026-05-31T18:09:27","5E886DBD3D7F78FDFD1EF0E8CABF4621B2270F2BEF1D396EA9799428F19129A8"
"data\hardware\20260529_fpga1_board2\restart_toolflow_sensitivity_20260531\metadata\restart_toolflow_random1_second_heldout_sample_ro_local_warmup10_all640_explore1_run01_1000x125_strict_20260531.json","3458","2026-05-31T18:26:52","7F885A1FF4080BD6EBD035E9AF24E37BC61CE06054294F11515208924E70C0C1"
"data\hardware\20260529_fpga1_board2\restart_toolflow_sensitivity_20260531\metadata\restart_toolflow_random1_second_heldout_sample_ro_local_warmup10_all640_original_run01_1000x125_strict_20260531.json","3411","2026-05-31T18:21:03","B73ACBE4758F234736E2B7A7A4179FD9ABF615D4C6D0C9342E7514F9E89F1840"
"data\hardware\20260529_fpga1_board2\restart_toolflow_sensitivity_20260531\metadata\restart_toolflow_random1_second_heldout_sample_ro_local_warmup10_data_ro0_explore1_run01_1000x125_strict_20260531.json","3469","2026-05-31T18:36:42","6C66D87E277B533FDCA9207E7CD1BF3911ADB4B6BC945DBE45B6C508E99C0CAF"
"data\hardware\20260529_fpga1_board2\restart_toolflow_sensitivity_20260531\metadata\restart_toolflow_random1_second_heldout_sample_ro_local_warmup10_data_ro0_original_run01_1000x125_strict_20260531.json","3422","2026-05-31T18:31:39","676880CF7E1C46FC06F1648D1919AB1DA932DE07684915F08C4AC01F777A9B66"
"data\hardware\20260529_fpga1_board2\restart_toolflow_sensitivity_20260531\metadata\restart_toolflow_random1_second_heldout_sample_ro_local_warmup10_data_ro4_explore1_run01_1000x125_strict_20260531.json","3469","2026-05-31T18:46:44","1599F86E05816F9EB89BC8664650B7490422E4E623F1D985B06625178A139689"
"data\hardware\20260529_fpga1_board2\restart_toolflow_sensitivity_20260531\metadata\restart_toolflow_random1_second_heldout_sample_ro_local_warmup10_data_ro4_original_run01_1000x125_strict_20260531.json","3422","2026-05-31T18:41:50","A66E54F9D8A84A1B5FE572C910B82B2275309224D809C8FCF514016ABD412048"
"data\hardware\20260529_fpga1_board2\restart_toolflow_sensitivity_20260531\summary\toolflow_sensitivity_capture_manifest_20260531.csv","11814","2026-05-31T18:46:44","20464FA4006D608F6C0F59E1062A959B25FFFD1D98AA52B5036681E2EF3465C0"
"data\hardware\20260529_fpga1_board2\restart_toolflow_sensitivity_20260531\summary\toolflow_sensitivity_pvt_manifest_20260531.csv","9192","2026-05-31T18:46:44","C840F6A3CB8B96069462D37DAA5A00BCA1266637C5AC76BAFD2CFD73D0C177E5"
"data\hardware\20260529_fpga1_board2\restart_toolflow_sensitivity_20260531\xadc_readings.csv","1178","2026-05-31T18:46:23","04B85E5AD6C2584AEA93A663E6EAA3EB28B0E5C6CFD5DF1637A3F337E07C8A58"
"paper\RO_TRNG_tvlsi_sampler_aperture\AGENTS.md","557","2026-05-30T01:51:53","EDFE9A8C50B90F2B2D4029F1A9264D86619C4D01355C2BA1FF5E87F0CF34AA1D"
"paper\RO_TRNG_tvlsi_sampler_aperture\evidence\claim_evidence_table.md","10414","2026-05-31T18:48:18","6072CD8E352E693F3FF8D0D2EE0CE76C80B437D7B2834C690611C7FD1661DAC0"
"paper\RO_TRNG_tvlsi_sampler_aperture\evidence\evidence_gap.md","7255","2026-05-31T18:48:00","D90A1589F391E625807F4433FB36431CE95E19ECBA5A4D0AD829025644491CBA"
"paper\RO_TRNG_tvlsi_sampler_aperture\evidence\figure_table_plan.md","7167","2026-05-31T18:48:36","02F67435E14731ACADF5D04D60DDA2847B450105B1ADD22E71D60C38E400B272"
"paper\RO_TRNG_tvlsi_sampler_aperture\manuscript\main.tex","1862","2026-05-30T01:51:53","8A5925F0B2A05C61DC9807CA7B41EEE0B48BB44CC5D73D40A4D0DD45AD6B11DA"
"paper\RO_TRNG_tvlsi_sampler_aperture\notes\checkpoint_20260530.md","6906","2026-05-30T11:21:13","0E0CB46160E8A12A9546842CBE425E38CC65B3D38F929E14BCF15C221CBA6776"
"paper\RO_TRNG_tvlsi_sampler_aperture\notes\mechanism_validation_plan_20260530.md","5213","2026-05-31T19:04:34","B2CEDA61125EB63B1BAAC0BF4B2FFE5EC12DEB8E15380E0A7FF46AA03B788DBC"
"paper\RO_TRNG_tvlsi_sampler_aperture\notes\physical_mechanism_scaffold_20260530.md","13303","2026-05-30T11:20:14","35E9FDA285CBD2746F4811B4C4E440318E2C3C196BD8AD06362C93356BBF9DFA"
"paper\RO_TRNG_tvlsi_sampler_aperture\notes\project_evidence_map.md","2235","2026-05-30T01:51:53","BA2842269E491C98D21F94A5747FF2278567442814EC897E53970DF5137B907D"
"paper\RO_TRNG_tvlsi_sampler_aperture\notes\pvt_xadc_validation_note_20260530.md","6845","2026-05-31T03:13:25","379212557BF0349CE768707E9546A9E8046BBC075CCB1E5EE541CC6B6F6567E4"
"paper\RO_TRNG_tvlsi_sampler_aperture\notes\second_heldout_route_pvt_guard_20260530.md","9960","2026-05-30T11:23:41","E18FF4489B5668051E09F409D782DCF363C34090B33BAC015D166BD1CAEAC4D6"
"paper\RO_TRNG_tvlsi_sampler_aperture\notes\toolflow_sensitivity_boundary_20260530.md","3696","2026-05-31T18:49:08","9998C1DAE8B584D01E97A4492A71BD9E0A8AF82FDF12FA1EC3CC392CCC393A3F"
"paper\RO_TRNG_tvlsi_sampler_aperture\notes\toolflow_sensitivity_manuscript_table_20260531.md","2549","2026-05-31T19:03:09","EB44471065803F706A4654E80B4CD799B9A0DB5609C34F995EEC193745791384"
"paper\RO_TRNG_tvlsi_sampler_aperture\notes\tvlsi_model_plan.md","1568","2026-05-30T01:51:53","9CFBD0C77D3A70EED59F0290521E03D640EFA9C0D9D28DD51961E6D5982AC30D"
"paper\RO_TRNG_tvlsi_sampler_aperture\README.md","1093","2026-05-30T01:51:53","0AAA3458397D39695E2D3115DEFE8F0D7BFA690BA1868148100DFC16BF32EA8D"
"paper\RO_TRNG_tvlsi_sampler_aperture\refs\references.bib","34","2026-05-30T01:51:53","575702E8F6F831433F971BF3D912D0367C3979A678D109734D19B2BE4145E355"
"paper\RO_TRNG_tvlsi_sampler_aperture\venue\target_venue.md","1155","2026-05-30T01:51:53","ECD00A197C73922F24C3C180332F4A9F44B89DB0A42625E91EF6F9164A200345"
"scripts\build_restart_reduced_xor_20260526.ps1","4317","2026-05-31T16:38:24","2131A743431DF13849A3A386E8FA888E6347DCEE8A9EC75B682026CF4236520A"
"scripts\build_tvlsi_mechanism_validation_20260531.py","21598","2026-05-31T19:02:46","7409B5535EB46D3D5F26DD8733525604ADE4E4F6A5914A58970E10BC4BCE5178"
"scripts\diagnose_xadc_sysmon_20260530.ps1","977","2026-05-30T22:30:32","9D180BD902AA7D078058957E286A3E1F779BBB79FD61CFDE6AD88AF57BACA9D6"
"scripts\run_board2_second_heldout_sample_ro_local_20260530.ps1","12013","2026-05-30T13:12:41","50C6A98BF83EEA62F8D005B338275E0F9862ED87BAE2816E436235AA85F776FE"
"scripts\run_board2_second_heldout_warmup_aperture_sweep_20260530.ps1","12514","2026-05-30T22:40:39","58FC9F55C5AB1990B16166A5FB9318E41170147204379770A724E1D871F07963"
"scripts\run_tvlsi_toolflow_sensitivity_20260531.ps1","17160","2026-05-31T16:39:10","DA5187F9798E793EE841C9051F28D12E875CB98E93D452A78929E78D13108CBE"
"scripts\summarize_pvt_xadc_manifest_20260530.py","6731","2026-05-30T22:31:31","15BFB9E90FAA953E9CF41D5821A312431181F41E11C7F138E9308B282F1E1982"
"scripts\summarize_second_heldout_warmup_aperture_sweep_20260530.py","22349","2026-05-31T02:56:21","726EFD3FF73EB7828B3343AB6B5EA77558B15EE24D179674ABA01DB50CBD20D6"
"scripts\summarize_tvlsi_toolflow_sensitivity_20260531.py","24732","2026-05-31T16:29:44","6BE667E66A1607ADD73B256745E87BF8F45B89925E47E26E4E1F0C9AEAB19AD3"
"scripts\tvlsi_build_sampler_aperture_model_20260530.py","69520","2026-05-30T15:55:04","5A68F03795E349131A2EEB02AA3D6AB0D1B7C886F0E7950A928AA79976546E44"
"scripts\update_github_export_snapshot.ps1","9039","2026-05-31T19:03:25","ADD10A16439886B8AE537064271C1B3052A0E40F87686BEBE0433FFFC33C0D9B"
"scripts\vivado\diagnose_xadc_sysmon_20260530.tcl","4546","2026-05-30T22:36:44","1173D3AF3276BD2AF9DFBC57CE5F6D48A84408AB2577142961C2F1A70629AF76"
