label_a,label_b,group,net,pips_a,pips_b,nodes_a,nodes_b,route_changed,drivers_a,drivers_b,loads_a,loads_b
sample_ro_local_data_ro4_original,sample_ro_local_data_ro4_explore1,data_ro_net,u_entropy_source/RO_NUM_LOOP[0].RO_AND.u_LUT6_and2_1/<const0>,918,918,969,969,False,u_entropy_source/RO_NUM_LOOP[0].RO_AND.u_LUT6_and2_1/GND,u_entropy_source/RO_NUM_LOOP[0].RO_AND.u_LUT6_and2_1/GND,u_entropy_source/RO_NUM_LOOP[0].RO_AND.u_LUT6_and2_1/u_LUT6,u_entropy_source/RO_NUM_LOOP[0].RO_AND.u_LUT6_and2_1/u_LUT6
sample_ro_local_data_ro4_original,sample_ro_local_data_ro4_explore1,data_ro_net,u_entropy_source/RO_NUM_LOOP[0].RO_AND.u_LUT6_and2_1/in0[0],5,5,6,6,False,u_entropy_source/RO_NUM_LOOP[0].RO_AND.u_LUT6_and2_1/u_LUT6 u_entropy_source/RO_NUM_LOOP[0].RO_AND.u_LUT6_and2_1,u_entropy_source/RO_NUM_LOOP[0].RO_AND.u_LUT6_and2_1/u_LUT6 u_entropy_source/RO_NUM_LOOP[0].RO_AND.u_LUT6_and2_1,,
sample_ro_local_data_ro4_original,sample_ro_local_data_ro4_explore1,data_ro_net,u_entropy_source/RO_NUM_LOOP[0].RO_AND.u_LUT6_and2_1/out[0],37,37,38,38,False,,,u_entropy_source/RO_NUM_LOOP[0].RO_AND.u_LUT6_and2_1/u_LUT6 u_entropy_source/RO_NUM_LOOP[0].RO_AND.u_LUT6_and2_1,u_entropy_source/RO_NUM_LOOP[0].RO_AND.u_LUT6_and2_1/u_LUT6 u_entropy_source/RO_NUM_LOOP[0].RO_AND.u_LUT6_and2_1
sample_ro_local_data_ro4_original,sample_ro_local_data_ro4_explore1,data_ro_net,u_entropy_source/RO_NUM_LOOP[0].RO_AND.u_LUT6_and2_1/u_LUT6_0,52,52,53,53,False,,,u_entropy_source/RO_NUM_LOOP[0].RO_AND.u_LUT6_and2_1/u_LUT6 u_entropy_source/RO_NUM_LOOP[0].RO_AND.u_LUT6_and2_1,u_entropy_source/RO_NUM_LOOP[0].RO_AND.u_LUT6_and2_1/u_LUT6 u_entropy_source/RO_NUM_LOOP[0].RO_AND.u_LUT6_and2_1
sample_ro_local_data_ro4_original,sample_ro_local_data_ro4_explore1,data_ro_net,u_entropy_source/RO_NUM_LOOP[0].RO_STAGE_LOOP[0].u_LUT6_not1/<const0>,918,918,969,969,False,u_entropy_source/RO_NUM_LOOP[0].RO_STAGE_LOOP[0].u_LUT6_not1/GND,u_entropy_source/RO_NUM_LOOP[0].RO_STAGE_LOOP[0].u_LUT6_not1/GND,u_entropy_source/RO_NUM_LOOP[0].RO_STAGE_LOOP[0].u_LUT6_not1/u_LUT6,u_entropy_source/RO_NUM_LOOP[0].RO_STAGE_LOOP[0].u_LUT6_not1/u_LUT6
sample_ro_local_data_ro4_original,sample_ro_local_data_ro4_explore1,data_ro_net,u_entropy_source/RO_NUM_LOOP[0].RO_STAGE_LOOP[0].u_LUT6_not1/in0[0],37,37,38,38,False,u_entropy_source/RO_NUM_LOOP[0].RO_STAGE_LOOP[0].u_LUT6_not1/u_LUT6 u_entropy_source/RO_NUM_LOOP[0].RO_STAGE_LOOP[0].u_LUT6_not1,u_entropy_source/RO_NUM_LOOP[0].RO_STAGE_LOOP[0].u_LUT6_not1/u_LUT6 u_entropy_source/RO_NUM_LOOP[0].RO_STAGE_LOOP[0].u_LUT6_not1,,
sample_ro_local_data_ro4_original,sample_ro_local_data_ro4_explore1,data_ro_net,u_entropy_source/RO_NUM_LOOP[0].RO_STAGE_LOOP[0].u_LUT6_not1/out[0],5,5,6,6,False,,,u_entropy_source/RO_NUM_LOOP[0].RO_STAGE_LOOP[0].u_LUT6_not1/u_LUT6 u_entropy_source/RO_NUM_LOOP[0].RO_STAGE_LOOP[0].u_LUT6_not1,u_entropy_source/RO_NUM_LOOP[0].RO_STAGE_LOOP[0].u_LUT6_not1/u_LUT6 u_entropy_source/RO_NUM_LOOP[0].RO_STAGE_LOOP[0].u_LUT6_not1
sample_ro_local_data_ro4_original,sample_ro_local_data_ro4_explore1,data_ro_net,u_entropy_source/RO_NUM_LOOP[1].RO_AND.u_LUT6_and2_1/<const0>,918,918,969,969,False,u_entropy_source/RO_NUM_LOOP[1].RO_AND.u_LUT6_and2_1/GND,u_entropy_source/RO_NUM_LOOP[1].RO_AND.u_LUT6_and2_1/GND,u_entropy_source/RO_NUM_LOOP[1].RO_AND.u_LUT6_and2_1/u_LUT6,u_entropy_source/RO_NUM_LOOP[1].RO_AND.u_LUT6_and2_1/u_LUT6
sample_ro_local_data_ro4_original,sample_ro_local_data_ro4_explore1,data_ro_net,u_entropy_source/RO_NUM_LOOP[1].RO_AND.u_LUT6_and2_1/in0[0],4,4,5,5,False,u_entropy_source/RO_NUM_LOOP[1].RO_AND.u_LUT6_and2_1/u_LUT6 u_entropy_source/RO_NUM_LOOP[1].RO_AND.u_LUT6_and2_1,u_entropy_source/RO_NUM_LOOP[1].RO_AND.u_LUT6_and2_1/u_LUT6 u_entropy_source/RO_NUM_LOOP[1].RO_AND.u_LUT6_and2_1,,
sample_ro_local_data_ro4_original,sample_ro_local_data_ro4_explore1,data_ro_net,u_entropy_source/RO_NUM_LOOP[1].RO_AND.u_LUT6_and2_1/out[0],32,32,33,33,False,,,u_entropy_source/RO_NUM_LOOP[1].RO_AND.u_LUT6_and2_1/u_LUT6 u_entropy_source/RO_NUM_LOOP[1].RO_AND.u_LUT6_and2_1,u_entropy_source/RO_NUM_LOOP[1].RO_AND.u_LUT6_and2_1/u_LUT6 u_entropy_source/RO_NUM_LOOP[1].RO_AND.u_LUT6_and2_1
sample_ro_local_data_ro4_original,sample_ro_local_data_ro4_explore1,data_ro_net,u_entropy_source/RO_NUM_LOOP[1].RO_AND.u_LUT6_and2_1/u_LUT6_0,52,52,53,53,False,,,u_entropy_source/RO_NUM_LOOP[1].RO_AND.u_LUT6_and2_1/u_LUT6 u_entropy_source/RO_NUM_LOOP[1].RO_AND.u_LUT6_and2_1,u_entropy_source/RO_NUM_LOOP[1].RO_AND.u_LUT6_and2_1/u_LUT6 u_entropy_source/RO_NUM_LOOP[1].RO_AND.u_LUT6_and2_1
sample_ro_local_data_ro4_original,sample_ro_local_data_ro4_explore1,data_ro_net,u_entropy_source/RO_NUM_LOOP[1].RO_STAGE_LOOP[0].u_LUT6_not1/<const0>,918,918,969,969,False,u_entropy_source/RO_NUM_LOOP[1].RO_STAGE_LOOP[0].u_LUT6_not1/GND,u_entropy_source/RO_NUM_LOOP[1].RO_STAGE_LOOP[0].u_LUT6_not1/GND,u_entropy_source/RO_NUM_LOOP[1].RO_STAGE_LOOP[0].u_LUT6_not1/u_LUT6,u_entropy_source/RO_NUM_LOOP[1].RO_STAGE_LOOP[0].u_LUT6_not1/u_LUT6
sample_ro_local_data_ro4_original,sample_ro_local_data_ro4_explore1,data_ro_net,u_entropy_source/RO_NUM_LOOP[1].RO_STAGE_LOOP[0].u_LUT6_not1/in0[0],32,32,33,33,False,u_entropy_source/RO_NUM_LOOP[1].RO_STAGE_LOOP[0].u_LUT6_not1/u_LUT6 u_entropy_source/RO_NUM_LOOP[1].RO_STAGE_LOOP[0].u_LUT6_not1,u_entropy_source/RO_NUM_LOOP[1].RO_STAGE_LOOP[0].u_LUT6_not1/u_LUT6 u_entropy_source/RO_NUM_LOOP[1].RO_STAGE_LOOP[0].u_LUT6_not1,,
sample_ro_local_data_ro4_original,sample_ro_local_data_ro4_explore1,data_ro_net,u_entropy_source/RO_NUM_LOOP[1].RO_STAGE_LOOP[0].u_LUT6_not1/out[0],4,4,5,5,False,,,u_entropy_source/RO_NUM_LOOP[1].RO_STAGE_LOOP[0].u_LUT6_not1/u_LUT6 u_entropy_source/RO_NUM_LOOP[1].RO_STAGE_LOOP[0].u_LUT6_not1,u_entropy_source/RO_NUM_LOOP[1].RO_STAGE_LOOP[0].u_LUT6_not1/u_LUT6 u_entropy_source/RO_NUM_LOOP[1].RO_STAGE_LOOP[0].u_LUT6_not1
sample_ro_local_data_ro4_original,sample_ro_local_data_ro4_explore1,data_ro_net,u_entropy_source/RO_NUM_LOOP[2].RO_AND.u_LUT6_and2_1/<const0>,918,918,969,969,False,u_entropy_source/RO_NUM_LOOP[2].RO_AND.u_LUT6_and2_1/GND,u_entropy_source/RO_NUM_LOOP[2].RO_AND.u_LUT6_and2_1/GND,u_entropy_source/RO_NUM_LOOP[2].RO_AND.u_LUT6_and2_1/u_LUT6,u_entropy_source/RO_NUM_LOOP[2].RO_AND.u_LUT6_and2_1/u_LUT6
sample_ro_local_data_ro4_original,sample_ro_local_data_ro4_explore1,data_ro_net,u_entropy_source/RO_NUM_LOOP[2].RO_AND.u_LUT6_and2_1/in0[0],4,4,5,5,False,u_entropy_source/RO_NUM_LOOP[2].RO_AND.u_LUT6_and2_1/u_LUT6 u_entropy_source/RO_NUM_LOOP[2].RO_AND.u_LUT6_and2_1,u_entropy_source/RO_NUM_LOOP[2].RO_AND.u_LUT6_and2_1/u_LUT6 u_entropy_source/RO_NUM_LOOP[2].RO_AND.u_LUT6_and2_1,,
sample_ro_local_data_ro4_original,sample_ro_local_data_ro4_explore1,data_ro_net,u_entropy_source/RO_NUM_LOOP[2].RO_AND.u_LUT6_and2_1/out[0],36,36,37,37,False,,,u_entropy_source/RO_NUM_LOOP[2].RO_AND.u_LUT6_and2_1/u_LUT6 u_entropy_source/RO_NUM_LOOP[2].RO_AND.u_LUT6_and2_1,u_entropy_source/RO_NUM_LOOP[2].RO_AND.u_LUT6_and2_1/u_LUT6 u_entropy_source/RO_NUM_LOOP[2].RO_AND.u_LUT6_and2_1
sample_ro_local_data_ro4_original,sample_ro_local_data_ro4_explore1,data_ro_net,u_entropy_source/RO_NUM_LOOP[2].RO_AND.u_LUT6_and2_1/u_LUT6_0,52,52,53,53,False,,,u_entropy_source/RO_NUM_LOOP[2].RO_AND.u_LUT6_and2_1/u_LUT6 u_entropy_source/RO_NUM_LOOP[2].RO_AND.u_LUT6_and2_1,u_entropy_source/RO_NUM_LOOP[2].RO_AND.u_LUT6_and2_1/u_LUT6 u_entropy_source/RO_NUM_LOOP[2].RO_AND.u_LUT6_and2_1
sample_ro_local_data_ro4_original,sample_ro_local_data_ro4_explore1,data_ro_net,u_entropy_source/RO_NUM_LOOP[2].RO_STAGE_LOOP[0].u_LUT6_not1/<const0>,918,918,969,969,False,u_entropy_source/RO_NUM_LOOP[2].RO_STAGE_LOOP[0].u_LUT6_not1/GND,u_entropy_source/RO_NUM_LOOP[2].RO_STAGE_LOOP[0].u_LUT6_not1/GND,u_entropy_source/RO_NUM_LOOP[2].RO_STAGE_LOOP[0].u_LUT6_not1/u_LUT6,u_entropy_source/RO_NUM_LOOP[2].RO_STAGE_LOOP[0].u_LUT6_not1/u_LUT6
sample_ro_local_data_ro4_original,sample_ro_local_data_ro4_explore1,data_ro_net,u_entropy_source/RO_NUM_LOOP[2].RO_STAGE_LOOP[0].u_LUT6_not1/in0[0],36,36,37,37,False,u_entropy_source/RO_NUM_LOOP[2].RO_STAGE_LOOP[0].u_LUT6_not1/u_LUT6 u_entropy_source/RO_NUM_LOOP[2].RO_STAGE_LOOP[0].u_LUT6_not1,u_entropy_source/RO_NUM_LOOP[2].RO_STAGE_LOOP[0].u_LUT6_not1/u_LUT6 u_entropy_source/RO_NUM_LOOP[2].RO_STAGE_LOOP[0].u_LUT6_not1,,
sample_ro_local_data_ro4_original,sample_ro_local_data_ro4_explore1,data_ro_net,u_entropy_source/RO_NUM_LOOP[2].RO_STAGE_LOOP[0].u_LUT6_not1/out[0],4,4,5,5,False,,,u_entropy_source/RO_NUM_LOOP[2].RO_STAGE_LOOP[0].u_LUT6_not1/u_LUT6 u_entropy_source/RO_NUM_LOOP[2].RO_STAGE_LOOP[0].u_LUT6_not1,u_entropy_source/RO_NUM_LOOP[2].RO_STAGE_LOOP[0].u_LUT6_not1/u_LUT6 u_entropy_source/RO_NUM_LOOP[2].RO_STAGE_LOOP[0].u_LUT6_not1
sample_ro_local_data_ro4_original,sample_ro_local_data_ro4_explore1,data_ro_net,u_entropy_source/RO_NUM_LOOP[3].RO_AND.u_LUT6_and2_1/<const0>,918,918,969,969,False,u_entropy_source/RO_NUM_LOOP[3].RO_AND.u_LUT6_and2_1/GND,u_entropy_source/RO_NUM_LOOP[3].RO_AND.u_LUT6_and2_1/GND,u_entropy_source/RO_NUM_LOOP[3].RO_AND.u_LUT6_and2_1/u_LUT6,u_entropy_source/RO_NUM_LOOP[3].RO_AND.u_LUT6_and2_1/u_LUT6
sample_ro_local_data_ro4_original,sample_ro_local_data_ro4_explore1,data_ro_net,u_entropy_source/RO_NUM_LOOP[3].RO_AND.u_LUT6_and2_1/in0[0],4,4,5,5,False,u_entropy_source/RO_NUM_LOOP[3].RO_AND.u_LUT6_and2_1/u_LUT6 u_entropy_source/RO_NUM_LOOP[3].RO_AND.u_LUT6_and2_1,u_entropy_source/RO_NUM_LOOP[3].RO_AND.u_LUT6_and2_1/u_LUT6 u_entropy_source/RO_NUM_LOOP[3].RO_AND.u_LUT6_and2_1,,
sample_ro_local_data_ro4_original,sample_ro_local_data_ro4_explore1,data_ro_net,u_entropy_source/RO_NUM_LOOP[3].RO_AND.u_LUT6_and2_1/out[0],45,45,46,46,False,,,u_entropy_source/RO_NUM_LOOP[3].RO_AND.u_LUT6_and2_1/u_LUT6 u_entropy_source/RO_NUM_LOOP[3].RO_AND.u_LUT6_and2_1,u_entropy_source/RO_NUM_LOOP[3].RO_AND.u_LUT6_and2_1/u_LUT6 u_entropy_source/RO_NUM_LOOP[3].RO_AND.u_LUT6_and2_1
sample_ro_local_data_ro4_original,sample_ro_local_data_ro4_explore1,data_ro_net,u_entropy_source/RO_NUM_LOOP[3].RO_AND.u_LUT6_and2_1/u_LUT6_0,52,52,53,53,False,,,u_entropy_source/RO_NUM_LOOP[3].RO_AND.u_LUT6_and2_1/u_LUT6 u_entropy_source/RO_NUM_LOOP[3].RO_AND.u_LUT6_and2_1,u_entropy_source/RO_NUM_LOOP[3].RO_AND.u_LUT6_and2_1/u_LUT6 u_entropy_source/RO_NUM_LOOP[3].RO_AND.u_LUT6_and2_1
sample_ro_local_data_ro4_original,sample_ro_local_data_ro4_explore1,data_ro_net,u_entropy_source/RO_NUM_LOOP[3].RO_STAGE_LOOP[0].u_LUT6_not1/<const0>,918,918,969,969,False,u_entropy_source/RO_NUM_LOOP[3].RO_STAGE_LOOP[0].u_LUT6_not1/GND,u_entropy_source/RO_NUM_LOOP[3].RO_STAGE_LOOP[0].u_LUT6_not1/GND,u_entropy_source/RO_NUM_LOOP[3].RO_STAGE_LOOP[0].u_LUT6_not1/u_LUT6,u_entropy_source/RO_NUM_LOOP[3].RO_STAGE_LOOP[0].u_LUT6_not1/u_LUT6
sample_ro_local_data_ro4_original,sample_ro_local_data_ro4_explore1,data_ro_net,u_entropy_source/RO_NUM_LOOP[3].RO_STAGE_LOOP[0].u_LUT6_not1/in0[0],45,45,46,46,False,u_entropy_source/RO_NUM_LOOP[3].RO_STAGE_LOOP[0].u_LUT6_not1/u_LUT6 u_entropy_source/RO_NUM_LOOP[3].RO_STAGE_LOOP[0].u_LUT6_not1,u_entropy_source/RO_NUM_LOOP[3].RO_STAGE_LOOP[0].u_LUT6_not1/u_LUT6 u_entropy_source/RO_NUM_LOOP[3].RO_STAGE_LOOP[0].u_LUT6_not1,,
sample_ro_local_data_ro4_original,sample_ro_local_data_ro4_explore1,data_ro_net,u_entropy_source/RO_NUM_LOOP[3].RO_STAGE_LOOP[0].u_LUT6_not1/out[0],4,4,5,5,False,,,u_entropy_source/RO_NUM_LOOP[3].RO_STAGE_LOOP[0].u_LUT6_not1/u_LUT6 u_entropy_source/RO_NUM_LOOP[3].RO_STAGE_LOOP[0].u_LUT6_not1,u_entropy_source/RO_NUM_LOOP[3].RO_STAGE_LOOP[0].u_LUT6_not1/u_LUT6 u_entropy_source/RO_NUM_LOOP[3].RO_STAGE_LOOP[0].u_LUT6_not1
sample_ro_local_data_ro4_original,sample_ro_local_data_ro4_explore1,data_ro_net,u_entropy_source/RO_NUM_LOOP[4].RO_AND.u_LUT6_and2_1/<const0>,918,918,969,969,False,u_entropy_source/RO_NUM_LOOP[4].RO_AND.u_LUT6_and2_1/GND,u_entropy_source/RO_NUM_LOOP[4].RO_AND.u_LUT6_and2_1/GND,u_entropy_source/RO_NUM_LOOP[4].RO_AND.u_LUT6_and2_1/u_LUT6,u_entropy_source/RO_NUM_LOOP[4].RO_AND.u_LUT6_and2_1/u_LUT6
sample_ro_local_data_ro4_original,sample_ro_local_data_ro4_explore1,data_ro_net,u_entropy_source/RO_NUM_LOOP[4].RO_AND.u_LUT6_and2_1/in0[0],4,4,5,5,False,u_entropy_source/RO_NUM_LOOP[4].RO_AND.u_LUT6_and2_1/u_LUT6 u_entropy_source/RO_NUM_LOOP[4].RO_AND.u_LUT6_and2_1,u_entropy_source/RO_NUM_LOOP[4].RO_AND.u_LUT6_and2_1/u_LUT6 u_entropy_source/RO_NUM_LOOP[4].RO_AND.u_LUT6_and2_1,,
sample_ro_local_data_ro4_original,sample_ro_local_data_ro4_explore1,data_ro_net,u_entropy_source/RO_NUM_LOOP[4].RO_AND.u_LUT6_and2_1/out[0],35,35,36,36,False,,,u_entropy_source/RO_NUM_LOOP[4].RO_AND.u_LUT6_and2_1/u_LUT6 u_entropy_source/RO_NUM_LOOP[4].RO_AND.u_LUT6_and2_1,u_entropy_source/RO_NUM_LOOP[4].RO_AND.u_LUT6_and2_1/u_LUT6 u_entropy_source/RO_NUM_LOOP[4].RO_AND.u_LUT6_and2_1
sample_ro_local_data_ro4_original,sample_ro_local_data_ro4_explore1,data_ro_net,u_entropy_source/RO_NUM_LOOP[4].RO_AND.u_LUT6_and2_1/u_LUT6_0,52,52,53,53,False,,,u_entropy_source/RO_NUM_LOOP[4].RO_AND.u_LUT6_and2_1/u_LUT6 u_entropy_source/RO_NUM_LOOP[4].RO_AND.u_LUT6_and2_1,u_entropy_source/RO_NUM_LOOP[4].RO_AND.u_LUT6_and2_1/u_LUT6 u_entropy_source/RO_NUM_LOOP[4].RO_AND.u_LUT6_and2_1
sample_ro_local_data_ro4_original,sample_ro_local_data_ro4_explore1,data_ro_net,u_entropy_source/RO_NUM_LOOP[4].RO_STAGE_LOOP[0].u_LUT6_not1/<const0>,918,918,969,969,False,u_entropy_source/RO_NUM_LOOP[4].RO_STAGE_LOOP[0].u_LUT6_not1/GND,u_entropy_source/RO_NUM_LOOP[4].RO_STAGE_LOOP[0].u_LUT6_not1/GND,u_entropy_source/RO_NUM_LOOP[4].RO_STAGE_LOOP[0].u_LUT6_not1/u_LUT6,u_entropy_source/RO_NUM_LOOP[4].RO_STAGE_LOOP[0].u_LUT6_not1/u_LUT6
sample_ro_local_data_ro4_original,sample_ro_local_data_ro4_explore1,data_ro_net,u_entropy_source/RO_NUM_LOOP[4].RO_STAGE_LOOP[0].u_LUT6_not1/in0[0],35,35,36,36,False,u_entropy_source/RO_NUM_LOOP[4].RO_STAGE_LOOP[0].u_LUT6_not1/u_LUT6 u_entropy_source/RO_NUM_LOOP[4].RO_STAGE_LOOP[0].u_LUT6_not1,u_entropy_source/RO_NUM_LOOP[4].RO_STAGE_LOOP[0].u_LUT6_not1/u_LUT6 u_entropy_source/RO_NUM_LOOP[4].RO_STAGE_LOOP[0].u_LUT6_not1,,
sample_ro_local_data_ro4_original,sample_ro_local_data_ro4_explore1,data_ro_net,u_entropy_source/RO_NUM_LOOP[4].RO_STAGE_LOOP[0].u_LUT6_not1/out[0],4,4,5,5,False,,,u_entropy_source/RO_NUM_LOOP[4].RO_STAGE_LOOP[0].u_LUT6_not1/u_LUT6 u_entropy_source/RO_NUM_LOOP[4].RO_STAGE_LOOP[0].u_LUT6_not1,u_entropy_source/RO_NUM_LOOP[4].RO_STAGE_LOOP[0].u_LUT6_not1/u_LUT6 u_entropy_source/RO_NUM_LOOP[4].RO_STAGE_LOOP[0].u_LUT6_not1
sample_ro_local_data_ro4_original,sample_ro_local_data_ro4_explore1,data_ro_net,u_entropy_source/RO_NUM_LOOP[5].RO_AND.u_LUT6_and2_1/<const0>,918,918,969,969,False,u_entropy_source/RO_NUM_LOOP[5].RO_AND.u_LUT6_and2_1/GND,u_entropy_source/RO_NUM_LOOP[5].RO_AND.u_LUT6_and2_1/GND,u_entropy_source/RO_NUM_LOOP[5].RO_AND.u_LUT6_and2_1/u_LUT6,u_entropy_source/RO_NUM_LOOP[5].RO_AND.u_LUT6_and2_1/u_LUT6
sample_ro_local_data_ro4_original,sample_ro_local_data_ro4_explore1,data_ro_net,u_entropy_source/RO_NUM_LOOP[5].RO_AND.u_LUT6_and2_1/in0[0],4,4,5,5,False,u_entropy_source/RO_NUM_LOOP[5].RO_AND.u_LUT6_and2_1/u_LUT6 u_entropy_source/RO_NUM_LOOP[5].RO_AND.u_LUT6_and2_1,u_entropy_source/RO_NUM_LOOP[5].RO_AND.u_LUT6_and2_1/u_LUT6 u_entropy_source/RO_NUM_LOOP[5].RO_AND.u_LUT6_and2_1,,
sample_ro_local_data_ro4_original,sample_ro_local_data_ro4_explore1,data_ro_net,u_entropy_source/RO_NUM_LOOP[5].RO_AND.u_LUT6_and2_1/out[0],43,43,44,44,False,,,u_entropy_source/RO_NUM_LOOP[5].RO_AND.u_LUT6_and2_1/u_LUT6 u_entropy_source/RO_NUM_LOOP[5].RO_AND.u_LUT6_and2_1,u_entropy_source/RO_NUM_LOOP[5].RO_AND.u_LUT6_and2_1/u_LUT6 u_entropy_source/RO_NUM_LOOP[5].RO_AND.u_LUT6_and2_1
sample_ro_local_data_ro4_original,sample_ro_local_data_ro4_explore1,data_ro_net,u_entropy_source/RO_NUM_LOOP[5].RO_AND.u_LUT6_and2_1/u_LUT6_0,52,52,53,53,False,,,u_entropy_source/RO_NUM_LOOP[5].RO_AND.u_LUT6_and2_1/u_LUT6 u_entropy_source/RO_NUM_LOOP[5].RO_AND.u_LUT6_and2_1,u_entropy_source/RO_NUM_LOOP[5].RO_AND.u_LUT6_and2_1/u_LUT6 u_entropy_source/RO_NUM_LOOP[5].RO_AND.u_LUT6_and2_1
sample_ro_local_data_ro4_original,sample_ro_local_data_ro4_explore1,data_ro_net,u_entropy_source/RO_NUM_LOOP[5].RO_STAGE_LOOP[0].u_LUT6_not1/<const0>,918,918,969,969,False,u_entropy_source/RO_NUM_LOOP[5].RO_STAGE_LOOP[0].u_LUT6_not1/GND,u_entropy_source/RO_NUM_LOOP[5].RO_STAGE_LOOP[0].u_LUT6_not1/GND,u_entropy_source/RO_NUM_LOOP[5].RO_STAGE_LOOP[0].u_LUT6_not1/u_LUT6,u_entropy_source/RO_NUM_LOOP[5].RO_STAGE_LOOP[0].u_LUT6_not1/u_LUT6
sample_ro_local_data_ro4_original,sample_ro_local_data_ro4_explore1,data_ro_net,u_entropy_source/RO_NUM_LOOP[5].RO_STAGE_LOOP[0].u_LUT6_not1/in0[0],43,43,44,44,False,u_entropy_source/RO_NUM_LOOP[5].RO_STAGE_LOOP[0].u_LUT6_not1/u_LUT6 u_entropy_source/RO_NUM_LOOP[5].RO_STAGE_LOOP[0].u_LUT6_not1,u_entropy_source/RO_NUM_LOOP[5].RO_STAGE_LOOP[0].u_LUT6_not1/u_LUT6 u_entropy_source/RO_NUM_LOOP[5].RO_STAGE_LOOP[0].u_LUT6_not1,,
sample_ro_local_data_ro4_original,sample_ro_local_data_ro4_explore1,data_ro_net,u_entropy_source/RO_NUM_LOOP[5].RO_STAGE_LOOP[0].u_LUT6_not1/out[0],4,4,5,5,False,,,u_entropy_source/RO_NUM_LOOP[5].RO_STAGE_LOOP[0].u_LUT6_not1/u_LUT6 u_entropy_source/RO_NUM_LOOP[5].RO_STAGE_LOOP[0].u_LUT6_not1,u_entropy_source/RO_NUM_LOOP[5].RO_STAGE_LOOP[0].u_LUT6_not1/u_LUT6 u_entropy_source/RO_NUM_LOOP[5].RO_STAGE_LOOP[0].u_LUT6_not1
sample_ro_local_data_ro4_original,sample_ro_local_data_ro4_explore1,data_ro_net,u_entropy_source/RO_NUM_LOOP[6].RO_AND.u_LUT6_and2_1/<const0>,918,918,969,969,False,u_entropy_source/RO_NUM_LOOP[6].RO_AND.u_LUT6_and2_1/GND,u_entropy_source/RO_NUM_LOOP[6].RO_AND.u_LUT6_and2_1/GND,u_entropy_source/RO_NUM_LOOP[6].RO_AND.u_LUT6_and2_1/u_LUT6,u_entropy_source/RO_NUM_LOOP[6].RO_AND.u_LUT6_and2_1/u_LUT6
sample_ro_local_data_ro4_original,sample_ro_local_data_ro4_explore1,data_ro_net,u_entropy_source/RO_NUM_LOOP[6].RO_AND.u_LUT6_and2_1/in0[0],5,5,6,6,False,u_entropy_source/RO_NUM_LOOP[6].RO_AND.u_LUT6_and2_1/u_LUT6 u_entropy_source/RO_NUM_LOOP[6].RO_AND.u_LUT6_and2_1,u_entropy_source/RO_NUM_LOOP[6].RO_AND.u_LUT6_and2_1/u_LUT6 u_entropy_source/RO_NUM_LOOP[6].RO_AND.u_LUT6_and2_1,,
sample_ro_local_data_ro4_original,sample_ro_local_data_ro4_explore1,data_ro_net,u_entropy_source/RO_NUM_LOOP[6].RO_AND.u_LUT6_and2_1/out[0],46,46,47,47,False,,,u_entropy_source/RO_NUM_LOOP[6].RO_AND.u_LUT6_and2_1/u_LUT6 u_entropy_source/RO_NUM_LOOP[6].RO_AND.u_LUT6_and2_1,u_entropy_source/RO_NUM_LOOP[6].RO_AND.u_LUT6_and2_1/u_LUT6 u_entropy_source/RO_NUM_LOOP[6].RO_AND.u_LUT6_and2_1
sample_ro_local_data_ro4_original,sample_ro_local_data_ro4_explore1,data_ro_net,u_entropy_source/RO_NUM_LOOP[6].RO_AND.u_LUT6_and2_1/u_LUT6_0,52,52,53,53,False,,,u_entropy_source/RO_NUM_LOOP[6].RO_AND.u_LUT6_and2_1/u_LUT6 u_entropy_source/RO_NUM_LOOP[6].RO_AND.u_LUT6_and2_1,u_entropy_source/RO_NUM_LOOP[6].RO_AND.u_LUT6_and2_1/u_LUT6 u_entropy_source/RO_NUM_LOOP[6].RO_AND.u_LUT6_and2_1
sample_ro_local_data_ro4_original,sample_ro_local_data_ro4_explore1,data_ro_net,u_entropy_source/RO_NUM_LOOP[6].RO_STAGE_LOOP[0].u_LUT6_not1/<const0>,918,918,969,969,False,u_entropy_source/RO_NUM_LOOP[6].RO_STAGE_LOOP[0].u_LUT6_not1/GND,u_entropy_source/RO_NUM_LOOP[6].RO_STAGE_LOOP[0].u_LUT6_not1/GND,u_entropy_source/RO_NUM_LOOP[6].RO_STAGE_LOOP[0].u_LUT6_not1/u_LUT6,u_entropy_source/RO_NUM_LOOP[6].RO_STAGE_LOOP[0].u_LUT6_not1/u_LUT6
sample_ro_local_data_ro4_original,sample_ro_local_data_ro4_explore1,data_ro_net,u_entropy_source/RO_NUM_LOOP[6].RO_STAGE_LOOP[0].u_LUT6_not1/in0[0],46,46,47,47,False,u_entropy_source/RO_NUM_LOOP[6].RO_STAGE_LOOP[0].u_LUT6_not1/u_LUT6 u_entropy_source/RO_NUM_LOOP[6].RO_STAGE_LOOP[0].u_LUT6_not1,u_entropy_source/RO_NUM_LOOP[6].RO_STAGE_LOOP[0].u_LUT6_not1/u_LUT6 u_entropy_source/RO_NUM_LOOP[6].RO_STAGE_LOOP[0].u_LUT6_not1,,
sample_ro_local_data_ro4_original,sample_ro_local_data_ro4_explore1,data_ro_net,u_entropy_source/RO_NUM_LOOP[6].RO_STAGE_LOOP[0].u_LUT6_not1/out[0],5,5,6,6,False,,,u_entropy_source/RO_NUM_LOOP[6].RO_STAGE_LOOP[0].u_LUT6_not1/u_LUT6 u_entropy_source/RO_NUM_LOOP[6].RO_STAGE_LOOP[0].u_LUT6_not1,u_entropy_source/RO_NUM_LOOP[6].RO_STAGE_LOOP[0].u_LUT6_not1/u_LUT6 u_entropy_source/RO_NUM_LOOP[6].RO_STAGE_LOOP[0].u_LUT6_not1
sample_ro_local_data_ro4_original,sample_ro_local_data_ro4_explore1,data_ro_net,u_entropy_source/RO_NUM_LOOP[7].RO_AND.u_LUT6_and2_1/<const0>,918,918,969,969,False,u_entropy_source/RO_NUM_LOOP[7].RO_AND.u_LUT6_and2_1/GND,u_entropy_source/RO_NUM_LOOP[7].RO_AND.u_LUT6_and2_1/GND,u_entropy_source/RO_NUM_LOOP[7].RO_AND.u_LUT6_and2_1/u_LUT6,u_entropy_source/RO_NUM_LOOP[7].RO_AND.u_LUT6_and2_1/u_LUT6
sample_ro_local_data_ro4_original,sample_ro_local_data_ro4_explore1,data_ro_net,u_entropy_source/RO_NUM_LOOP[7].RO_AND.u_LUT6_and2_1/in0[0],4,4,5,5,False,u_entropy_source/RO_NUM_LOOP[7].RO_AND.u_LUT6_and2_1/u_LUT6 u_entropy_source/RO_NUM_LOOP[7].RO_AND.u_LUT6_and2_1,u_entropy_source/RO_NUM_LOOP[7].RO_AND.u_LUT6_and2_1/u_LUT6 u_entropy_source/RO_NUM_LOOP[7].RO_AND.u_LUT6_and2_1,,
sample_ro_local_data_ro4_original,sample_ro_local_data_ro4_explore1,data_ro_net,u_entropy_source/RO_NUM_LOOP[7].RO_AND.u_LUT6_and2_1/out[0],48,48,49,49,False,,,u_entropy_source/RO_NUM_LOOP[7].RO_AND.u_LUT6_and2_1/u_LUT6 u_entropy_source/RO_NUM_LOOP[7].RO_AND.u_LUT6_and2_1,u_entropy_source/RO_NUM_LOOP[7].RO_AND.u_LUT6_and2_1/u_LUT6 u_entropy_source/RO_NUM_LOOP[7].RO_AND.u_LUT6_and2_1
sample_ro_local_data_ro4_original,sample_ro_local_data_ro4_explore1,data_ro_net,u_entropy_source/RO_NUM_LOOP[7].RO_AND.u_LUT6_and2_1/u_LUT6_0,52,52,53,53,False,,,u_entropy_source/RO_NUM_LOOP[7].RO_AND.u_LUT6_and2_1/u_LUT6 u_entropy_source/RO_NUM_LOOP[7].RO_AND.u_LUT6_and2_1,u_entropy_source/RO_NUM_LOOP[7].RO_AND.u_LUT6_and2_1/u_LUT6 u_entropy_source/RO_NUM_LOOP[7].RO_AND.u_LUT6_and2_1
sample_ro_local_data_ro4_original,sample_ro_local_data_ro4_explore1,data_ro_net,u_entropy_source/RO_NUM_LOOP[7].RO_STAGE_LOOP[0].u_LUT6_not1/<const0>,918,918,969,969,False,u_entropy_source/RO_NUM_LOOP[7].RO_STAGE_LOOP[0].u_LUT6_not1/GND,u_entropy_source/RO_NUM_LOOP[7].RO_STAGE_LOOP[0].u_LUT6_not1/GND,u_entropy_source/RO_NUM_LOOP[7].RO_STAGE_LOOP[0].u_LUT6_not1/u_LUT6,u_entropy_source/RO_NUM_LOOP[7].RO_STAGE_LOOP[0].u_LUT6_not1/u_LUT6
sample_ro_local_data_ro4_original,sample_ro_local_data_ro4_explore1,data_ro_net,u_entropy_source/RO_NUM_LOOP[7].RO_STAGE_LOOP[0].u_LUT6_not1/in0[0],48,48,49,49,False,u_entropy_source/RO_NUM_LOOP[7].RO_STAGE_LOOP[0].u_LUT6_not1/u_LUT6 u_entropy_source/RO_NUM_LOOP[7].RO_STAGE_LOOP[0].u_LUT6_not1,u_entropy_source/RO_NUM_LOOP[7].RO_STAGE_LOOP[0].u_LUT6_not1/u_LUT6 u_entropy_source/RO_NUM_LOOP[7].RO_STAGE_LOOP[0].u_LUT6_not1,,
sample_ro_local_data_ro4_original,sample_ro_local_data_ro4_explore1,data_ro_net,u_entropy_source/RO_NUM_LOOP[7].RO_STAGE_LOOP[0].u_LUT6_not1/out[0],4,4,5,5,False,,,u_entropy_source/RO_NUM_LOOP[7].RO_STAGE_LOOP[0].u_LUT6_not1/u_LUT6 u_entropy_source/RO_NUM_LOOP[7].RO_STAGE_LOOP[0].u_LUT6_not1,u_entropy_source/RO_NUM_LOOP[7].RO_STAGE_LOOP[0].u_LUT6_not1/u_LUT6 u_entropy_source/RO_NUM_LOOP[7].RO_STAGE_LOOP[0].u_LUT6_not1
sample_ro_local_data_ro4_original,sample_ro_local_data_ro4_explore1,sample_ro_net,u_entropy_source/RO_SAMPLE_LOOP[0].u_LUT6_not1/<const0>,918,918,969,969,False,u_entropy_source/RO_SAMPLE_LOOP[0].u_LUT6_not1/GND,u_entropy_source/RO_SAMPLE_LOOP[0].u_LUT6_not1/GND,u_entropy_source/RO_SAMPLE_LOOP[0].u_LUT6_not1/u_LUT6,u_entropy_source/RO_SAMPLE_LOOP[0].u_LUT6_not1/u_LUT6
sample_ro_local_data_ro4_original,sample_ro_local_data_ro4_explore1,sample_ro_net,u_entropy_source/RO_SAMPLE_LOOP[0].u_LUT6_not1/in0[0],20,18,21,19,True,u_entropy_source/RO_SAMPLE_LOOP[0].u_LUT6_not1/u_LUT6 u_entropy_source/RO_SAMPLE_LOOP[0].u_LUT6_not1,u_entropy_source/RO_SAMPLE_LOOP[0].u_LUT6_not1/u_LUT6 u_entropy_source/RO_SAMPLE_LOOP[0].u_LUT6_not1,,
sample_ro_local_data_ro4_original,sample_ro_local_data_ro4_explore1,sample_ro_net,u_entropy_source/RO_SAMPLE_LOOP[0].u_LUT6_not1/out[0],20,20,21,21,False,,,u_entropy_source/RO_SAMPLE_LOOP[0].u_LUT6_not1/u_LUT6 u_entropy_source/RO_SAMPLE_LOOP[0].u_LUT6_not1,u_entropy_source/RO_SAMPLE_LOOP[0].u_LUT6_not1/u_LUT6 u_entropy_source/RO_SAMPLE_LOOP[0].u_LUT6_not1
sample_ro_local_data_ro4_original,sample_ro_local_data_ro4_explore1,sample_ro_net,u_entropy_source/RO_SAMPLE_LOOP[1].u_LUT6_not1/<const0>,918,918,969,969,False,u_entropy_source/RO_SAMPLE_LOOP[1].u_LUT6_not1/GND,u_entropy_source/RO_SAMPLE_LOOP[1].u_LUT6_not1/GND,u_entropy_source/RO_SAMPLE_LOOP[1].u_LUT6_not1/u_LUT6,u_entropy_source/RO_SAMPLE_LOOP[1].u_LUT6_not1/u_LUT6
sample_ro_local_data_ro4_original,sample_ro_local_data_ro4_explore1,sample_ro_net,u_entropy_source/RO_SAMPLE_LOOP[1].u_LUT6_not1/in0[0],30,28,31,29,True,u_entropy_source/RO_SAMPLE_LOOP[1].u_LUT6_not1/u_LUT6 u_entropy_source/RO_SAMPLE_LOOP[1].u_LUT6_not1,u_entropy_source/RO_SAMPLE_LOOP[1].u_LUT6_not1/u_LUT6 u_entropy_source/RO_SAMPLE_LOOP[1].u_LUT6_not1,,
sample_ro_local_data_ro4_original,sample_ro_local_data_ro4_explore1,sample_ro_net,u_entropy_source/RO_SAMPLE_LOOP[1].u_LUT6_not1/out[0],20,18,21,19,True,,,u_entropy_source/RO_SAMPLE_LOOP[1].u_LUT6_not1/u_LUT6 u_entropy_source/RO_SAMPLE_LOOP[1].u_LUT6_not1,u_entropy_source/RO_SAMPLE_LOOP[1].u_LUT6_not1/u_LUT6 u_entropy_source/RO_SAMPLE_LOOP[1].u_LUT6_not1
sample_ro_local_data_ro4_original,sample_ro_local_data_ro4_explore1,sample_ro_net,u_entropy_source/RO_SAMPLE_LOOP[2].u_LUT6_not1/<const0>,918,918,969,969,False,u_entropy_source/RO_SAMPLE_LOOP[2].u_LUT6_not1/GND,u_entropy_source/RO_SAMPLE_LOOP[2].u_LUT6_not1/GND,u_entropy_source/RO_SAMPLE_LOOP[2].u_LUT6_not1/u_LUT6,u_entropy_source/RO_SAMPLE_LOOP[2].u_LUT6_not1/u_LUT6
sample_ro_local_data_ro4_original,sample_ro_local_data_ro4_explore1,sample_ro_net,u_entropy_source/RO_SAMPLE_LOOP[2].u_LUT6_not1/in0[0],16,17,17,18,True,u_entropy_source/RO_SAMPLE_LOOP[2].u_LUT6_not1/u_LUT6 u_entropy_source/RO_SAMPLE_LOOP[2].u_LUT6_not1,u_entropy_source/RO_SAMPLE_LOOP[2].u_LUT6_not1/u_LUT6 u_entropy_source/RO_SAMPLE_LOOP[2].u_LUT6_not1,,
sample_ro_local_data_ro4_original,sample_ro_local_data_ro4_explore1,sample_ro_net,u_entropy_source/RO_SAMPLE_LOOP[2].u_LUT6_not1/out[0],30,28,31,29,True,,,u_entropy_source/RO_SAMPLE_LOOP[2].u_LUT6_not1/u_LUT6 u_entropy_source/RO_SAMPLE_LOOP[2].u_LUT6_not1,u_entropy_source/RO_SAMPLE_LOOP[2].u_LUT6_not1/u_LUT6 u_entropy_source/RO_SAMPLE_LOOP[2].u_LUT6_not1
sample_ro_local_data_ro4_original,sample_ro_local_data_ro4_explore1,sample_ro_net,u_entropy_source/RO_SAMPLE_LOOP[3].u_LUT6_not1/<const0>,918,918,969,969,False,u_entropy_source/RO_SAMPLE_LOOP[3].u_LUT6_not1/GND,u_entropy_source/RO_SAMPLE_LOOP[3].u_LUT6_not1/GND,u_entropy_source/RO_SAMPLE_LOOP[3].u_LUT6_not1/u_LUT6,u_entropy_source/RO_SAMPLE_LOOP[3].u_LUT6_not1/u_LUT6
sample_ro_local_data_ro4_original,sample_ro_local_data_ro4_explore1,sample_ro_net,u_entropy_source/RO_SAMPLE_LOOP[3].u_LUT6_not1/in0[0],14,14,15,15,False,u_entropy_source/RO_SAMPLE_LOOP[3].u_LUT6_not1/u_LUT6 u_entropy_source/RO_SAMPLE_LOOP[3].u_LUT6_not1,u_entropy_source/RO_SAMPLE_LOOP[3].u_LUT6_not1/u_LUT6 u_entropy_source/RO_SAMPLE_LOOP[3].u_LUT6_not1,,
sample_ro_local_data_ro4_original,sample_ro_local_data_ro4_explore1,sample_ro_net,u_entropy_source/RO_SAMPLE_LOOP[3].u_LUT6_not1/out[0],16,17,17,18,True,,,u_entropy_source/RO_SAMPLE_LOOP[3].u_LUT6_not1/u_LUT6 u_entropy_source/RO_SAMPLE_LOOP[3].u_LUT6_not1,u_entropy_source/RO_SAMPLE_LOOP[3].u_LUT6_not1/u_LUT6 u_entropy_source/RO_SAMPLE_LOOP[3].u_LUT6_not1
sample_ro_local_data_ro4_original,sample_ro_local_data_ro4_explore1,sample_ro_net,u_entropy_source/RO_SAMPLE_LOOP[4].u_LUT6_not1/<const0>,918,918,969,969,False,u_entropy_source/RO_SAMPLE_LOOP[4].u_LUT6_not1/GND,u_entropy_source/RO_SAMPLE_LOOP[4].u_LUT6_not1/GND,u_entropy_source/RO_SAMPLE_LOOP[4].u_LUT6_not1/u_LUT6,u_entropy_source/RO_SAMPLE_LOOP[4].u_LUT6_not1/u_LUT6
sample_ro_local_data_ro4_original,sample_ro_local_data_ro4_explore1,sample_ro_net,u_entropy_source/RO_SAMPLE_LOOP[4].u_LUT6_not1/in0[0],19,19,20,20,False,u_entropy_source/RO_SAMPLE_LOOP[4].u_LUT6_not1/u_LUT6 u_entropy_source/RO_SAMPLE_LOOP[4].u_LUT6_not1,u_entropy_source/RO_SAMPLE_LOOP[4].u_LUT6_not1/u_LUT6 u_entropy_source/RO_SAMPLE_LOOP[4].u_LUT6_not1,,
sample_ro_local_data_ro4_original,sample_ro_local_data_ro4_explore1,sample_ro_net,u_entropy_source/RO_SAMPLE_LOOP[4].u_LUT6_not1/out[0],14,14,15,15,False,,,u_entropy_source/RO_SAMPLE_LOOP[4].u_LUT6_not1/u_LUT6 u_entropy_source/RO_SAMPLE_LOOP[4].u_LUT6_not1,u_entropy_source/RO_SAMPLE_LOOP[4].u_LUT6_not1/u_LUT6 u_entropy_source/RO_SAMPLE_LOOP[4].u_LUT6_not1
sample_ro_local_data_ro4_original,sample_ro_local_data_ro4_explore1,sample_ro_net,u_entropy_source/RO_SAMPLE_LOOP[5].u_LUT6_not1/<const0>,918,918,969,969,False,u_entropy_source/RO_SAMPLE_LOOP[5].u_LUT6_not1/GND,u_entropy_source/RO_SAMPLE_LOOP[5].u_LUT6_not1/GND,u_entropy_source/RO_SAMPLE_LOOP[5].u_LUT6_not1/u_LUT6,u_entropy_source/RO_SAMPLE_LOOP[5].u_LUT6_not1/u_LUT6
sample_ro_local_data_ro4_original,sample_ro_local_data_ro4_explore1,sample_ro_net,u_entropy_source/RO_SAMPLE_LOOP[5].u_LUT6_not1/in0[0],18,18,19,19,False,u_entropy_source/RO_SAMPLE_LOOP[5].u_LUT6_not1/u_LUT6 u_entropy_source/RO_SAMPLE_LOOP[5].u_LUT6_not1,u_entropy_source/RO_SAMPLE_LOOP[5].u_LUT6_not1/u_LUT6 u_entropy_source/RO_SAMPLE_LOOP[5].u_LUT6_not1,,
sample_ro_local_data_ro4_original,sample_ro_local_data_ro4_explore1,sample_ro_net,u_entropy_source/RO_SAMPLE_LOOP[5].u_LUT6_not1/out[0],19,19,20,20,False,,,u_entropy_source/RO_SAMPLE_LOOP[5].u_LUT6_not1/u_LUT6 u_entropy_source/RO_SAMPLE_LOOP[5].u_LUT6_not1,u_entropy_source/RO_SAMPLE_LOOP[5].u_LUT6_not1/u_LUT6 u_entropy_source/RO_SAMPLE_LOOP[5].u_LUT6_not1
sample_ro_local_data_ro4_original,sample_ro_local_data_ro4_explore1,sample_ro_net,u_entropy_source/RO_SAMPLE_LOOP[6].u_LUT6_not1/<const0>,918,918,969,969,False,u_entropy_source/RO_SAMPLE_LOOP[6].u_LUT6_not1/GND,u_entropy_source/RO_SAMPLE_LOOP[6].u_LUT6_not1/GND,u_entropy_source/RO_SAMPLE_LOOP[6].u_LUT6_not1/u_LUT6,u_entropy_source/RO_SAMPLE_LOOP[6].u_LUT6_not1/u_LUT6
sample_ro_local_data_ro4_original,sample_ro_local_data_ro4_explore1,sample_ro_net,u_entropy_source/RO_SAMPLE_LOOP[6].u_LUT6_not1/in0[0],18,18,19,19,False,u_entropy_source/RO_SAMPLE_LOOP[6].u_LUT6_not1/u_LUT6 u_entropy_source/RO_SAMPLE_LOOP[6].u_LUT6_not1,u_entropy_source/RO_SAMPLE_LOOP[6].u_LUT6_not1/u_LUT6 u_entropy_source/RO_SAMPLE_LOOP[6].u_LUT6_not1,,
sample_ro_local_data_ro4_original,sample_ro_local_data_ro4_explore1,sample_ro_net,u_entropy_source/RO_SAMPLE_LOOP[6].u_LUT6_not1/out[0],18,18,19,19,False,,,u_entropy_source/RO_SAMPLE_LOOP[6].u_LUT6_not1/u_LUT6 u_entropy_source/RO_SAMPLE_LOOP[6].u_LUT6_not1,u_entropy_source/RO_SAMPLE_LOOP[6].u_LUT6_not1/u_LUT6 u_entropy_source/RO_SAMPLE_LOOP[6].u_LUT6_not1
sample_ro_local_data_ro4_original,sample_ro_local_data_ro4_explore1,sample_ro_net,u_entropy_source/RO_SAMPLE_LOOP[7].u_LUT6_not1/<const0>,918,918,969,969,False,u_entropy_source/RO_SAMPLE_LOOP[7].u_LUT6_not1/GND,u_entropy_source/RO_SAMPLE_LOOP[7].u_LUT6_not1/GND,u_entropy_source/RO_SAMPLE_LOOP[7].u_LUT6_not1/u_LUT6,u_entropy_source/RO_SAMPLE_LOOP[7].u_LUT6_not1/u_LUT6
sample_ro_local_data_ro4_original,sample_ro_local_data_ro4_explore1,sample_ro_net,u_entropy_source/RO_SAMPLE_LOOP[7].u_LUT6_not1/in0[0],13,13,14,14,False,u_entropy_source/RO_SAMPLE_LOOP[7].u_LUT6_not1/u_LUT6 u_entropy_source/RO_SAMPLE_LOOP[7].u_LUT6_not1,u_entropy_source/RO_SAMPLE_LOOP[7].u_LUT6_not1/u_LUT6 u_entropy_source/RO_SAMPLE_LOOP[7].u_LUT6_not1,,
sample_ro_local_data_ro4_original,sample_ro_local_data_ro4_explore1,sample_ro_net,u_entropy_source/RO_SAMPLE_LOOP[7].u_LUT6_not1/out[0],18,18,19,19,False,,,u_entropy_source/RO_SAMPLE_LOOP[7].u_LUT6_not1/u_LUT6 u_entropy_source/RO_SAMPLE_LOOP[7].u_LUT6_not1,u_entropy_source/RO_SAMPLE_LOOP[7].u_LUT6_not1/u_LUT6 u_entropy_source/RO_SAMPLE_LOOP[7].u_LUT6_not1
sample_ro_local_data_ro4_original,sample_ro_local_data_ro4_explore1,sample_ro_net,u_entropy_source/RO_SAMPLE_NAND.u_LUT6_nand2_1/<const0>,918,918,969,969,False,u_entropy_source/RO_SAMPLE_NAND.u_LUT6_nand2_1/GND,u_entropy_source/RO_SAMPLE_NAND.u_LUT6_nand2_1/GND,u_entropy_source/RO_SAMPLE_NAND.u_LUT6_nand2_1/u_LUT6,u_entropy_source/RO_SAMPLE_NAND.u_LUT6_nand2_1/u_LUT6
sample_ro_local_data_ro4_original,sample_ro_local_data_ro4_explore1,sample_ro_net,u_entropy_source/RO_SAMPLE_NAND.u_LUT6_nand2_1/in0[0],20,20,21,21,False,u_entropy_source/RO_SAMPLE_NAND.u_LUT6_nand2_1/u_LUT6 u_entropy_source/RO_SAMPLE_NAND.u_LUT6_nand2_1,u_entropy_source/RO_SAMPLE_NAND.u_LUT6_nand2_1/u_LUT6 u_entropy_source/RO_SAMPLE_NAND.u_LUT6_nand2_1,,
sample_ro_local_data_ro4_original,sample_ro_local_data_ro4_explore1,sample_ro_net,u_entropy_source/RO_SAMPLE_NAND.u_LUT6_nand2_1/out[0],13,13,14,14,False,,,u_entropy_source/RO_SAMPLE_NAND.u_LUT6_nand2_1/u_LUT6 u_entropy_source/RO_SAMPLE_NAND.u_LUT6_nand2_1,u_entropy_source/RO_SAMPLE_NAND.u_LUT6_nand2_1/u_LUT6 u_entropy_source/RO_SAMPLE_NAND.u_LUT6_nand2_1
sample_ro_local_data_ro4_original,sample_ro_local_data_ro4_explore1,sample_ro_net,u_entropy_source/RO_SAMPLE_NAND.u_LUT6_nand2_1/u_LUT6_0,52,52,53,53,False,,,u_entropy_source/RO_SAMPLE_NAND.u_LUT6_nand2_1/u_LUT6 u_entropy_source/RO_SAMPLE_NAND.u_LUT6_nand2_1,u_entropy_source/RO_SAMPLE_NAND.u_LUT6_nand2_1/u_LUT6 u_entropy_source/RO_SAMPLE_NAND.u_LUT6_nand2_1
sample_ro_local_data_ro4_original,sample_ro_local_data_ro4_explore1,data_ro_net,u_entropy_source/ro_chain[0]_0[1],37,37,38,38,False,u_entropy_source/RO_NUM_LOOP[0].RO_STAGE_LOOP[0].u_LUT6_not1,u_entropy_source/RO_NUM_LOOP[0].RO_STAGE_LOOP[0].u_LUT6_not1,u_entropy_source/SAMPLE_DATA_LINE_LOOP[0].SAMPLE_DATA_BIT_LOOP[0].sampled_data_reg[0] u_entropy_source/SAMPLE_DATA_LINE_LOOP[1].SAMPLE_DATA_BIT_LOOP[0].sampled_data_reg[8] u_entropy_source/SAMPLE_DATA_LINE_LOOP[2].SAMPLE_DATA_BIT_LOOP[0].sampled_data_reg[16] u_entropy_source/SAMPLE_DATA_LINE_LOOP[3].SAMPLE_DATA_BIT_LOOP[0].sampled_data_reg[24] u_entropy_source/SAMPLE_DATA_LINE_LOOP[4].SAMPLE_DATA_BIT_LOOP[0].sampled_data_reg[32] u_entropy_source/SAMPLE_DATA_LINE_LOOP[5].SAMPLE_DATA_BIT_LOOP[0].sampled_data_reg[40] u_entropy_source/SAMPLE_DATA_LINE_LOOP[6].SAMPLE_DATA_BIT_LOOP[0].sampled_data_reg[48] u_entropy_source/SAMPLE_DATA_LINE_LOOP[7].SAMPLE_DATA_BIT_LOOP[0].sampled_data_reg[56] u_entropy_source/RO_NUM_LOOP[0].RO_AND.u_LUT6_and2_1,u_entropy_source/SAMPLE_DATA_LINE_LOOP[0].SAMPLE_DATA_BIT_LOOP[0].sampled_data_reg[0] u_entropy_source/SAMPLE_DATA_LINE_LOOP[1].SAMPLE_DATA_BIT_LOOP[0].sampled_data_reg[8] u_entropy_source/SAMPLE_DATA_LINE_LOOP[2].SAMPLE_DATA_BIT_LOOP[0].sampled_data_reg[16] u_entropy_source/SAMPLE_DATA_LINE_LOOP[3].SAMPLE_DATA_BIT_LOOP[0].sampled_data_reg[24] u_entropy_source/SAMPLE_DATA_LINE_LOOP[4].SAMPLE_DATA_BIT_LOOP[0].sampled_data_reg[32] u_entropy_source/SAMPLE_DATA_LINE_LOOP[5].SAMPLE_DATA_BIT_LOOP[0].sampled_data_reg[40] u_entropy_source/SAMPLE_DATA_LINE_LOOP[6].SAMPLE_DATA_BIT_LOOP[0].sampled_data_reg[48] u_entropy_source/SAMPLE_DATA_LINE_LOOP[7].SAMPLE_DATA_BIT_LOOP[0].sampled_data_reg[56] u_entropy_source/RO_NUM_LOOP[0].RO_AND.u_LUT6_and2_1
sample_ro_local_data_ro4_original,sample_ro_local_data_ro4_explore1,data_ro_net,u_entropy_source/ro_chain[1]_1[1],32,32,33,33,False,u_entropy_source/RO_NUM_LOOP[1].RO_STAGE_LOOP[0].u_LUT6_not1,u_entropy_source/RO_NUM_LOOP[1].RO_STAGE_LOOP[0].u_LUT6_not1,u_entropy_source/SAMPLE_DATA_LINE_LOOP[0].SAMPLE_DATA_BIT_LOOP[1].sampled_data_reg[1] u_entropy_source/SAMPLE_DATA_LINE_LOOP[1].SAMPLE_DATA_BIT_LOOP[1].sampled_data_reg[9] u_entropy_source/SAMPLE_DATA_LINE_LOOP[2].SAMPLE_DATA_BIT_LOOP[1].sampled_data_reg[17] u_entropy_source/SAMPLE_DATA_LINE_LOOP[3].SAMPLE_DATA_BIT_LOOP[1].sampled_data_reg[25] u_entropy_source/SAMPLE_DATA_LINE_LOOP[4].SAMPLE_DATA_BIT_LOOP[1].sampled_data_reg[33] u_entropy_source/SAMPLE_DATA_LINE_LOOP[5].SAMPLE_DATA_BIT_LOOP[1].sampled_data_reg[41] u_entropy_source/SAMPLE_DATA_LINE_LOOP[6].SAMPLE_DATA_BIT_LOOP[1].sampled_data_reg[49] u_entropy_source/SAMPLE_DATA_LINE_LOOP[7].SAMPLE_DATA_BIT_LOOP[1].sampled_data_reg[57] u_entropy_source/RO_NUM_LOOP[1].RO_AND.u_LUT6_and2_1,u_entropy_source/SAMPLE_DATA_LINE_LOOP[0].SAMPLE_DATA_BIT_LOOP[1].sampled_data_reg[1] u_entropy_source/SAMPLE_DATA_LINE_LOOP[1].SAMPLE_DATA_BIT_LOOP[1].sampled_data_reg[9] u_entropy_source/SAMPLE_DATA_LINE_LOOP[2].SAMPLE_DATA_BIT_LOOP[1].sampled_data_reg[17] u_entropy_source/SAMPLE_DATA_LINE_LOOP[3].SAMPLE_DATA_BIT_LOOP[1].sampled_data_reg[25] u_entropy_source/SAMPLE_DATA_LINE_LOOP[4].SAMPLE_DATA_BIT_LOOP[1].sampled_data_reg[33] u_entropy_source/SAMPLE_DATA_LINE_LOOP[5].SAMPLE_DATA_BIT_LOOP[1].sampled_data_reg[41] u_entropy_source/SAMPLE_DATA_LINE_LOOP[6].SAMPLE_DATA_BIT_LOOP[1].sampled_data_reg[49] u_entropy_source/SAMPLE_DATA_LINE_LOOP[7].SAMPLE_DATA_BIT_LOOP[1].sampled_data_reg[57] u_entropy_source/RO_NUM_LOOP[1].RO_AND.u_LUT6_and2_1
sample_ro_local_data_ro4_original,sample_ro_local_data_ro4_explore1,data_ro_net,u_entropy_source/ro_chain[2]_2[1],36,36,37,37,False,u_entropy_source/RO_NUM_LOOP[2].RO_STAGE_LOOP[0].u_LUT6_not1,u_entropy_source/RO_NUM_LOOP[2].RO_STAGE_LOOP[0].u_LUT6_not1,u_entropy_source/SAMPLE_DATA_LINE_LOOP[0].SAMPLE_DATA_BIT_LOOP[2].sampled_data_reg[2] u_entropy_source/SAMPLE_DATA_LINE_LOOP[1].SAMPLE_DATA_BIT_LOOP[2].sampled_data_reg[10] u_entropy_source/SAMPLE_DATA_LINE_LOOP[2].SAMPLE_DATA_BIT_LOOP[2].sampled_data_reg[18] u_entropy_source/SAMPLE_DATA_LINE_LOOP[3].SAMPLE_DATA_BIT_LOOP[2].sampled_data_reg[26] u_entropy_source/SAMPLE_DATA_LINE_LOOP[4].SAMPLE_DATA_BIT_LOOP[2].sampled_data_reg[34] u_entropy_source/SAMPLE_DATA_LINE_LOOP[5].SAMPLE_DATA_BIT_LOOP[2].sampled_data_reg[42] u_entropy_source/SAMPLE_DATA_LINE_LOOP[6].SAMPLE_DATA_BIT_LOOP[2].sampled_data_reg[50] u_entropy_source/SAMPLE_DATA_LINE_LOOP[7].SAMPLE_DATA_BIT_LOOP[2].sampled_data_reg[58] u_entropy_source/RO_NUM_LOOP[2].RO_AND.u_LUT6_and2_1,u_entropy_source/SAMPLE_DATA_LINE_LOOP[0].SAMPLE_DATA_BIT_LOOP[2].sampled_data_reg[2] u_entropy_source/SAMPLE_DATA_LINE_LOOP[1].SAMPLE_DATA_BIT_LOOP[2].sampled_data_reg[10] u_entropy_source/SAMPLE_DATA_LINE_LOOP[2].SAMPLE_DATA_BIT_LOOP[2].sampled_data_reg[18] u_entropy_source/SAMPLE_DATA_LINE_LOOP[3].SAMPLE_DATA_BIT_LOOP[2].sampled_data_reg[26] u_entropy_source/SAMPLE_DATA_LINE_LOOP[4].SAMPLE_DATA_BIT_LOOP[2].sampled_data_reg[34] u_entropy_source/SAMPLE_DATA_LINE_LOOP[5].SAMPLE_DATA_BIT_LOOP[2].sampled_data_reg[42] u_entropy_source/SAMPLE_DATA_LINE_LOOP[6].SAMPLE_DATA_BIT_LOOP[2].sampled_data_reg[50] u_entropy_source/SAMPLE_DATA_LINE_LOOP[7].SAMPLE_DATA_BIT_LOOP[2].sampled_data_reg[58] u_entropy_source/RO_NUM_LOOP[2].RO_AND.u_LUT6_and2_1
sample_ro_local_data_ro4_original,sample_ro_local_data_ro4_explore1,data_ro_net,u_entropy_source/ro_chain[3]_3[1],45,45,46,46,False,u_entropy_source/RO_NUM_LOOP[3].RO_STAGE_LOOP[0].u_LUT6_not1,u_entropy_source/RO_NUM_LOOP[3].RO_STAGE_LOOP[0].u_LUT6_not1,u_entropy_source/SAMPLE_DATA_LINE_LOOP[0].SAMPLE_DATA_BIT_LOOP[3].sampled_data_reg[3] u_entropy_source/SAMPLE_DATA_LINE_LOOP[1].SAMPLE_DATA_BIT_LOOP[3].sampled_data_reg[11] u_entropy_source/SAMPLE_DATA_LINE_LOOP[2].SAMPLE_DATA_BIT_LOOP[3].sampled_data_reg[19] u_entropy_source/SAMPLE_DATA_LINE_LOOP[3].SAMPLE_DATA_BIT_LOOP[3].sampled_data_reg[27] u_entropy_source/SAMPLE_DATA_LINE_LOOP[4].SAMPLE_DATA_BIT_LOOP[3].sampled_data_reg[35] u_entropy_source/SAMPLE_DATA_LINE_LOOP[5].SAMPLE_DATA_BIT_LOOP[3].sampled_data_reg[43] u_entropy_source/SAMPLE_DATA_LINE_LOOP[6].SAMPLE_DATA_BIT_LOOP[3].sampled_data_reg[51] u_entropy_source/SAMPLE_DATA_LINE_LOOP[7].SAMPLE_DATA_BIT_LOOP[3].sampled_data_reg[59] u_entropy_source/RO_NUM_LOOP[3].RO_AND.u_LUT6_and2_1,u_entropy_source/SAMPLE_DATA_LINE_LOOP[0].SAMPLE_DATA_BIT_LOOP[3].sampled_data_reg[3] u_entropy_source/SAMPLE_DATA_LINE_LOOP[1].SAMPLE_DATA_BIT_LOOP[3].sampled_data_reg[11] u_entropy_source/SAMPLE_DATA_LINE_LOOP[2].SAMPLE_DATA_BIT_LOOP[3].sampled_data_reg[19] u_entropy_source/SAMPLE_DATA_LINE_LOOP[3].SAMPLE_DATA_BIT_LOOP[3].sampled_data_reg[27] u_entropy_source/SAMPLE_DATA_LINE_LOOP[4].SAMPLE_DATA_BIT_LOOP[3].sampled_data_reg[35] u_entropy_source/SAMPLE_DATA_LINE_LOOP[5].SAMPLE_DATA_BIT_LOOP[3].sampled_data_reg[43] u_entropy_source/SAMPLE_DATA_LINE_LOOP[6].SAMPLE_DATA_BIT_LOOP[3].sampled_data_reg[51] u_entropy_source/SAMPLE_DATA_LINE_LOOP[7].SAMPLE_DATA_BIT_LOOP[3].sampled_data_reg[59] u_entropy_source/RO_NUM_LOOP[3].RO_AND.u_LUT6_and2_1
sample_ro_local_data_ro4_original,sample_ro_local_data_ro4_explore1,data_ro_net,u_entropy_source/ro_chain[4]_4[1],35,35,36,36,False,u_entropy_source/RO_NUM_LOOP[4].RO_STAGE_LOOP[0].u_LUT6_not1,u_entropy_source/RO_NUM_LOOP[4].RO_STAGE_LOOP[0].u_LUT6_not1,u_entropy_source/SAMPLE_DATA_LINE_LOOP[0].SAMPLE_DATA_BIT_LOOP[4].sampled_data_reg[4] u_entropy_source/SAMPLE_DATA_LINE_LOOP[1].SAMPLE_DATA_BIT_LOOP[4].sampled_data_reg[12] u_entropy_source/SAMPLE_DATA_LINE_LOOP[2].SAMPLE_DATA_BIT_LOOP[4].sampled_data_reg[20] u_entropy_source/SAMPLE_DATA_LINE_LOOP[3].SAMPLE_DATA_BIT_LOOP[4].sampled_data_reg[28] u_entropy_source/SAMPLE_DATA_LINE_LOOP[4].SAMPLE_DATA_BIT_LOOP[4].sampled_data_reg[36] u_entropy_source/SAMPLE_DATA_LINE_LOOP[5].SAMPLE_DATA_BIT_LOOP[4].sampled_data_reg[44] u_entropy_source/SAMPLE_DATA_LINE_LOOP[6].SAMPLE_DATA_BIT_LOOP[4].sampled_data_reg[52] u_entropy_source/SAMPLE_DATA_LINE_LOOP[7].SAMPLE_DATA_BIT_LOOP[4].sampled_data_reg[60] u_entropy_source/RO_NUM_LOOP[4].RO_AND.u_LUT6_and2_1,u_entropy_source/SAMPLE_DATA_LINE_LOOP[0].SAMPLE_DATA_BIT_LOOP[4].sampled_data_reg[4] u_entropy_source/SAMPLE_DATA_LINE_LOOP[1].SAMPLE_DATA_BIT_LOOP[4].sampled_data_reg[12] u_entropy_source/SAMPLE_DATA_LINE_LOOP[2].SAMPLE_DATA_BIT_LOOP[4].sampled_data_reg[20] u_entropy_source/SAMPLE_DATA_LINE_LOOP[3].SAMPLE_DATA_BIT_LOOP[4].sampled_data_reg[28] u_entropy_source/SAMPLE_DATA_LINE_LOOP[4].SAMPLE_DATA_BIT_LOOP[4].sampled_data_reg[36] u_entropy_source/SAMPLE_DATA_LINE_LOOP[5].SAMPLE_DATA_BIT_LOOP[4].sampled_data_reg[44] u_entropy_source/SAMPLE_DATA_LINE_LOOP[6].SAMPLE_DATA_BIT_LOOP[4].sampled_data_reg[52] u_entropy_source/SAMPLE_DATA_LINE_LOOP[7].SAMPLE_DATA_BIT_LOOP[4].sampled_data_reg[60] u_entropy_source/RO_NUM_LOOP[4].RO_AND.u_LUT6_and2_1
sample_ro_local_data_ro4_original,sample_ro_local_data_ro4_explore1,data_ro_net,u_entropy_source/ro_chain[5]_5[1],43,43,44,44,False,u_entropy_source/RO_NUM_LOOP[5].RO_STAGE_LOOP[0].u_LUT6_not1,u_entropy_source/RO_NUM_LOOP[5].RO_STAGE_LOOP[0].u_LUT6_not1,u_entropy_source/SAMPLE_DATA_LINE_LOOP[0].SAMPLE_DATA_BIT_LOOP[5].sampled_data_reg[5] u_entropy_source/SAMPLE_DATA_LINE_LOOP[1].SAMPLE_DATA_BIT_LOOP[5].sampled_data_reg[13] u_entropy_source/SAMPLE_DATA_LINE_LOOP[2].SAMPLE_DATA_BIT_LOOP[5].sampled_data_reg[21] u_entropy_source/SAMPLE_DATA_LINE_LOOP[3].SAMPLE_DATA_BIT_LOOP[5].sampled_data_reg[29] u_entropy_source/SAMPLE_DATA_LINE_LOOP[4].SAMPLE_DATA_BIT_LOOP[5].sampled_data_reg[37] u_entropy_source/SAMPLE_DATA_LINE_LOOP[5].SAMPLE_DATA_BIT_LOOP[5].sampled_data_reg[45] u_entropy_source/SAMPLE_DATA_LINE_LOOP[6].SAMPLE_DATA_BIT_LOOP[5].sampled_data_reg[53] u_entropy_source/SAMPLE_DATA_LINE_LOOP[7].SAMPLE_DATA_BIT_LOOP[5].sampled_data_reg[61] u_entropy_source/RO_NUM_LOOP[5].RO_AND.u_LUT6_and2_1,u_entropy_source/SAMPLE_DATA_LINE_LOOP[0].SAMPLE_DATA_BIT_LOOP[5].sampled_data_reg[5] u_entropy_source/SAMPLE_DATA_LINE_LOOP[1].SAMPLE_DATA_BIT_LOOP[5].sampled_data_reg[13] u_entropy_source/SAMPLE_DATA_LINE_LOOP[2].SAMPLE_DATA_BIT_LOOP[5].sampled_data_reg[21] u_entropy_source/SAMPLE_DATA_LINE_LOOP[3].SAMPLE_DATA_BIT_LOOP[5].sampled_data_reg[29] u_entropy_source/SAMPLE_DATA_LINE_LOOP[4].SAMPLE_DATA_BIT_LOOP[5].sampled_data_reg[37] u_entropy_source/SAMPLE_DATA_LINE_LOOP[5].SAMPLE_DATA_BIT_LOOP[5].sampled_data_reg[45] u_entropy_source/SAMPLE_DATA_LINE_LOOP[6].SAMPLE_DATA_BIT_LOOP[5].sampled_data_reg[53] u_entropy_source/SAMPLE_DATA_LINE_LOOP[7].SAMPLE_DATA_BIT_LOOP[5].sampled_data_reg[61] u_entropy_source/RO_NUM_LOOP[5].RO_AND.u_LUT6_and2_1
sample_ro_local_data_ro4_original,sample_ro_local_data_ro4_explore1,data_ro_net,u_entropy_source/ro_chain[6]_6[1],46,46,47,47,False,u_entropy_source/RO_NUM_LOOP[6].RO_STAGE_LOOP[0].u_LUT6_not1,u_entropy_source/RO_NUM_LOOP[6].RO_STAGE_LOOP[0].u_LUT6_not1,u_entropy_source/SAMPLE_DATA_LINE_LOOP[0].SAMPLE_DATA_BIT_LOOP[6].sampled_data_reg[6] u_entropy_source/SAMPLE_DATA_LINE_LOOP[1].SAMPLE_DATA_BIT_LOOP[6].sampled_data_reg[14] u_entropy_source/SAMPLE_DATA_LINE_LOOP[2].SAMPLE_DATA_BIT_LOOP[6].sampled_data_reg[22] u_entropy_source/SAMPLE_DATA_LINE_LOOP[3].SAMPLE_DATA_BIT_LOOP[6].sampled_data_reg[30] u_entropy_source/SAMPLE_DATA_LINE_LOOP[4].SAMPLE_DATA_BIT_LOOP[6].sampled_data_reg[38] u_entropy_source/SAMPLE_DATA_LINE_LOOP[5].SAMPLE_DATA_BIT_LOOP[6].sampled_data_reg[46] u_entropy_source/SAMPLE_DATA_LINE_LOOP[6].SAMPLE_DATA_BIT_LOOP[6].sampled_data_reg[54] u_entropy_source/SAMPLE_DATA_LINE_LOOP[7].SAMPLE_DATA_BIT_LOOP[6].sampled_data_reg[62] u_entropy_source/RO_NUM_LOOP[6].RO_AND.u_LUT6_and2_1,u_entropy_source/SAMPLE_DATA_LINE_LOOP[0].SAMPLE_DATA_BIT_LOOP[6].sampled_data_reg[6] u_entropy_source/SAMPLE_DATA_LINE_LOOP[1].SAMPLE_DATA_BIT_LOOP[6].sampled_data_reg[14] u_entropy_source/SAMPLE_DATA_LINE_LOOP[2].SAMPLE_DATA_BIT_LOOP[6].sampled_data_reg[22] u_entropy_source/SAMPLE_DATA_LINE_LOOP[3].SAMPLE_DATA_BIT_LOOP[6].sampled_data_reg[30] u_entropy_source/SAMPLE_DATA_LINE_LOOP[4].SAMPLE_DATA_BIT_LOOP[6].sampled_data_reg[38] u_entropy_source/SAMPLE_DATA_LINE_LOOP[5].SAMPLE_DATA_BIT_LOOP[6].sampled_data_reg[46] u_entropy_source/SAMPLE_DATA_LINE_LOOP[6].SAMPLE_DATA_BIT_LOOP[6].sampled_data_reg[54] u_entropy_source/SAMPLE_DATA_LINE_LOOP[7].SAMPLE_DATA_BIT_LOOP[6].sampled_data_reg[62] u_entropy_source/RO_NUM_LOOP[6].RO_AND.u_LUT6_and2_1
sample_ro_local_data_ro4_original,sample_ro_local_data_ro4_explore1,data_ro_net,u_entropy_source/ro_chain[7]_7[1],48,48,49,49,False,u_entropy_source/RO_NUM_LOOP[7].RO_STAGE_LOOP[0].u_LUT6_not1,u_entropy_source/RO_NUM_LOOP[7].RO_STAGE_LOOP[0].u_LUT6_not1,u_entropy_source/SAMPLE_DATA_LINE_LOOP[0].SAMPLE_DATA_BIT_LOOP[7].sampled_data_reg[7] u_entropy_source/SAMPLE_DATA_LINE_LOOP[1].SAMPLE_DATA_BIT_LOOP[7].sampled_data_reg[15] u_entropy_source/SAMPLE_DATA_LINE_LOOP[2].SAMPLE_DATA_BIT_LOOP[7].sampled_data_reg[23] u_entropy_source/SAMPLE_DATA_LINE_LOOP[3].SAMPLE_DATA_BIT_LOOP[7].sampled_data_reg[31] u_entropy_source/SAMPLE_DATA_LINE_LOOP[4].SAMPLE_DATA_BIT_LOOP[7].sampled_data_reg[39] u_entropy_source/SAMPLE_DATA_LINE_LOOP[5].SAMPLE_DATA_BIT_LOOP[7].sampled_data_reg[47] u_entropy_source/SAMPLE_DATA_LINE_LOOP[6].SAMPLE_DATA_BIT_LOOP[7].sampled_data_reg[55] u_entropy_source/SAMPLE_DATA_LINE_LOOP[7].SAMPLE_DATA_BIT_LOOP[7].sampled_data_reg[63] u_entropy_source/RO_NUM_LOOP[7].RO_AND.u_LUT6_and2_1,u_entropy_source/SAMPLE_DATA_LINE_LOOP[0].SAMPLE_DATA_BIT_LOOP[7].sampled_data_reg[7] u_entropy_source/SAMPLE_DATA_LINE_LOOP[1].SAMPLE_DATA_BIT_LOOP[7].sampled_data_reg[15] u_entropy_source/SAMPLE_DATA_LINE_LOOP[2].SAMPLE_DATA_BIT_LOOP[7].sampled_data_reg[23] u_entropy_source/SAMPLE_DATA_LINE_LOOP[3].SAMPLE_DATA_BIT_LOOP[7].sampled_data_reg[31] u_entropy_source/SAMPLE_DATA_LINE_LOOP[4].SAMPLE_DATA_BIT_LOOP[7].sampled_data_reg[39] u_entropy_source/SAMPLE_DATA_LINE_LOOP[5].SAMPLE_DATA_BIT_LOOP[7].sampled_data_reg[47] u_entropy_source/SAMPLE_DATA_LINE_LOOP[6].SAMPLE_DATA_BIT_LOOP[7].sampled_data_reg[55] u_entropy_source/SAMPLE_DATA_LINE_LOOP[7].SAMPLE_DATA_BIT_LOOP[7].sampled_data_reg[63] u_entropy_source/RO_NUM_LOOP[7].RO_AND.u_LUT6_and2_1
sample_ro_local_data_ro4_original,sample_ro_local_data_ro4_explore1,sample_ro_net,u_entropy_source/ro_sample_chain[0],20,20,21,21,False,u_entropy_source/RO_SAMPLE_NAND.u_LUT6_nand2_1,u_entropy_source/RO_SAMPLE_NAND.u_LUT6_nand2_1,u_entropy_source/SAMPLE_DATA_LINE_LOOP[0].SAMPLE_DATA_BIT_LOOP[0].sampled_data_reg[0] u_entropy_source/SAMPLE_DATA_LINE_LOOP[0].SAMPLE_DATA_BIT_LOOP[1].sampled_data_reg[1] u_entropy_source/SAMPLE_DATA_LINE_LOOP[0].SAMPLE_DATA_BIT_LOOP[2].sampled_data_reg[2] u_entropy_source/SAMPLE_DATA_LINE_LOOP[0].SAMPLE_DATA_BIT_LOOP[3].sampled_data_reg[3] u_entropy_source/SAMPLE_DATA_LINE_LOOP[0].SAMPLE_DATA_BIT_LOOP[4].sampled_data_reg[4] u_entropy_source/SAMPLE_DATA_LINE_LOOP[0].SAMPLE_DATA_BIT_LOOP[5].sampled_data_reg[5] u_entropy_source/SAMPLE_DATA_LINE_LOOP[0].SAMPLE_DATA_BIT_LOOP[6].sampled_data_reg[6] u_entropy_source/SAMPLE_DATA_LINE_LOOP[0].SAMPLE_DATA_BIT_LOOP[7].sampled_data_reg[7] u_entropy_source/RO_SAMPLE_LOOP[0].u_LUT6_not1,u_entropy_source/SAMPLE_DATA_LINE_LOOP[0].SAMPLE_DATA_BIT_LOOP[0].sampled_data_reg[0] u_entropy_source/SAMPLE_DATA_LINE_LOOP[0].SAMPLE_DATA_BIT_LOOP[1].sampled_data_reg[1] u_entropy_source/SAMPLE_DATA_LINE_LOOP[0].SAMPLE_DATA_BIT_LOOP[2].sampled_data_reg[2] u_entropy_source/SAMPLE_DATA_LINE_LOOP[0].SAMPLE_DATA_BIT_LOOP[3].sampled_data_reg[3] u_entropy_source/SAMPLE_DATA_LINE_LOOP[0].SAMPLE_DATA_BIT_LOOP[4].sampled_data_reg[4] u_entropy_source/SAMPLE_DATA_LINE_LOOP[0].SAMPLE_DATA_BIT_LOOP[5].sampled_data_reg[5] u_entropy_source/SAMPLE_DATA_LINE_LOOP[0].SAMPLE_DATA_BIT_LOOP[6].sampled_data_reg[6] u_entropy_source/SAMPLE_DATA_LINE_LOOP[0].SAMPLE_DATA_BIT_LOOP[7].sampled_data_reg[7] u_entropy_source/RO_SAMPLE_LOOP[0].u_LUT6_not1
sample_ro_local_data_ro4_original,sample_ro_local_data_ro4_explore1,sample_ro_net,u_entropy_source/ro_sample_chain[1],20,18,21,19,True,u_entropy_source/RO_SAMPLE_LOOP[0].u_LUT6_not1,u_entropy_source/RO_SAMPLE_LOOP[0].u_LUT6_not1,u_entropy_source/SAMPLE_DATA_LINE_LOOP[1].SAMPLE_DATA_BIT_LOOP[0].sampled_data_reg[8] u_entropy_source/SAMPLE_DATA_LINE_LOOP[1].SAMPLE_DATA_BIT_LOOP[1].sampled_data_reg[9] u_entropy_source/SAMPLE_DATA_LINE_LOOP[1].SAMPLE_DATA_BIT_LOOP[2].sampled_data_reg[10] u_entropy_source/SAMPLE_DATA_LINE_LOOP[1].SAMPLE_DATA_BIT_LOOP[3].sampled_data_reg[11] u_entropy_source/SAMPLE_DATA_LINE_LOOP[1].SAMPLE_DATA_BIT_LOOP[4].sampled_data_reg[12] u_entropy_source/SAMPLE_DATA_LINE_LOOP[1].SAMPLE_DATA_BIT_LOOP[5].sampled_data_reg[13] u_entropy_source/SAMPLE_DATA_LINE_LOOP[1].SAMPLE_DATA_BIT_LOOP[6].sampled_data_reg[14] u_entropy_source/SAMPLE_DATA_LINE_LOOP[1].SAMPLE_DATA_BIT_LOOP[7].sampled_data_reg[15] u_entropy_source/RO_SAMPLE_LOOP[1].u_LUT6_not1,u_entropy_source/SAMPLE_DATA_LINE_LOOP[1].SAMPLE_DATA_BIT_LOOP[0].sampled_data_reg[8] u_entropy_source/SAMPLE_DATA_LINE_LOOP[1].SAMPLE_DATA_BIT_LOOP[1].sampled_data_reg[9] u_entropy_source/SAMPLE_DATA_LINE_LOOP[1].SAMPLE_DATA_BIT_LOOP[2].sampled_data_reg[10] u_entropy_source/SAMPLE_DATA_LINE_LOOP[1].SAMPLE_DATA_BIT_LOOP[3].sampled_data_reg[11] u_entropy_source/SAMPLE_DATA_LINE_LOOP[1].SAMPLE_DATA_BIT_LOOP[4].sampled_data_reg[12] u_entropy_source/SAMPLE_DATA_LINE_LOOP[1].SAMPLE_DATA_BIT_LOOP[5].sampled_data_reg[13] u_entropy_source/SAMPLE_DATA_LINE_LOOP[1].SAMPLE_DATA_BIT_LOOP[6].sampled_data_reg[14] u_entropy_source/SAMPLE_DATA_LINE_LOOP[1].SAMPLE_DATA_BIT_LOOP[7].sampled_data_reg[15] u_entropy_source/RO_SAMPLE_LOOP[1].u_LUT6_not1
sample_ro_local_data_ro4_original,sample_ro_local_data_ro4_explore1,sample_ro_net,u_entropy_source/ro_sample_chain[2],30,28,31,29,True,u_entropy_source/RO_SAMPLE_LOOP[1].u_LUT6_not1,u_entropy_source/RO_SAMPLE_LOOP[1].u_LUT6_not1,u_entropy_source/SAMPLE_DATA_LINE_LOOP[2].SAMPLE_DATA_BIT_LOOP[0].sampled_data_reg[16] u_entropy_source/SAMPLE_DATA_LINE_LOOP[2].SAMPLE_DATA_BIT_LOOP[1].sampled_data_reg[17] u_entropy_source/SAMPLE_DATA_LINE_LOOP[2].SAMPLE_DATA_BIT_LOOP[2].sampled_data_reg[18] u_entropy_source/SAMPLE_DATA_LINE_LOOP[2].SAMPLE_DATA_BIT_LOOP[3].sampled_data_reg[19] u_entropy_source/SAMPLE_DATA_LINE_LOOP[2].SAMPLE_DATA_BIT_LOOP[4].sampled_data_reg[20] u_entropy_source/SAMPLE_DATA_LINE_LOOP[2].SAMPLE_DATA_BIT_LOOP[5].sampled_data_reg[21] u_entropy_source/SAMPLE_DATA_LINE_LOOP[2].SAMPLE_DATA_BIT_LOOP[6].sampled_data_reg[22] u_entropy_source/SAMPLE_DATA_LINE_LOOP[2].SAMPLE_DATA_BIT_LOOP[7].sampled_data_reg[23] u_entropy_source/RO_SAMPLE_LOOP[2].u_LUT6_not1,u_entropy_source/SAMPLE_DATA_LINE_LOOP[2].SAMPLE_DATA_BIT_LOOP[0].sampled_data_reg[16] u_entropy_source/SAMPLE_DATA_LINE_LOOP[2].SAMPLE_DATA_BIT_LOOP[1].sampled_data_reg[17] u_entropy_source/SAMPLE_DATA_LINE_LOOP[2].SAMPLE_DATA_BIT_LOOP[2].sampled_data_reg[18] u_entropy_source/SAMPLE_DATA_LINE_LOOP[2].SAMPLE_DATA_BIT_LOOP[3].sampled_data_reg[19] u_entropy_source/SAMPLE_DATA_LINE_LOOP[2].SAMPLE_DATA_BIT_LOOP[4].sampled_data_reg[20] u_entropy_source/SAMPLE_DATA_LINE_LOOP[2].SAMPLE_DATA_BIT_LOOP[5].sampled_data_reg[21] u_entropy_source/SAMPLE_DATA_LINE_LOOP[2].SAMPLE_DATA_BIT_LOOP[6].sampled_data_reg[22] u_entropy_source/SAMPLE_DATA_LINE_LOOP[2].SAMPLE_DATA_BIT_LOOP[7].sampled_data_reg[23] u_entropy_source/RO_SAMPLE_LOOP[2].u_LUT6_not1
sample_ro_local_data_ro4_original,sample_ro_local_data_ro4_explore1,sample_ro_net,u_entropy_source/ro_sample_chain[3],16,17,17,18,True,u_entropy_source/RO_SAMPLE_LOOP[2].u_LUT6_not1,u_entropy_source/RO_SAMPLE_LOOP[2].u_LUT6_not1,u_entropy_source/SAMPLE_DATA_LINE_LOOP[3].SAMPLE_DATA_BIT_LOOP[0].sampled_data_reg[24] u_entropy_source/SAMPLE_DATA_LINE_LOOP[3].SAMPLE_DATA_BIT_LOOP[1].sampled_data_reg[25] u_entropy_source/SAMPLE_DATA_LINE_LOOP[3].SAMPLE_DATA_BIT_LOOP[2].sampled_data_reg[26] u_entropy_source/SAMPLE_DATA_LINE_LOOP[3].SAMPLE_DATA_BIT_LOOP[3].sampled_data_reg[27] u_entropy_source/SAMPLE_DATA_LINE_LOOP[3].SAMPLE_DATA_BIT_LOOP[4].sampled_data_reg[28] u_entropy_source/SAMPLE_DATA_LINE_LOOP[3].SAMPLE_DATA_BIT_LOOP[5].sampled_data_reg[29] u_entropy_source/SAMPLE_DATA_LINE_LOOP[3].SAMPLE_DATA_BIT_LOOP[6].sampled_data_reg[30] u_entropy_source/SAMPLE_DATA_LINE_LOOP[3].SAMPLE_DATA_BIT_LOOP[7].sampled_data_reg[31] u_entropy_source/RO_SAMPLE_LOOP[3].u_LUT6_not1,u_entropy_source/SAMPLE_DATA_LINE_LOOP[3].SAMPLE_DATA_BIT_LOOP[0].sampled_data_reg[24] u_entropy_source/SAMPLE_DATA_LINE_LOOP[3].SAMPLE_DATA_BIT_LOOP[1].sampled_data_reg[25] u_entropy_source/SAMPLE_DATA_LINE_LOOP[3].SAMPLE_DATA_BIT_LOOP[2].sampled_data_reg[26] u_entropy_source/SAMPLE_DATA_LINE_LOOP[3].SAMPLE_DATA_BIT_LOOP[3].sampled_data_reg[27] u_entropy_source/SAMPLE_DATA_LINE_LOOP[3].SAMPLE_DATA_BIT_LOOP[4].sampled_data_reg[28] u_entropy_source/SAMPLE_DATA_LINE_LOOP[3].SAMPLE_DATA_BIT_LOOP[5].sampled_data_reg[29] u_entropy_source/SAMPLE_DATA_LINE_LOOP[3].SAMPLE_DATA_BIT_LOOP[6].sampled_data_reg[30] u_entropy_source/SAMPLE_DATA_LINE_LOOP[3].SAMPLE_DATA_BIT_LOOP[7].sampled_data_reg[31] u_entropy_source/RO_SAMPLE_LOOP[3].u_LUT6_not1
sample_ro_local_data_ro4_original,sample_ro_local_data_ro4_explore1,sample_ro_net,u_entropy_source/ro_sample_chain[4],14,14,15,15,False,u_entropy_source/RO_SAMPLE_LOOP[3].u_LUT6_not1,u_entropy_source/RO_SAMPLE_LOOP[3].u_LUT6_not1,u_entropy_source/SAMPLE_DATA_LINE_LOOP[4].SAMPLE_DATA_BIT_LOOP[0].sampled_data_reg[32] u_entropy_source/SAMPLE_DATA_LINE_LOOP[4].SAMPLE_DATA_BIT_LOOP[1].sampled_data_reg[33] u_entropy_source/SAMPLE_DATA_LINE_LOOP[4].SAMPLE_DATA_BIT_LOOP[2].sampled_data_reg[34] u_entropy_source/SAMPLE_DATA_LINE_LOOP[4].SAMPLE_DATA_BIT_LOOP[3].sampled_data_reg[35] u_entropy_source/SAMPLE_DATA_LINE_LOOP[4].SAMPLE_DATA_BIT_LOOP[4].sampled_data_reg[36] u_entropy_source/SAMPLE_DATA_LINE_LOOP[4].SAMPLE_DATA_BIT_LOOP[5].sampled_data_reg[37] u_entropy_source/SAMPLE_DATA_LINE_LOOP[4].SAMPLE_DATA_BIT_LOOP[6].sampled_data_reg[38] u_entropy_source/SAMPLE_DATA_LINE_LOOP[4].SAMPLE_DATA_BIT_LOOP[7].sampled_data_reg[39] u_entropy_source/RO_SAMPLE_LOOP[4].u_LUT6_not1,u_entropy_source/SAMPLE_DATA_LINE_LOOP[4].SAMPLE_DATA_BIT_LOOP[0].sampled_data_reg[32] u_entropy_source/SAMPLE_DATA_LINE_LOOP[4].SAMPLE_DATA_BIT_LOOP[1].sampled_data_reg[33] u_entropy_source/SAMPLE_DATA_LINE_LOOP[4].SAMPLE_DATA_BIT_LOOP[2].sampled_data_reg[34] u_entropy_source/SAMPLE_DATA_LINE_LOOP[4].SAMPLE_DATA_BIT_LOOP[3].sampled_data_reg[35] u_entropy_source/SAMPLE_DATA_LINE_LOOP[4].SAMPLE_DATA_BIT_LOOP[4].sampled_data_reg[36] u_entropy_source/SAMPLE_DATA_LINE_LOOP[4].SAMPLE_DATA_BIT_LOOP[5].sampled_data_reg[37] u_entropy_source/SAMPLE_DATA_LINE_LOOP[4].SAMPLE_DATA_BIT_LOOP[6].sampled_data_reg[38] u_entropy_source/SAMPLE_DATA_LINE_LOOP[4].SAMPLE_DATA_BIT_LOOP[7].sampled_data_reg[39] u_entropy_source/RO_SAMPLE_LOOP[4].u_LUT6_not1
sample_ro_local_data_ro4_original,sample_ro_local_data_ro4_explore1,sample_ro_net,u_entropy_source/ro_sample_chain[5],19,19,20,20,False,u_entropy_source/RO_SAMPLE_LOOP[4].u_LUT6_not1,u_entropy_source/RO_SAMPLE_LOOP[4].u_LUT6_not1,u_entropy_source/SAMPLE_DATA_LINE_LOOP[5].SAMPLE_DATA_BIT_LOOP[0].sampled_data_reg[40] u_entropy_source/SAMPLE_DATA_LINE_LOOP[5].SAMPLE_DATA_BIT_LOOP[1].sampled_data_reg[41] u_entropy_source/SAMPLE_DATA_LINE_LOOP[5].SAMPLE_DATA_BIT_LOOP[2].sampled_data_reg[42] u_entropy_source/SAMPLE_DATA_LINE_LOOP[5].SAMPLE_DATA_BIT_LOOP[3].sampled_data_reg[43] u_entropy_source/SAMPLE_DATA_LINE_LOOP[5].SAMPLE_DATA_BIT_LOOP[4].sampled_data_reg[44] u_entropy_source/SAMPLE_DATA_LINE_LOOP[5].SAMPLE_DATA_BIT_LOOP[5].sampled_data_reg[45] u_entropy_source/SAMPLE_DATA_LINE_LOOP[5].SAMPLE_DATA_BIT_LOOP[6].sampled_data_reg[46] u_entropy_source/SAMPLE_DATA_LINE_LOOP[5].SAMPLE_DATA_BIT_LOOP[7].sampled_data_reg[47] u_entropy_source/RO_SAMPLE_LOOP[5].u_LUT6_not1,u_entropy_source/SAMPLE_DATA_LINE_LOOP[5].SAMPLE_DATA_BIT_LOOP[0].sampled_data_reg[40] u_entropy_source/SAMPLE_DATA_LINE_LOOP[5].SAMPLE_DATA_BIT_LOOP[1].sampled_data_reg[41] u_entropy_source/SAMPLE_DATA_LINE_LOOP[5].SAMPLE_DATA_BIT_LOOP[2].sampled_data_reg[42] u_entropy_source/SAMPLE_DATA_LINE_LOOP[5].SAMPLE_DATA_BIT_LOOP[3].sampled_data_reg[43] u_entropy_source/SAMPLE_DATA_LINE_LOOP[5].SAMPLE_DATA_BIT_LOOP[4].sampled_data_reg[44] u_entropy_source/SAMPLE_DATA_LINE_LOOP[5].SAMPLE_DATA_BIT_LOOP[5].sampled_data_reg[45] u_entropy_source/SAMPLE_DATA_LINE_LOOP[5].SAMPLE_DATA_BIT_LOOP[6].sampled_data_reg[46] u_entropy_source/SAMPLE_DATA_LINE_LOOP[5].SAMPLE_DATA_BIT_LOOP[7].sampled_data_reg[47] u_entropy_source/RO_SAMPLE_LOOP[5].u_LUT6_not1
sample_ro_local_data_ro4_original,sample_ro_local_data_ro4_explore1,sample_ro_net,u_entropy_source/ro_sample_chain[6],18,18,19,19,False,u_entropy_source/RO_SAMPLE_LOOP[5].u_LUT6_not1,u_entropy_source/RO_SAMPLE_LOOP[5].u_LUT6_not1,u_entropy_source/SAMPLE_DATA_LINE_LOOP[6].SAMPLE_DATA_BIT_LOOP[0].sampled_data_reg[48] u_entropy_source/SAMPLE_DATA_LINE_LOOP[6].SAMPLE_DATA_BIT_LOOP[1].sampled_data_reg[49] u_entropy_source/SAMPLE_DATA_LINE_LOOP[6].SAMPLE_DATA_BIT_LOOP[2].sampled_data_reg[50] u_entropy_source/SAMPLE_DATA_LINE_LOOP[6].SAMPLE_DATA_BIT_LOOP[3].sampled_data_reg[51] u_entropy_source/SAMPLE_DATA_LINE_LOOP[6].SAMPLE_DATA_BIT_LOOP[4].sampled_data_reg[52] u_entropy_source/SAMPLE_DATA_LINE_LOOP[6].SAMPLE_DATA_BIT_LOOP[5].sampled_data_reg[53] u_entropy_source/SAMPLE_DATA_LINE_LOOP[6].SAMPLE_DATA_BIT_LOOP[6].sampled_data_reg[54] u_entropy_source/SAMPLE_DATA_LINE_LOOP[6].SAMPLE_DATA_BIT_LOOP[7].sampled_data_reg[55] u_entropy_source/RO_SAMPLE_LOOP[6].u_LUT6_not1,u_entropy_source/SAMPLE_DATA_LINE_LOOP[6].SAMPLE_DATA_BIT_LOOP[0].sampled_data_reg[48] u_entropy_source/SAMPLE_DATA_LINE_LOOP[6].SAMPLE_DATA_BIT_LOOP[1].sampled_data_reg[49] u_entropy_source/SAMPLE_DATA_LINE_LOOP[6].SAMPLE_DATA_BIT_LOOP[2].sampled_data_reg[50] u_entropy_source/SAMPLE_DATA_LINE_LOOP[6].SAMPLE_DATA_BIT_LOOP[3].sampled_data_reg[51] u_entropy_source/SAMPLE_DATA_LINE_LOOP[6].SAMPLE_DATA_BIT_LOOP[4].sampled_data_reg[52] u_entropy_source/SAMPLE_DATA_LINE_LOOP[6].SAMPLE_DATA_BIT_LOOP[5].sampled_data_reg[53] u_entropy_source/SAMPLE_DATA_LINE_LOOP[6].SAMPLE_DATA_BIT_LOOP[6].sampled_data_reg[54] u_entropy_source/SAMPLE_DATA_LINE_LOOP[6].SAMPLE_DATA_BIT_LOOP[7].sampled_data_reg[55] u_entropy_source/RO_SAMPLE_LOOP[6].u_LUT6_not1
sample_ro_local_data_ro4_original,sample_ro_local_data_ro4_explore1,sample_ro_net,u_entropy_source/ro_sample_chain[7],18,18,19,19,False,u_entropy_source/RO_SAMPLE_LOOP[6].u_LUT6_not1,u_entropy_source/RO_SAMPLE_LOOP[6].u_LUT6_not1,u_entropy_source/SAMPLE_DATA_LINE_LOOP[7].SAMPLE_DATA_BIT_LOOP[0].sampled_data_reg[56] u_entropy_source/SAMPLE_DATA_LINE_LOOP[7].SAMPLE_DATA_BIT_LOOP[1].sampled_data_reg[57] u_entropy_source/SAMPLE_DATA_LINE_LOOP[7].SAMPLE_DATA_BIT_LOOP[2].sampled_data_reg[58] u_entropy_source/SAMPLE_DATA_LINE_LOOP[7].SAMPLE_DATA_BIT_LOOP[3].sampled_data_reg[59] u_entropy_source/SAMPLE_DATA_LINE_LOOP[7].SAMPLE_DATA_BIT_LOOP[4].sampled_data_reg[60] u_entropy_source/SAMPLE_DATA_LINE_LOOP[7].SAMPLE_DATA_BIT_LOOP[5].sampled_data_reg[61] u_entropy_source/SAMPLE_DATA_LINE_LOOP[7].SAMPLE_DATA_BIT_LOOP[6].sampled_data_reg[62] u_entropy_source/SAMPLE_DATA_LINE_LOOP[7].SAMPLE_DATA_BIT_LOOP[7].sampled_data_reg[63] u_entropy_source/RO_SAMPLE_LOOP[7].u_LUT6_not1,u_entropy_source/SAMPLE_DATA_LINE_LOOP[7].SAMPLE_DATA_BIT_LOOP[0].sampled_data_reg[56] u_entropy_source/SAMPLE_DATA_LINE_LOOP[7].SAMPLE_DATA_BIT_LOOP[1].sampled_data_reg[57] u_entropy_source/SAMPLE_DATA_LINE_LOOP[7].SAMPLE_DATA_BIT_LOOP[2].sampled_data_reg[58] u_entropy_source/SAMPLE_DATA_LINE_LOOP[7].SAMPLE_DATA_BIT_LOOP[3].sampled_data_reg[59] u_entropy_source/SAMPLE_DATA_LINE_LOOP[7].SAMPLE_DATA_BIT_LOOP[4].sampled_data_reg[60] u_entropy_source/SAMPLE_DATA_LINE_LOOP[7].SAMPLE_DATA_BIT_LOOP[5].sampled_data_reg[61] u_entropy_source/SAMPLE_DATA_LINE_LOOP[7].SAMPLE_DATA_BIT_LOOP[6].sampled_data_reg[62] u_entropy_source/SAMPLE_DATA_LINE_LOOP[7].SAMPLE_DATA_BIT_LOOP[7].sampled_data_reg[63] u_entropy_source/RO_SAMPLE_LOOP[7].u_LUT6_not1
sample_ro_local_data_ro4_original,sample_ro_local_data_ro4_explore1,sampled_data_net,u_entropy_source/sampled_data[0],0,0,0,0,False,u_entropy_source/SAMPLE_DATA_LINE_LOOP[0].SAMPLE_DATA_BIT_LOOP[0].sampled_data_reg[0],u_entropy_source/SAMPLE_DATA_LINE_LOOP[0].SAMPLE_DATA_BIT_LOOP[0].sampled_data_reg[0],,
sample_ro_local_data_ro4_original,sample_ro_local_data_ro4_explore1,sampled_data_net,u_entropy_source/sampled_data[10],0,0,0,0,False,u_entropy_source/SAMPLE_DATA_LINE_LOOP[1].SAMPLE_DATA_BIT_LOOP[2].sampled_data_reg[10],u_entropy_source/SAMPLE_DATA_LINE_LOOP[1].SAMPLE_DATA_BIT_LOOP[2].sampled_data_reg[10],,
sample_ro_local_data_ro4_original,sample_ro_local_data_ro4_explore1,sampled_data_net,u_entropy_source/sampled_data[11],0,0,0,0,False,u_entropy_source/SAMPLE_DATA_LINE_LOOP[1].SAMPLE_DATA_BIT_LOOP[3].sampled_data_reg[11],u_entropy_source/SAMPLE_DATA_LINE_LOOP[1].SAMPLE_DATA_BIT_LOOP[3].sampled_data_reg[11],,
sample_ro_local_data_ro4_original,sample_ro_local_data_ro4_explore1,sampled_data_net,u_entropy_source/sampled_data[12],3,3,4,4,False,u_entropy_source/SAMPLE_DATA_LINE_LOOP[1].SAMPLE_DATA_BIT_LOOP[4].sampled_data_reg[12],u_entropy_source/SAMPLE_DATA_LINE_LOOP[1].SAMPLE_DATA_BIT_LOOP[4].sampled_data_reg[12],u_entropy_source/data_ro_xor_bits[4]_i_2,u_entropy_source/data_ro_xor_bits[4]_i_2
sample_ro_local_data_ro4_original,sample_ro_local_data_ro4_explore1,sampled_data_net,u_entropy_source/sampled_data[13],0,0,0,0,False,u_entropy_source/SAMPLE_DATA_LINE_LOOP[1].SAMPLE_DATA_BIT_LOOP[5].sampled_data_reg[13],u_entropy_source/SAMPLE_DATA_LINE_LOOP[1].SAMPLE_DATA_BIT_LOOP[5].sampled_data_reg[13],,
sample_ro_local_data_ro4_original,sample_ro_local_data_ro4_explore1,sampled_data_net,u_entropy_source/sampled_data[14],0,0,0,0,False,u_entropy_source/SAMPLE_DATA_LINE_LOOP[1].SAMPLE_DATA_BIT_LOOP[6].sampled_data_reg[14],u_entropy_source/SAMPLE_DATA_LINE_LOOP[1].SAMPLE_DATA_BIT_LOOP[6].sampled_data_reg[14],,
sample_ro_local_data_ro4_original,sample_ro_local_data_ro4_explore1,sampled_data_net,u_entropy_source/sampled_data[15],0,0,0,0,False,u_entropy_source/SAMPLE_DATA_LINE_LOOP[1].SAMPLE_DATA_BIT_LOOP[7].sampled_data_reg[15],u_entropy_source/SAMPLE_DATA_LINE_LOOP[1].SAMPLE_DATA_BIT_LOOP[7].sampled_data_reg[15],,
sample_ro_local_data_ro4_original,sample_ro_local_data_ro4_explore1,sampled_data_net,u_entropy_source/sampled_data[16],0,0,0,0,False,u_entropy_source/SAMPLE_DATA_LINE_LOOP[2].SAMPLE_DATA_BIT_LOOP[0].sampled_data_reg[16],u_entropy_source/SAMPLE_DATA_LINE_LOOP[2].SAMPLE_DATA_BIT_LOOP[0].sampled_data_reg[16],,
sample_ro_local_data_ro4_original,sample_ro_local_data_ro4_explore1,sampled_data_net,u_entropy_source/sampled_data[17],0,0,0,0,False,u_entropy_source/SAMPLE_DATA_LINE_LOOP[2].SAMPLE_DATA_BIT_LOOP[1].sampled_data_reg[17],u_entropy_source/SAMPLE_DATA_LINE_LOOP[2].SAMPLE_DATA_BIT_LOOP[1].sampled_data_reg[17],,
sample_ro_local_data_ro4_original,sample_ro_local_data_ro4_explore1,sampled_data_net,u_entropy_source/sampled_data[18],0,0,0,0,False,u_entropy_source/SAMPLE_DATA_LINE_LOOP[2].SAMPLE_DATA_BIT_LOOP[2].sampled_data_reg[18],u_entropy_source/SAMPLE_DATA_LINE_LOOP[2].SAMPLE_DATA_BIT_LOOP[2].sampled_data_reg[18],,
sample_ro_local_data_ro4_original,sample_ro_local_data_ro4_explore1,sampled_data_net,u_entropy_source/sampled_data[19],0,0,0,0,False,u_entropy_source/SAMPLE_DATA_LINE_LOOP[2].SAMPLE_DATA_BIT_LOOP[3].sampled_data_reg[19],u_entropy_source/SAMPLE_DATA_LINE_LOOP[2].SAMPLE_DATA_BIT_LOOP[3].sampled_data_reg[19],,
sample_ro_local_data_ro4_original,sample_ro_local_data_ro4_explore1,sampled_data_net,u_entropy_source/sampled_data[1],0,0,0,0,False,u_entropy_source/SAMPLE_DATA_LINE_LOOP[0].SAMPLE_DATA_BIT_LOOP[1].sampled_data_reg[1],u_entropy_source/SAMPLE_DATA_LINE_LOOP[0].SAMPLE_DATA_BIT_LOOP[1].sampled_data_reg[1],,
sample_ro_local_data_ro4_original,sample_ro_local_data_ro4_explore1,sampled_data_net,u_entropy_source/sampled_data[20],4,4,5,5,False,u_entropy_source/SAMPLE_DATA_LINE_LOOP[2].SAMPLE_DATA_BIT_LOOP[4].sampled_data_reg[20],u_entropy_source/SAMPLE_DATA_LINE_LOOP[2].SAMPLE_DATA_BIT_LOOP[4].sampled_data_reg[20],u_entropy_source/data_ro_xor_bits[4]_i_2,u_entropy_source/data_ro_xor_bits[4]_i_2
sample_ro_local_data_ro4_original,sample_ro_local_data_ro4_explore1,sampled_data_net,u_entropy_source/sampled_data[21],0,0,0,0,False,u_entropy_source/SAMPLE_DATA_LINE_LOOP[2].SAMPLE_DATA_BIT_LOOP[5].sampled_data_reg[21],u_entropy_source/SAMPLE_DATA_LINE_LOOP[2].SAMPLE_DATA_BIT_LOOP[5].sampled_data_reg[21],,
sample_ro_local_data_ro4_original,sample_ro_local_data_ro4_explore1,sampled_data_net,u_entropy_source/sampled_data[22],0,0,0,0,False,u_entropy_source/SAMPLE_DATA_LINE_LOOP[2].SAMPLE_DATA_BIT_LOOP[6].sampled_data_reg[22],u_entropy_source/SAMPLE_DATA_LINE_LOOP[2].SAMPLE_DATA_BIT_LOOP[6].sampled_data_reg[22],,
sample_ro_local_data_ro4_original,sample_ro_local_data_ro4_explore1,sampled_data_net,u_entropy_source/sampled_data[23],0,0,0,0,False,u_entropy_source/SAMPLE_DATA_LINE_LOOP[2].SAMPLE_DATA_BIT_LOOP[7].sampled_data_reg[23],u_entropy_source/SAMPLE_DATA_LINE_LOOP[2].SAMPLE_DATA_BIT_LOOP[7].sampled_data_reg[23],,
sample_ro_local_data_ro4_original,sample_ro_local_data_ro4_explore1,sampled_data_net,u_entropy_source/sampled_data[24],0,0,0,0,False,u_entropy_source/SAMPLE_DATA_LINE_LOOP[3].SAMPLE_DATA_BIT_LOOP[0].sampled_data_reg[24],u_entropy_source/SAMPLE_DATA_LINE_LOOP[3].SAMPLE_DATA_BIT_LOOP[0].sampled_data_reg[24],,
sample_ro_local_data_ro4_original,sample_ro_local_data_ro4_explore1,sampled_data_net,u_entropy_source/sampled_data[25],0,0,0,0,False,u_entropy_source/SAMPLE_DATA_LINE_LOOP[3].SAMPLE_DATA_BIT_LOOP[1].sampled_data_reg[25],u_entropy_source/SAMPLE_DATA_LINE_LOOP[3].SAMPLE_DATA_BIT_LOOP[1].sampled_data_reg[25],,
sample_ro_local_data_ro4_original,sample_ro_local_data_ro4_explore1,sampled_data_net,u_entropy_source/sampled_data[26],0,0,0,0,False,u_entropy_source/SAMPLE_DATA_LINE_LOOP[3].SAMPLE_DATA_BIT_LOOP[2].sampled_data_reg[26],u_entropy_source/SAMPLE_DATA_LINE_LOOP[3].SAMPLE_DATA_BIT_LOOP[2].sampled_data_reg[26],,
sample_ro_local_data_ro4_original,sample_ro_local_data_ro4_explore1,sampled_data_net,u_entropy_source/sampled_data[27],0,0,0,0,False,u_entropy_source/SAMPLE_DATA_LINE_LOOP[3].SAMPLE_DATA_BIT_LOOP[3].sampled_data_reg[27],u_entropy_source/SAMPLE_DATA_LINE_LOOP[3].SAMPLE_DATA_BIT_LOOP[3].sampled_data_reg[27],,
sample_ro_local_data_ro4_original,sample_ro_local_data_ro4_explore1,sampled_data_net,u_entropy_source/sampled_data[28],4,4,5,5,False,u_entropy_source/SAMPLE_DATA_LINE_LOOP[3].SAMPLE_DATA_BIT_LOOP[4].sampled_data_reg[28],u_entropy_source/SAMPLE_DATA_LINE_LOOP[3].SAMPLE_DATA_BIT_LOOP[4].sampled_data_reg[28],u_entropy_source/data_ro_xor_bits[4]_i_2,u_entropy_source/data_ro_xor_bits[4]_i_2
sample_ro_local_data_ro4_original,sample_ro_local_data_ro4_explore1,sampled_data_net,u_entropy_source/sampled_data[29],0,0,0,0,False,u_entropy_source/SAMPLE_DATA_LINE_LOOP[3].SAMPLE_DATA_BIT_LOOP[5].sampled_data_reg[29],u_entropy_source/SAMPLE_DATA_LINE_LOOP[3].SAMPLE_DATA_BIT_LOOP[5].sampled_data_reg[29],,
sample_ro_local_data_ro4_original,sample_ro_local_data_ro4_explore1,sampled_data_net,u_entropy_source/sampled_data[2],0,0,0,0,False,u_entropy_source/SAMPLE_DATA_LINE_LOOP[0].SAMPLE_DATA_BIT_LOOP[2].sampled_data_reg[2],u_entropy_source/SAMPLE_DATA_LINE_LOOP[0].SAMPLE_DATA_BIT_LOOP[2].sampled_data_reg[2],,
sample_ro_local_data_ro4_original,sample_ro_local_data_ro4_explore1,sampled_data_net,u_entropy_source/sampled_data[30],0,0,0,0,False,u_entropy_source/SAMPLE_DATA_LINE_LOOP[3].SAMPLE_DATA_BIT_LOOP[6].sampled_data_reg[30],u_entropy_source/SAMPLE_DATA_LINE_LOOP[3].SAMPLE_DATA_BIT_LOOP[6].sampled_data_reg[30],,
sample_ro_local_data_ro4_original,sample_ro_local_data_ro4_explore1,sampled_data_net,u_entropy_source/sampled_data[31],0,0,0,0,False,u_entropy_source/SAMPLE_DATA_LINE_LOOP[3].SAMPLE_DATA_BIT_LOOP[7].sampled_data_reg[31],u_entropy_source/SAMPLE_DATA_LINE_LOOP[3].SAMPLE_DATA_BIT_LOOP[7].sampled_data_reg[31],,
sample_ro_local_data_ro4_original,sample_ro_local_data_ro4_explore1,sampled_data_net,u_entropy_source/sampled_data[32],0,0,0,0,False,u_entropy_source/SAMPLE_DATA_LINE_LOOP[4].SAMPLE_DATA_BIT_LOOP[0].sampled_data_reg[32],u_entropy_source/SAMPLE_DATA_LINE_LOOP[4].SAMPLE_DATA_BIT_LOOP[0].sampled_data_reg[32],,
sample_ro_local_data_ro4_original,sample_ro_local_data_ro4_explore1,sampled_data_net,u_entropy_source/sampled_data[33],0,0,0,0,False,u_entropy_source/SAMPLE_DATA_LINE_LOOP[4].SAMPLE_DATA_BIT_LOOP[1].sampled_data_reg[33],u_entropy_source/SAMPLE_DATA_LINE_LOOP[4].SAMPLE_DATA_BIT_LOOP[1].sampled_data_reg[33],,
sample_ro_local_data_ro4_original,sample_ro_local_data_ro4_explore1,sampled_data_net,u_entropy_source/sampled_data[34],0,0,0,0,False,u_entropy_source/SAMPLE_DATA_LINE_LOOP[4].SAMPLE_DATA_BIT_LOOP[2].sampled_data_reg[34],u_entropy_source/SAMPLE_DATA_LINE_LOOP[4].SAMPLE_DATA_BIT_LOOP[2].sampled_data_reg[34],,
sample_ro_local_data_ro4_original,sample_ro_local_data_ro4_explore1,sampled_data_net,u_entropy_source/sampled_data[35],0,0,0,0,False,u_entropy_source/SAMPLE_DATA_LINE_LOOP[4].SAMPLE_DATA_BIT_LOOP[3].sampled_data_reg[35],u_entropy_source/SAMPLE_DATA_LINE_LOOP[4].SAMPLE_DATA_BIT_LOOP[3].sampled_data_reg[35],,
sample_ro_local_data_ro4_original,sample_ro_local_data_ro4_explore1,sampled_data_net,u_entropy_source/sampled_data[36],4,4,5,5,False,u_entropy_source/SAMPLE_DATA_LINE_LOOP[4].SAMPLE_DATA_BIT_LOOP[4].sampled_data_reg[36],u_entropy_source/SAMPLE_DATA_LINE_LOOP[4].SAMPLE_DATA_BIT_LOOP[4].sampled_data_reg[36],u_entropy_source/data_ro_xor_bits[4]_i_1,u_entropy_source/data_ro_xor_bits[4]_i_1
sample_ro_local_data_ro4_original,sample_ro_local_data_ro4_explore1,sampled_data_net,u_entropy_source/sampled_data[37],0,0,0,0,False,u_entropy_source/SAMPLE_DATA_LINE_LOOP[4].SAMPLE_DATA_BIT_LOOP[5].sampled_data_reg[37],u_entropy_source/SAMPLE_DATA_LINE_LOOP[4].SAMPLE_DATA_BIT_LOOP[5].sampled_data_reg[37],,
sample_ro_local_data_ro4_original,sample_ro_local_data_ro4_explore1,sampled_data_net,u_entropy_source/sampled_data[38],0,0,0,0,False,u_entropy_source/SAMPLE_DATA_LINE_LOOP[4].SAMPLE_DATA_BIT_LOOP[6].sampled_data_reg[38],u_entropy_source/SAMPLE_DATA_LINE_LOOP[4].SAMPLE_DATA_BIT_LOOP[6].sampled_data_reg[38],,
sample_ro_local_data_ro4_original,sample_ro_local_data_ro4_explore1,sampled_data_net,u_entropy_source/sampled_data[39],0,0,0,0,False,u_entropy_source/SAMPLE_DATA_LINE_LOOP[4].SAMPLE_DATA_BIT_LOOP[7].sampled_data_reg[39],u_entropy_source/SAMPLE_DATA_LINE_LOOP[4].SAMPLE_DATA_BIT_LOOP[7].sampled_data_reg[39],,
sample_ro_local_data_ro4_original,sample_ro_local_data_ro4_explore1,sampled_data_net,u_entropy_source/sampled_data[3],0,0,0,0,False,u_entropy_source/SAMPLE_DATA_LINE_LOOP[0].SAMPLE_DATA_BIT_LOOP[3].sampled_data_reg[3],u_entropy_source/SAMPLE_DATA_LINE_LOOP[0].SAMPLE_DATA_BIT_LOOP[3].sampled_data_reg[3],,
sample_ro_local_data_ro4_original,sample_ro_local_data_ro4_explore1,sampled_data_net,u_entropy_source/sampled_data[40],0,0,0,0,False,u_entropy_source/SAMPLE_DATA_LINE_LOOP[5].SAMPLE_DATA_BIT_LOOP[0].sampled_data_reg[40],u_entropy_source/SAMPLE_DATA_LINE_LOOP[5].SAMPLE_DATA_BIT_LOOP[0].sampled_data_reg[40],,
sample_ro_local_data_ro4_original,sample_ro_local_data_ro4_explore1,sampled_data_net,u_entropy_source/sampled_data[41],0,0,0,0,False,u_entropy_source/SAMPLE_DATA_LINE_LOOP[5].SAMPLE_DATA_BIT_LOOP[1].sampled_data_reg[41],u_entropy_source/SAMPLE_DATA_LINE_LOOP[5].SAMPLE_DATA_BIT_LOOP[1].sampled_data_reg[41],,
sample_ro_local_data_ro4_original,sample_ro_local_data_ro4_explore1,sampled_data_net,u_entropy_source/sampled_data[42],0,0,0,0,False,u_entropy_source/SAMPLE_DATA_LINE_LOOP[5].SAMPLE_DATA_BIT_LOOP[2].sampled_data_reg[42],u_entropy_source/SAMPLE_DATA_LINE_LOOP[5].SAMPLE_DATA_BIT_LOOP[2].sampled_data_reg[42],,
sample_ro_local_data_ro4_original,sample_ro_local_data_ro4_explore1,sampled_data_net,u_entropy_source/sampled_data[43],0,0,0,0,False,u_entropy_source/SAMPLE_DATA_LINE_LOOP[5].SAMPLE_DATA_BIT_LOOP[3].sampled_data_reg[43],u_entropy_source/SAMPLE_DATA_LINE_LOOP[5].SAMPLE_DATA_BIT_LOOP[3].sampled_data_reg[43],,
sample_ro_local_data_ro4_original,sample_ro_local_data_ro4_explore1,sampled_data_net,u_entropy_source/sampled_data[44],5,5,6,6,False,u_entropy_source/SAMPLE_DATA_LINE_LOOP[5].SAMPLE_DATA_BIT_LOOP[4].sampled_data_reg[44],u_entropy_source/SAMPLE_DATA_LINE_LOOP[5].SAMPLE_DATA_BIT_LOOP[4].sampled_data_reg[44],u_entropy_source/data_ro_xor_bits[4]_i_1,u_entropy_source/data_ro_xor_bits[4]_i_1
sample_ro_local_data_ro4_original,sample_ro_local_data_ro4_explore1,sampled_data_net,u_entropy_source/sampled_data[45],0,0,0,0,False,u_entropy_source/SAMPLE_DATA_LINE_LOOP[5].SAMPLE_DATA_BIT_LOOP[5].sampled_data_reg[45],u_entropy_source/SAMPLE_DATA_LINE_LOOP[5].SAMPLE_DATA_BIT_LOOP[5].sampled_data_reg[45],,
sample_ro_local_data_ro4_original,sample_ro_local_data_ro4_explore1,sampled_data_net,u_entropy_source/sampled_data[46],0,0,0,0,False,u_entropy_source/SAMPLE_DATA_LINE_LOOP[5].SAMPLE_DATA_BIT_LOOP[6].sampled_data_reg[46],u_entropy_source/SAMPLE_DATA_LINE_LOOP[5].SAMPLE_DATA_BIT_LOOP[6].sampled_data_reg[46],,
sample_ro_local_data_ro4_original,sample_ro_local_data_ro4_explore1,sampled_data_net,u_entropy_source/sampled_data[47],0,0,0,0,False,u_entropy_source/SAMPLE_DATA_LINE_LOOP[5].SAMPLE_DATA_BIT_LOOP[7].sampled_data_reg[47],u_entropy_source/SAMPLE_DATA_LINE_LOOP[5].SAMPLE_DATA_BIT_LOOP[7].sampled_data_reg[47],,
sample_ro_local_data_ro4_original,sample_ro_local_data_ro4_explore1,sampled_data_net,u_entropy_source/sampled_data[48],0,0,0,0,False,u_entropy_source/SAMPLE_DATA_LINE_LOOP[6].SAMPLE_DATA_BIT_LOOP[0].sampled_data_reg[48],u_entropy_source/SAMPLE_DATA_LINE_LOOP[6].SAMPLE_DATA_BIT_LOOP[0].sampled_data_reg[48],,
sample_ro_local_data_ro4_original,sample_ro_local_data_ro4_explore1,sampled_data_net,u_entropy_source/sampled_data[49],0,0,0,0,False,u_entropy_source/SAMPLE_DATA_LINE_LOOP[6].SAMPLE_DATA_BIT_LOOP[1].sampled_data_reg[49],u_entropy_source/SAMPLE_DATA_LINE_LOOP[6].SAMPLE_DATA_BIT_LOOP[1].sampled_data_reg[49],,
sample_ro_local_data_ro4_original,sample_ro_local_data_ro4_explore1,sampled_data_net,u_entropy_source/sampled_data[4],4,4,5,5,False,u_entropy_source/SAMPLE_DATA_LINE_LOOP[0].SAMPLE_DATA_BIT_LOOP[4].sampled_data_reg[4],u_entropy_source/SAMPLE_DATA_LINE_LOOP[0].SAMPLE_DATA_BIT_LOOP[4].sampled_data_reg[4],u_entropy_source/data_ro_xor_bits[4]_i_2,u_entropy_source/data_ro_xor_bits[4]_i_2
sample_ro_local_data_ro4_original,sample_ro_local_data_ro4_explore1,sampled_data_net,u_entropy_source/sampled_data[50],0,0,0,0,False,u_entropy_source/SAMPLE_DATA_LINE_LOOP[6].SAMPLE_DATA_BIT_LOOP[2].sampled_data_reg[50],u_entropy_source/SAMPLE_DATA_LINE_LOOP[6].SAMPLE_DATA_BIT_LOOP[2].sampled_data_reg[50],,
sample_ro_local_data_ro4_original,sample_ro_local_data_ro4_explore1,sampled_data_net,u_entropy_source/sampled_data[51],0,0,0,0,False,u_entropy_source/SAMPLE_DATA_LINE_LOOP[6].SAMPLE_DATA_BIT_LOOP[3].sampled_data_reg[51],u_entropy_source/SAMPLE_DATA_LINE_LOOP[6].SAMPLE_DATA_BIT_LOOP[3].sampled_data_reg[51],,
sample_ro_local_data_ro4_original,sample_ro_local_data_ro4_explore1,sampled_data_net,u_entropy_source/sampled_data[52],4,4,5,5,False,u_entropy_source/SAMPLE_DATA_LINE_LOOP[6].SAMPLE_DATA_BIT_LOOP[4].sampled_data_reg[52],u_entropy_source/SAMPLE_DATA_LINE_LOOP[6].SAMPLE_DATA_BIT_LOOP[4].sampled_data_reg[52],u_entropy_source/data_ro_xor_bits[4]_i_1,u_entropy_source/data_ro_xor_bits[4]_i_1
sample_ro_local_data_ro4_original,sample_ro_local_data_ro4_explore1,sampled_data_net,u_entropy_source/sampled_data[53],0,0,0,0,False,u_entropy_source/SAMPLE_DATA_LINE_LOOP[6].SAMPLE_DATA_BIT_LOOP[5].sampled_data_reg[53],u_entropy_source/SAMPLE_DATA_LINE_LOOP[6].SAMPLE_DATA_BIT_LOOP[5].sampled_data_reg[53],,
sample_ro_local_data_ro4_original,sample_ro_local_data_ro4_explore1,sampled_data_net,u_entropy_source/sampled_data[54],0,0,0,0,False,u_entropy_source/SAMPLE_DATA_LINE_LOOP[6].SAMPLE_DATA_BIT_LOOP[6].sampled_data_reg[54],u_entropy_source/SAMPLE_DATA_LINE_LOOP[6].SAMPLE_DATA_BIT_LOOP[6].sampled_data_reg[54],,
sample_ro_local_data_ro4_original,sample_ro_local_data_ro4_explore1,sampled_data_net,u_entropy_source/sampled_data[55],0,0,0,0,False,u_entropy_source/SAMPLE_DATA_LINE_LOOP[6].SAMPLE_DATA_BIT_LOOP[7].sampled_data_reg[55],u_entropy_source/SAMPLE_DATA_LINE_LOOP[6].SAMPLE_DATA_BIT_LOOP[7].sampled_data_reg[55],,
sample_ro_local_data_ro4_original,sample_ro_local_data_ro4_explore1,sampled_data_net,u_entropy_source/sampled_data[56],0,0,0,0,False,u_entropy_source/SAMPLE_DATA_LINE_LOOP[7].SAMPLE_DATA_BIT_LOOP[0].sampled_data_reg[56],u_entropy_source/SAMPLE_DATA_LINE_LOOP[7].SAMPLE_DATA_BIT_LOOP[0].sampled_data_reg[56],,
sample_ro_local_data_ro4_original,sample_ro_local_data_ro4_explore1,sampled_data_net,u_entropy_source/sampled_data[57],0,0,0,0,False,u_entropy_source/SAMPLE_DATA_LINE_LOOP[7].SAMPLE_DATA_BIT_LOOP[1].sampled_data_reg[57],u_entropy_source/SAMPLE_DATA_LINE_LOOP[7].SAMPLE_DATA_BIT_LOOP[1].sampled_data_reg[57],,
sample_ro_local_data_ro4_original,sample_ro_local_data_ro4_explore1,sampled_data_net,u_entropy_source/sampled_data[58],0,0,0,0,False,u_entropy_source/SAMPLE_DATA_LINE_LOOP[7].SAMPLE_DATA_BIT_LOOP[2].sampled_data_reg[58],u_entropy_source/SAMPLE_DATA_LINE_LOOP[7].SAMPLE_DATA_BIT_LOOP[2].sampled_data_reg[58],,
sample_ro_local_data_ro4_original,sample_ro_local_data_ro4_explore1,sampled_data_net,u_entropy_source/sampled_data[59],0,0,0,0,False,u_entropy_source/SAMPLE_DATA_LINE_LOOP[7].SAMPLE_DATA_BIT_LOOP[3].sampled_data_reg[59],u_entropy_source/SAMPLE_DATA_LINE_LOOP[7].SAMPLE_DATA_BIT_LOOP[3].sampled_data_reg[59],,
sample_ro_local_data_ro4_original,sample_ro_local_data_ro4_explore1,sampled_data_net,u_entropy_source/sampled_data[5],0,0,0,0,False,u_entropy_source/SAMPLE_DATA_LINE_LOOP[0].SAMPLE_DATA_BIT_LOOP[5].sampled_data_reg[5],u_entropy_source/SAMPLE_DATA_LINE_LOOP[0].SAMPLE_DATA_BIT_LOOP[5].sampled_data_reg[5],,
sample_ro_local_data_ro4_original,sample_ro_local_data_ro4_explore1,sampled_data_net,u_entropy_source/sampled_data[60],4,4,5,5,False,u_entropy_source/SAMPLE_DATA_LINE_LOOP[7].SAMPLE_DATA_BIT_LOOP[4].sampled_data_reg[60],u_entropy_source/SAMPLE_DATA_LINE_LOOP[7].SAMPLE_DATA_BIT_LOOP[4].sampled_data_reg[60],u_entropy_source/data_ro_xor_bits[4]_i_1,u_entropy_source/data_ro_xor_bits[4]_i_1
sample_ro_local_data_ro4_original,sample_ro_local_data_ro4_explore1,sampled_data_net,u_entropy_source/sampled_data[61],0,0,0,0,False,u_entropy_source/SAMPLE_DATA_LINE_LOOP[7].SAMPLE_DATA_BIT_LOOP[5].sampled_data_reg[61],u_entropy_source/SAMPLE_DATA_LINE_LOOP[7].SAMPLE_DATA_BIT_LOOP[5].sampled_data_reg[61],,
sample_ro_local_data_ro4_original,sample_ro_local_data_ro4_explore1,sampled_data_net,u_entropy_source/sampled_data[62],0,0,0,0,False,u_entropy_source/SAMPLE_DATA_LINE_LOOP[7].SAMPLE_DATA_BIT_LOOP[6].sampled_data_reg[62],u_entropy_source/SAMPLE_DATA_LINE_LOOP[7].SAMPLE_DATA_BIT_LOOP[6].sampled_data_reg[62],,
sample_ro_local_data_ro4_original,sample_ro_local_data_ro4_explore1,sampled_data_net,u_entropy_source/sampled_data[63],0,0,0,0,False,u_entropy_source/SAMPLE_DATA_LINE_LOOP[7].SAMPLE_DATA_BIT_LOOP[7].sampled_data_reg[63],u_entropy_source/SAMPLE_DATA_LINE_LOOP[7].SAMPLE_DATA_BIT_LOOP[7].sampled_data_reg[63],,
sample_ro_local_data_ro4_original,sample_ro_local_data_ro4_explore1,sampled_data_net,u_entropy_source/sampled_data[6],0,0,0,0,False,u_entropy_source/SAMPLE_DATA_LINE_LOOP[0].SAMPLE_DATA_BIT_LOOP[6].sampled_data_reg[6],u_entropy_source/SAMPLE_DATA_LINE_LOOP[0].SAMPLE_DATA_BIT_LOOP[6].sampled_data_reg[6],,
sample_ro_local_data_ro4_original,sample_ro_local_data_ro4_explore1,sampled_data_net,u_entropy_source/sampled_data[7],0,0,0,0,False,u_entropy_source/SAMPLE_DATA_LINE_LOOP[0].SAMPLE_DATA_BIT_LOOP[7].sampled_data_reg[7],u_entropy_source/SAMPLE_DATA_LINE_LOOP[0].SAMPLE_DATA_BIT_LOOP[7].sampled_data_reg[7],,
sample_ro_local_data_ro4_original,sample_ro_local_data_ro4_explore1,sampled_data_net,u_entropy_source/sampled_data[8],0,0,0,0,False,u_entropy_source/SAMPLE_DATA_LINE_LOOP[1].SAMPLE_DATA_BIT_LOOP[0].sampled_data_reg[8],u_entropy_source/SAMPLE_DATA_LINE_LOOP[1].SAMPLE_DATA_BIT_LOOP[0].sampled_data_reg[8],,
sample_ro_local_data_ro4_original,sample_ro_local_data_ro4_explore1,sampled_data_net,u_entropy_source/sampled_data[9],0,0,0,0,False,u_entropy_source/SAMPLE_DATA_LINE_LOOP[1].SAMPLE_DATA_BIT_LOOP[1].sampled_data_reg[9],u_entropy_source/SAMPLE_DATA_LINE_LOOP[1].SAMPLE_DATA_BIT_LOOP[1].sampled_data_reg[9],,
