run,source,source_format,window_index,packet_start,packet_end,packets,clock_period_ps,bins,phase_pearson_r,bin_pearson_r,diff_mean_ps,diff_std_ps,diff_mean_delta_from_first_ps,diff_mean_delta_from_run_mean_ps,run_diff_mean_ps_slope_per_window,lag_min,lag_max,lag0_phase_pearson_r,best_lag_packets,best_lag_phase_pearson_r,best_lag_abs_phase_pearson_r,strong_lock_window,source_file
tdc_counterfactual_scompact_ro3_warmup4_32768_run01_20260528,data\hardware\20260511_fpga1_board1\tdc_counterfactual\analysis_tdc_counterfactual_scompact_ro3_warmup4_32768_run01_20260528\tdc_counterfactual_scompact_ro3_warmup4_32768_run01_20260528.tdc_packets.csv,csv,0,0,2047,2048,5000,256,-0.0225414078,-0.0129884171,-30.0109386,2004.70529,0,-30.0109386,2.15298956,-8,8,-0.0225414078,6,0.051397096,0.051397096,0,data\hardware\20260511_fpga1_board1\tdc_counterfactual\analysis_tdc_counterfactual_scompact_ro3_warmup4_32768_run01_20260528\tdc_counterfactual_scompact_ro3_warmup4_32768_run01_20260528.tdc_packets.csv
tdc_counterfactual_scompact_ro3_warmup4_32768_run01_20260528,data\hardware\20260511_fpga1_board1\tdc_counterfactual\analysis_tdc_counterfactual_scompact_ro3_warmup4_32768_run01_20260528\tdc_counterfactual_scompact_ro3_warmup4_32768_run01_20260528.tdc_packets.csv,csv,1,2048,4095,2048,5000,256,0.0243981285,0.0260222693,10.6340274,1941.96818,40.6449661,10.6340274,2.15298956,-8,8,0.0243981285,-4,-0.0504951392,0.0504951392,0,data\hardware\20260511_fpga1_board1\tdc_counterfactual\analysis_tdc_counterfactual_scompact_ro3_warmup4_32768_run01_20260528\tdc_counterfactual_scompact_ro3_warmup4_32768_run01_20260528.tdc_packets.csv
tdc_counterfactual_scompact_ro3_warmup4_32768_run01_20260528,data\hardware\20260511_fpga1_board1\tdc_counterfactual\analysis_tdc_counterfactual_scompact_ro3_warmup4_32768_run01_20260528\tdc_counterfactual_scompact_ro3_warmup4_32768_run01_20260528.tdc_packets.csv,csv,2,4096,6143,2048,5000,256,0.0258696464,0.0195729522,6.79638237,1951.43653,36.807321,6.79638237,2.15298956,-8,8,0.0258696464,2,0.0399187236,0.0399187236,0,data\hardware\20260511_fpga1_board1\tdc_counterfactual\analysis_tdc_counterfactual_scompact_ro3_warmup4_32768_run01_20260528\tdc_counterfactual_scompact_ro3_warmup4_32768_run01_20260528.tdc_packets.csv
tdc_counterfactual_scompact_ro3_warmup4_32768_run01_20260528,data\hardware\20260511_fpga1_board1\tdc_counterfactual\analysis_tdc_counterfactual_scompact_ro3_warmup4_32768_run01_20260528\tdc_counterfactual_scompact_ro3_warmup4_32768_run01_20260528.tdc_packets.csv,csv,3,6144,8191,2048,5000,256,-0.0117705622,-0.00872799995,-32.4431807,1979.96688,-2.43224204,-32.4431807,2.15298956,-8,8,-0.0117705622,-7,-0.0566561425,0.0566561425,0,data\hardware\20260511_fpga1_board1\tdc_counterfactual\analysis_tdc_counterfactual_scompact_ro3_warmup4_32768_run01_20260528\tdc_counterfactual_scompact_ro3_warmup4_32768_run01_20260528.tdc_packets.csv
tdc_counterfactual_scompact_ro3_warmup4_32768_run01_20260528,data\hardware\20260511_fpga1_board1\tdc_counterfactual\analysis_tdc_counterfactual_scompact_ro3_warmup4_32768_run01_20260528\tdc_counterfactual_scompact_ro3_warmup4_32768_run01_20260528.tdc_packets.csv,csv,4,8192,10239,2048,5000,256,0.00580027151,0.00144171673,-4.64558601,1977.65607,25.3653526,-4.64558601,2.15298956,-8,8,0.00580027151,-1,-0.0611173303,0.0611173303,0,data\hardware\20260511_fpga1_board1\tdc_counterfactual\analysis_tdc_counterfactual_scompact_ro3_warmup4_32768_run01_20260528\tdc_counterfactual_scompact_ro3_warmup4_32768_run01_20260528.tdc_packets.csv
tdc_counterfactual_scompact_ro3_warmup4_32768_run01_20260528,data\hardware\20260511_fpga1_board1\tdc_counterfactual\analysis_tdc_counterfactual_scompact_ro3_warmup4_32768_run01_20260528\tdc_counterfactual_scompact_ro3_warmup4_32768_run01_20260528.tdc_packets.csv,csv,5,10240,12287,2048,5000,256,0.00717040822,-0.00167930572,-32.7618048,1980.52289,-2.75086612,-32.7618048,2.15298956,-8,8,0.00717040822,7,0.0567572894,0.0567572894,0,data\hardware\20260511_fpga1_board1\tdc_counterfactual\analysis_tdc_counterfactual_scompact_ro3_warmup4_32768_run01_20260528\tdc_counterfactual_scompact_ro3_warmup4_32768_run01_20260528.tdc_packets.csv
tdc_counterfactual_scompact_ro3_warmup4_32768_run01_20260528,data\hardware\20260511_fpga1_board1\tdc_counterfactual\analysis_tdc_counterfactual_scompact_ro3_warmup4_32768_run01_20260528\tdc_counterfactual_scompact_ro3_warmup4_32768_run01_20260528.tdc_packets.csv,csv,6,12288,14335,2048,5000,256,-0.0127002549,-0.013047707,8.65206122,1986.78358,38.6629999,8.65206122,2.15298956,-8,8,-0.0127002549,5,0.0465438824,0.0465438824,0,data\hardware\20260511_fpga1_board1\tdc_counterfactual\analysis_tdc_counterfactual_scompact_ro3_warmup4_32768_run01_20260528\tdc_counterfactual_scompact_ro3_warmup4_32768_run01_20260528.tdc_packets.csv
tdc_counterfactual_scompact_ro3_warmup4_32768_run01_20260528,data\hardware\20260511_fpga1_board1\tdc_counterfactual\analysis_tdc_counterfactual_scompact_ro3_warmup4_32768_run01_20260528\tdc_counterfactual_scompact_ro3_warmup4_32768_run01_20260528.tdc_packets.csv,csv,7,14336,16383,2048,5000,256,0.0224781745,0.0289650769,-5.09615988,1951.13662,24.9147788,-5.09615988,2.15298956,-8,8,0.0224781745,2,-0.0564401167,0.0564401167,0,data\hardware\20260511_fpga1_board1\tdc_counterfactual\analysis_tdc_counterfactual_scompact_ro3_warmup4_32768_run01_20260528\tdc_counterfactual_scompact_ro3_warmup4_32768_run01_20260528.tdc_packets.csv
tdc_counterfactual_scompact_ro3_warmup4_32768_run01_20260528,data\hardware\20260511_fpga1_board1\tdc_counterfactual\analysis_tdc_counterfactual_scompact_ro3_warmup4_32768_run01_20260528\tdc_counterfactual_scompact_ro3_warmup4_32768_run01_20260528.tdc_packets.csv,csv,8,16384,18431,2048,5000,256,0.0207373127,0.0208633815,33.1797078,1953.83136,63.1906465,33.1797078,2.15298956,-8,8,0.0207373127,6,-0.0494506159,0.0494506159,0,data\hardware\20260511_fpga1_board1\tdc_counterfactual\analysis_tdc_counterfactual_scompact_ro3_warmup4_32768_run01_20260528\tdc_counterfactual_scompact_ro3_warmup4_32768_run01_20260528.tdc_packets.csv
tdc_counterfactual_scompact_ro3_warmup4_32768_run01_20260528,data\hardware\20260511_fpga1_board1\tdc_counterfactual\analysis_tdc_counterfactual_scompact_ro3_warmup4_32768_run01_20260528\tdc_counterfactual_scompact_ro3_warmup4_32768_run01_20260528.tdc_packets.csv,csv,9,18432,20479,2048,5000,256,0.026622714,0.0219764308,-48.856847,1948.93226,-18.8459083,-48.856847,2.15298956,-8,8,0.026622714,-1,0.0408566136,0.0408566136,0,data\hardware\20260511_fpga1_board1\tdc_counterfactual\analysis_tdc_counterfactual_scompact_ro3_warmup4_32768_run01_20260528\tdc_counterfactual_scompact_ro3_warmup4_32768_run01_20260528.tdc_packets.csv
tdc_counterfactual_scompact_ro3_warmup4_32768_run01_20260528,data\hardware\20260511_fpga1_board1\tdc_counterfactual\analysis_tdc_counterfactual_scompact_ro3_warmup4_32768_run01_20260528\tdc_counterfactual_scompact_ro3_warmup4_32768_run01_20260528.tdc_packets.csv,csv,10,20480,22527,2048,5000,256,-0.00870153872,-0.00312591905,34.1371074,1989.12374,64.1480461,34.1371074,2.15298956,-8,8,-0.00870153872,3,0.0288432021,0.0288432021,0,data\hardware\20260511_fpga1_board1\tdc_counterfactual\analysis_tdc_counterfactual_scompact_ro3_warmup4_32768_run01_20260528\tdc_counterfactual_scompact_ro3_warmup4_32768_run01_20260528.tdc_packets.csv
tdc_counterfactual_scompact_ro3_warmup4_32768_run01_20260528,data\hardware\20260511_fpga1_board1\tdc_counterfactual\analysis_tdc_counterfactual_scompact_ro3_warmup4_32768_run01_20260528\tdc_counterfactual_scompact_ro3_warmup4_32768_run01_20260528.tdc_packets.csv,csv,11,22528,24575,2048,5000,256,0.0320826095,0.0321127433,-20.9627301,1914.0026,9.04820859,-20.9627301,2.15298956,-8,8,0.0320826095,-7,-0.0571379322,0.0571379322,0,data\hardware\20260511_fpga1_board1\tdc_counterfactual\analysis_tdc_counterfactual_scompact_ro3_warmup4_32768_run01_20260528\tdc_counterfactual_scompact_ro3_warmup4_32768_run01_20260528.tdc_packets.csv
tdc_counterfactual_scompact_ro3_warmup4_32768_run01_20260528,data\hardware\20260511_fpga1_board1\tdc_counterfactual\analysis_tdc_counterfactual_scompact_ro3_warmup4_32768_run01_20260528\tdc_counterfactual_scompact_ro3_warmup4_32768_run01_20260528.tdc_packets.csv,csv,12,24576,26623,2048,5000,256,-0.00624192483,-0.00921485668,33.2704559,1965.4032,63.2813945,33.2704559,2.15298956,-8,8,-0.00624192483,8,0.048339498,0.048339498,0,data\hardware\20260511_fpga1_board1\tdc_counterfactual\analysis_tdc_counterfactual_scompact_ro3_warmup4_32768_run01_20260528\tdc_counterfactual_scompact_ro3_warmup4_32768_run01_20260528.tdc_packets.csv
tdc_counterfactual_scompact_ro3_warmup4_32768_run01_20260528,data\hardware\20260511_fpga1_board1\tdc_counterfactual\analysis_tdc_counterfactual_scompact_ro3_warmup4_32768_run01_20260528\tdc_counterfactual_scompact_ro3_warmup4_32768_run01_20260528.tdc_packets.csv,csv,13,26624,28671,2048,5000,256,0.00675585363,0.0104061988,45.5017388,1957.50342,75.5126774,45.5017388,2.15298956,-8,8,0.00675585363,-8,0.0471374515,0.0471374515,0,data\hardware\20260511_fpga1_board1\tdc_counterfactual\analysis_tdc_counterfactual_scompact_ro3_warmup4_32768_run01_20260528\tdc_counterfactual_scompact_ro3_warmup4_32768_run01_20260528.tdc_packets.csv
tdc_counterfactual_scompact_ro3_warmup4_32768_run01_20260528,data\hardware\20260511_fpga1_board1\tdc_counterfactual\analysis_tdc_counterfactual_scompact_ro3_warmup4_32768_run01_20260528\tdc_counterfactual_scompact_ro3_warmup4_32768_run01_20260528.tdc_packets.csv,csv,14,28672,30719,2048,5000,256,0.0505784471,0.0454164029,-4.90967184,1914.34519,25.1012668,-4.90967184,2.15298956,-8,8,0.0505784471,0,0.0505784471,0.0505784471,0,data\hardware\20260511_fpga1_board1\tdc_counterfactual\analysis_tdc_counterfactual_scompact_ro3_warmup4_32768_run01_20260528\tdc_counterfactual_scompact_ro3_warmup4_32768_run01_20260528.tdc_packets.csv
tdc_counterfactual_scompact_ro3_warmup4_32768_run01_20260528,data\hardware\20260511_fpga1_board1\tdc_counterfactual\analysis_tdc_counterfactual_scompact_ro3_warmup4_32768_run01_20260528\tdc_counterfactual_scompact_ro3_warmup4_32768_run01_20260528.tdc_packets.csv,csv,15,30720,32767,2048,5000,256,0.000918086725,-0.000654622203,7.5154379,1976.67972,37.5263765,7.5154379,2.15298956,-8,8,0.000918086725,6,-0.0647686718,0.0647686718,0,data\hardware\20260511_fpga1_board1\tdc_counterfactual\analysis_tdc_counterfactual_scompact_ro3_warmup4_32768_run01_20260528\tdc_counterfactual_scompact_ro3_warmup4_32768_run01_20260528.tdc_packets.csv
tdc_counterfactual_srestart_ro3_warmup4_32768_run01_20260528,data\hardware\20260511_fpga1_board1\tdc_counterfactual\analysis_tdc_counterfactual_srestart_ro3_warmup4_32768_run01_20260528\tdc_counterfactual_srestart_ro3_warmup4_32768_run01_20260528.tdc_packets.csv,csv,0,0,2047,2048,5000,256,0.0471266537,0.0453345813,-10.6998906,1918.43523,0,-10.6998906,-3.58005624,-8,8,0.0471266537,0,0.0471266537,0.0471266537,0,data\hardware\20260511_fpga1_board1\tdc_counterfactual\analysis_tdc_counterfactual_srestart_ro3_warmup4_32768_run01_20260528\tdc_counterfactual_srestart_ro3_warmup4_32768_run01_20260528.tdc_packets.csv
tdc_counterfactual_srestart_ro3_warmup4_32768_run01_20260528,data\hardware\20260511_fpga1_board1\tdc_counterfactual\analysis_tdc_counterfactual_srestart_ro3_warmup4_32768_run01_20260528\tdc_counterfactual_srestart_ro3_warmup4_32768_run01_20260528.tdc_packets.csv,csv,1,2048,4095,2048,5000,256,-0.0232416073,-0.0218119363,71.9399005,1992.53422,82.6397911,71.9399005,-3.58005624,-8,8,-0.0232416073,-2,-0.0420036187,0.0420036187,0,data\hardware\20260511_fpga1_board1\tdc_counterfactual\analysis_tdc_counterfactual_srestart_ro3_warmup4_32768_run01_20260528\tdc_counterfactual_srestart_ro3_warmup4_32768_run01_20260528.tdc_packets.csv
tdc_counterfactual_srestart_ro3_warmup4_32768_run01_20260528,data\hardware\20260511_fpga1_board1\tdc_counterfactual\analysis_tdc_counterfactual_srestart_ro3_warmup4_32768_run01_20260528\tdc_counterfactual_srestart_ro3_warmup4_32768_run01_20260528.tdc_packets.csv,csv,2,4096,6143,2048,5000,256,0.0105355295,0.00751962335,105.986632,1965.21883,116.686523,105.986632,-3.58005624,-8,8,0.0105355295,-6,-0.0662340078,0.0662340078,0,data\hardware\20260511_fpga1_board1\tdc_counterfactual\analysis_tdc_counterfactual_srestart_ro3_warmup4_32768_run01_20260528\tdc_counterfactual_srestart_ro3_warmup4_32768_run01_20260528.tdc_packets.csv
tdc_counterfactual_srestart_ro3_warmup4_32768_run01_20260528,data\hardware\20260511_fpga1_board1\tdc_counterfactual\analysis_tdc_counterfactual_srestart_ro3_warmup4_32768_run01_20260528\tdc_counterfactual_srestart_ro3_warmup4_32768_run01_20260528.tdc_packets.csv,csv,3,6144,8191,2048,5000,256,-0.00732632663,-0.00829879051,-38.0706787,1979.15374,-27.3707882,-38.0706787,-3.58005624,-8,8,-0.00732632663,-7,0.0546928572,0.0546928572,0,data\hardware\20260511_fpga1_board1\tdc_counterfactual\analysis_tdc_counterfactual_srestart_ro3_warmup4_32768_run01_20260528\tdc_counterfactual_srestart_ro3_warmup4_32768_run01_20260528.tdc_packets.csv
tdc_counterfactual_srestart_ro3_warmup4_32768_run01_20260528,data\hardware\20260511_fpga1_board1\tdc_counterfactual\analysis_tdc_counterfactual_srestart_ro3_warmup4_32768_run01_20260528\tdc_counterfactual_srestart_ro3_warmup4_32768_run01_20260528.tdc_packets.csv,csv,4,8192,10239,2048,5000,256,0.00241103957,0.0012707898,64.7446513,1983.64633,75.4445419,64.7446513,-3.58005624,-8,8,0.00241103957,-1,0.0444625421,0.0444625421,0,data\hardware\20260511_fpga1_board1\tdc_counterfactual\analysis_tdc_counterfactual_srestart_ro3_warmup4_32768_run01_20260528\tdc_counterfactual_srestart_ro3_warmup4_32768_run01_20260528.tdc_packets.csv
tdc_counterfactual_srestart_ro3_warmup4_32768_run01_20260528,data\hardware\20260511_fpga1_board1\tdc_counterfactual\analysis_tdc_counterfactual_srestart_ro3_warmup4_32768_run01_20260528\tdc_counterfactual_srestart_ro3_warmup4_32768_run01_20260528.tdc_packets.csv,csv,5,10240,12287,2048,5000,256,-0.00992661101,-0.0118867976,-15.9430504,1982.52488,-5.24315983,-15.9430504,-3.58005624,-8,8,-0.00992661101,3,-0.0499110189,0.0499110189,0,data\hardware\20260511_fpga1_board1\tdc_counterfactual\analysis_tdc_counterfactual_srestart_ro3_warmup4_32768_run01_20260528\tdc_counterfactual_srestart_ro3_warmup4_32768_run01_20260528.tdc_packets.csv
tdc_counterfactual_srestart_ro3_warmup4_32768_run01_20260528,data\hardware\20260511_fpga1_board1\tdc_counterfactual\analysis_tdc_counterfactual_srestart_ro3_warmup4_32768_run01_20260528\tdc_counterfactual_srestart_ro3_warmup4_32768_run01_20260528.tdc_packets.csv,csv,6,12288,14335,2048,5000,256,-0.0290858434,-0.0330479103,6.89622015,1994.33669,17.5961107,6.89622015,-3.58005624,-8,8,-0.0290858434,1,-0.0417389338,0.0417389338,0,data\hardware\20260511_fpga1_board1\tdc_counterfactual\analysis_tdc_counterfactual_srestart_ro3_warmup4_32768_run01_20260528\tdc_counterfactual_srestart_ro3_warmup4_32768_run01_20260528.tdc_packets.csv
tdc_counterfactual_srestart_ro3_warmup4_32768_run01_20260528,data\hardware\20260511_fpga1_board1\tdc_counterfactual\analysis_tdc_counterfactual_srestart_ro3_warmup4_32768_run01_20260528\tdc_counterfactual_srestart_ro3_warmup4_32768_run01_20260528.tdc_packets.csv,csv,7,14336,16383,2048,5000,256,0.0194135765,0.0180740343,27.6277587,1943.54467,38.3276492,27.6277587,-3.58005624,-8,8,0.0194135765,-5,-0.0461952592,0.0461952592,0,data\hardware\20260511_fpga1_board1\tdc_counterfactual\analysis_tdc_counterfactual_srestart_ro3_warmup4_32768_run01_20260528\tdc_counterfactual_srestart_ro3_warmup4_32768_run01_20260528.tdc_packets.csv
tdc_counterfactual_srestart_ro3_warmup4_32768_run01_20260528,data\hardware\20260511_fpga1_board1\tdc_counterfactual\analysis_tdc_counterfactual_srestart_ro3_warmup4_32768_run01_20260528\tdc_counterfactual_srestart_ro3_warmup4_32768_run01_20260528.tdc_packets.csv,csv,8,16384,18431,2048,5000,256,-0.0134315379,-0.012353653,-105.570704,1987.21272,-94.8708132,-105.570704,-3.58005624,-8,8,-0.0134315379,-5,-0.0650936358,0.0650936358,0,data\hardware\20260511_fpga1_board1\tdc_counterfactual\analysis_tdc_counterfactual_srestart_ro3_warmup4_32768_run01_20260528\tdc_counterfactual_srestart_ro3_warmup4_32768_run01_20260528.tdc_packets.csv
tdc_counterfactual_srestart_ro3_warmup4_32768_run01_20260528,data\hardware\20260511_fpga1_board1\tdc_counterfactual\analysis_tdc_counterfactual_srestart_ro3_warmup4_32768_run01_20260528\tdc_counterfactual_srestart_ro3_warmup4_32768_run01_20260528.tdc_packets.csv,csv,9,18432,20479,2048,5000,256,0.0266975548,0.0267186625,-70.223473,1936.76796,-59.5235825,-70.223473,-3.58005624,-8,8,0.0266975548,-7,0.0594085275,0.0594085275,0,data\hardware\20260511_fpga1_board1\tdc_counterfactual\analysis_tdc_counterfactual_srestart_ro3_warmup4_32768_run01_20260528\tdc_counterfactual_srestart_ro3_warmup4_32768_run01_20260528.tdc_packets.csv
tdc_counterfactual_srestart_ro3_warmup4_32768_run01_20260528,data\hardware\20260511_fpga1_board1\tdc_counterfactual\analysis_tdc_counterfactual_srestart_ro3_warmup4_32768_run01_20260528\tdc_counterfactual_srestart_ro3_warmup4_32768_run01_20260528.tdc_packets.csv,csv,10,20480,22527,2048,5000,256,-0.0200130173,-0.0227638988,-54.7911227,1991.33046,-44.0912321,-54.7911227,-3.58005624,-8,8,-0.0200130173,7,0.0314943355,0.0314943355,0,data\hardware\20260511_fpga1_board1\tdc_counterfactual\analysis_tdc_counterfactual_srestart_ro3_warmup4_32768_run01_20260528\tdc_counterfactual_srestart_ro3_warmup4_32768_run01_20260528.tdc_packets.csv
tdc_counterfactual_srestart_ro3_warmup4_32768_run01_20260528,data\hardware\20260511_fpga1_board1\tdc_counterfactual\analysis_tdc_counterfactual_srestart_ro3_warmup4_32768_run01_20260528\tdc_counterfactual_srestart_ro3_warmup4_32768_run01_20260528.tdc_packets.csv,csv,11,22528,24575,2048,5000,256,-0.0158135173,-0.0168953193,-14.161095,1977.62062,-3.46120447,-14.161095,-3.58005624,-8,8,-0.0158135173,4,0.0439747579,0.0439747579,0,data\hardware\20260511_fpga1_board1\tdc_counterfactual\analysis_tdc_counterfactual_srestart_ro3_warmup4_32768_run01_20260528\tdc_counterfactual_srestart_ro3_warmup4_32768_run01_20260528.tdc_packets.csv
tdc_counterfactual_srestart_ro3_warmup4_32768_run01_20260528,data\hardware\20260511_fpga1_board1\tdc_counterfactual\analysis_tdc_counterfactual_srestart_ro3_warmup4_32768_run01_20260528\tdc_counterfactual_srestart_ro3_warmup4_32768_run01_20260528.tdc_packets.csv,csv,12,24576,26623,2048,5000,256,-0.0238405199,-0.0215625476,-8.28776509,1993.49644,2.41212547,-8.28776509,-3.58005624,-8,8,-0.0238405199,5,-0.0631372407,0.0631372407,0,data\hardware\20260511_fpga1_board1\tdc_counterfactual\analysis_tdc_counterfactual_srestart_ro3_warmup4_32768_run01_20260528\tdc_counterfactual_srestart_ro3_warmup4_32768_run01_20260528.tdc_packets.csv
tdc_counterfactual_srestart_ro3_warmup4_32768_run01_20260528,data\hardware\20260511_fpga1_board1\tdc_counterfactual\analysis_tdc_counterfactual_srestart_ro3_warmup4_32768_run01_20260528\tdc_counterfactual_srestart_ro3_warmup4_32768_run01_20260528.tdc_packets.csv,csv,13,26624,28671,2048,5000,256,-0.00842324914,-0.00372721271,12.7840787,1978.024,23.4839693,12.7840787,-3.58005624,-8,8,-0.00842324914,6,0.0544783936,0.0544783936,0,data\hardware\20260511_fpga1_board1\tdc_counterfactual\analysis_tdc_counterfactual_srestart_ro3_warmup4_32768_run01_20260528\tdc_counterfactual_srestart_ro3_warmup4_32768_run01_20260528.tdc_packets.csv
tdc_counterfactual_srestart_ro3_warmup4_32768_run01_20260528,data\hardware\20260511_fpga1_board1\tdc_counterfactual\analysis_tdc_counterfactual_srestart_ro3_warmup4_32768_run01_20260528\tdc_counterfactual_srestart_ro3_warmup4_32768_run01_20260528.tdc_packets.csv,csv,14,28672,30719,2048,5000,256,0.0112979665,0.0106968057,103.96298,1970.06163,114.662871,103.96298,-3.58005624,-8,8,0.0112979665,4,-0.0411165741,0.0411165741,0,data\hardware\20260511_fpga1_board1\tdc_counterfactual\analysis_tdc_counterfactual_srestart_ro3_warmup4_32768_run01_20260528\tdc_counterfactual_srestart_ro3_warmup4_32768_run01_20260528.tdc_packets.csv
tdc_counterfactual_srestart_ro3_warmup4_32768_run01_20260528,data\hardware\20260511_fpga1_board1\tdc_counterfactual\analysis_tdc_counterfactual_srestart_ro3_warmup4_32768_run01_20260528\tdc_counterfactual_srestart_ro3_warmup4_32768_run01_20260528.tdc_packets.csv,csv,15,30720,32767,2048,5000,256,0.0368524298,0.0317136556,-76.1944428,1939.15958,-65.4945523,-76.1944428,-3.58005624,-8,8,0.0368524298,-8,-0.062514771,0.062514771,0,data\hardware\20260511_fpga1_board1\tdc_counterfactual\analysis_tdc_counterfactual_srestart_ro3_warmup4_32768_run01_20260528\tdc_counterfactual_srestart_ro3_warmup4_32768_run01_20260528.tdc_packets.csv
