label,input_file,input_sha256,restart_count,bytes_per_restart,overall_p1,row_ones_mean,row_ones_std,worst_byte,worst_bit_lsb_index,worst_ones,worst_zeros,worst_x,worst_p1,msb_column,lsb_column,bitrev_msb_column,byte_reverse_msb_column,byte_reverse_lsb_column,cyclic_shift1_msb_column,cyclic_shift4_msb_column
random1_sampler_regs_only_restart_auto_formal_bits_1000x125_warmup0_header_delay60s_run01_20260524,E:\Project\MLDSA\RO_TRNG\data\hardware\20260511_fpga1_board1\restart\random1_sampler_regs_only_restart_auto_formal_bits_1000x125_warmup0_header_delay60s_run01_20260524.bin,0EAF8F4FC51B6F76F14CDD7BBB654A8D07D5D75895589DCB83D7F191FCFBEA5C,1000,125,0.499146,499.146,16.38373229761766,1,6,756,244,756,0.756,9,14,14,985,990,10,13
random1_sampler_regs_only_restart_auto_formal_bits_1000x125_warmup0_header_delay60s_run02_20260524,E:\Project\MLDSA\RO_TRNG\data\hardware\20260511_fpga1_board1\restart\random1_sampler_regs_only_restart_auto_formal_bits_1000x125_warmup0_header_delay60s_run02_20260524.bin,9F0C124FA540775CC874F3371C7CBE24B59B67D289B22529F5FA196DF69E2A05,1000,125,0.498425,498.425,16.084289695227454,1,7,802,198,802,0.802,8,15,15,984,991,9,12
random1_sampler_regs_only_restart_auto_formal_bits_1000x125_warmup10_header_delay60s_passband01_20260524,E:\Project\MLDSA\RO_TRNG\data\hardware\20260511_fpga1_board1\restart\random1_sampler_regs_only_restart_auto_formal_bits_1000x125_warmup10_header_delay60s_passband01_20260524.bin,F0BFCF24F6585BBBF8C080FF27CEBE0C4F8D88BBE5A43924E5791FB503692192,1000,125,0.499174,499.174,16.268673086641087,115,3,435,565,565,0.435,924,923,923,76,75,925,920
random1_sampler_regs_only_restart_auto_formal_bits_1000x125_warmup10_header_delay60s_repeat02_20260524,E:\Project\MLDSA\RO_TRNG\data\hardware\20260511_fpga1_board1\restart\random1_sampler_regs_only_restart_auto_formal_bits_1000x125_warmup10_header_delay60s_repeat02_20260524.bin,EE3B24FC4A238763FFF6C035004F1581DBADB370D86677BF57A4148C6A71F371,1000,125,0.500018,500.018,15.953108662577336,14,1,453,547,547,0.453,118,113,113,886,881,119,114
random1_sampler_regs_only_restart_auto_formal_bits_1000x125_warmup11_header_delay60s_edge01_20260524,E:\Project\MLDSA\RO_TRNG\data\hardware\20260511_fpga1_board1\restart\random1_sampler_regs_only_restart_auto_formal_bits_1000x125_warmup11_header_delay60s_edge01_20260524.bin,F970A9AC8BB659D7CF5DCDF4F0F7154895170C2B1534B1BE1760582662DC03A3,1000,125,0.55921,559.21,32.52029981411611,81,4,613,387,613,0.613,651,652,652,347,348,652,655
random1_sampler_regs_only_restart_auto_formal_bits_1000x125_warmup11_header_delay60s_repeat02_20260524,E:\Project\MLDSA\RO_TRNG\data\hardware\20260511_fpga1_board1\restart\random1_sampler_regs_only_restart_auto_formal_bits_1000x125_warmup11_header_delay60s_repeat02_20260524.bin,3F8764DAA56C642B148C63B6520F3F1318621058CFAAAAB3A55B9880256F8864,1000,125,0.558805,558.805,32.88894913188928,57,2,618,382,618,0.618,461,458,458,541,538,462,457
random1_sampler_regs_only_restart_auto_formal_bits_1000x125_warmup12_header_delay60s_run01_20260524,E:\Project\MLDSA\RO_TRNG\data\hardware\20260511_fpga1_board1\restart\random1_sampler_regs_only_restart_auto_formal_bits_1000x125_warmup12_header_delay60s_run01_20260524.bin,F1C7EB5FDFDF49A1A4F38A185120C823AB4C7F8BBFE779FF38A78F9C3949C956,1000,125,0.452171,452.171,15.544508966191245,2,7,391,609,609,0.391,16,23,23,976,983,17,20
random1_sampler_regs_only_restart_auto_formal_bits_1000x125_warmup12_header_delay60s_run02_20260524,E:\Project\MLDSA\RO_TRNG\data\hardware\20260511_fpga1_board1\restart\random1_sampler_regs_only_restart_auto_formal_bits_1000x125_warmup12_header_delay60s_run02_20260524.bin,3066F431E619358014585635596141C9DF4E2F5593BA994712919418E7CACC13,1000,125,0.453785,453.785,16.729099647022252,6,1,399,601,601,0.399,54,49,49,950,945,55,50
random1_sampler_regs_only_restart_auto_formal_bits_1000x125_warmup16_header_delay60s_sweep01_20260524,E:\Project\MLDSA\RO_TRNG\data\hardware\20260511_fpga1_board1\restart\random1_sampler_regs_only_restart_auto_formal_bits_1000x125_warmup16_header_delay60s_sweep01_20260524.bin,D6487168F7301D42FE4A8E808E184310403FDA123183FD21064E536741E60D78,1000,125,0.466933,466.933,15.666221975958338,60,3,414,586,586,0.414,484,483,483,516,515,485,480
random1_sampler_regs_only_restart_auto_formal_bits_1000x125_warmup4_header_delay60s_repeat02_20260524,E:\Project\MLDSA\RO_TRNG\data\hardware\20260511_fpga1_board1\restart\random1_sampler_regs_only_restart_auto_formal_bits_1000x125_warmup4_header_delay60s_repeat02_20260524.bin,FE3A6F6BF09C55B88AB96007CF582B6739A298FB324B49FA9207B0EACEE39A74,1000,125,0.407103,407.103,17.10135640819172,0,2,267,733,733,0.267,5,2,2,997,994,6,1
random1_sampler_regs_only_restart_auto_formal_bits_1000x125_warmup4_header_delay60s_sweep01_20260524,E:\Project\MLDSA\RO_TRNG\data\hardware\20260511_fpga1_board1\restart\random1_sampler_regs_only_restart_auto_formal_bits_1000x125_warmup4_header_delay60s_sweep01_20260524.bin,28DF13CEA8B2125539D74EF51DFBCC1F7299DBD4C48F30F52E070D90DC1250BF,1000,125,0.40797,407.97,16.70865344664255,1,6,249,751,751,0.249,9,14,14,985,990,10,13
random1_sampler_regs_only_restart_auto_formal_bits_1000x125_warmup5_header_delay60s_edge01_20260524,E:\Project\MLDSA\RO_TRNG\data\hardware\20260511_fpga1_board1\restart\random1_sampler_regs_only_restart_auto_formal_bits_1000x125_warmup5_header_delay60s_edge01_20260524.bin,EA1CC46440FC0F02C5FBA68A63830E44F592F2DD8AE3D2B357A6C72489A7905B,1000,125,0.497894,497.894,16.020822825310816,111,2,442,558,558,0.442,893,890,890,109,106,894,889
random1_sampler_regs_only_restart_auto_formal_bits_1000x125_warmup5_header_delay60s_repeat02_20260524,E:\Project\MLDSA\RO_TRNG\data\hardware\20260511_fpga1_board1\restart\random1_sampler_regs_only_restart_auto_formal_bits_1000x125_warmup5_header_delay60s_repeat02_20260524.bin,182C00C883749661299294B6ABECC81A14D13F51CB3045BAAB7552D126DFC526,1000,125,0.498602,498.602,15.916456766504284,104,4,561,439,561,0.561,835,836,836,163,164,836,839
random1_sampler_regs_only_restart_auto_formal_bits_1000x125_warmup6_header_delay60s_passband01_20260524,E:\Project\MLDSA\RO_TRNG\data\hardware\20260511_fpga1_board1\restart\random1_sampler_regs_only_restart_auto_formal_bits_1000x125_warmup6_header_delay60s_passband01_20260524.bin,7B584BEFF0E1DB252C332D76C7780DD8E5C680FF89D45550A58D0E4DFE382615,1000,125,0.49628,496.28,16.491197652080942,24,4,449,551,551,0.449,195,196,196,803,804,196,199
random1_sampler_regs_only_restart_auto_formal_bits_1000x125_warmup6_header_delay60s_repeat02_20260524,E:\Project\MLDSA\RO_TRNG\data\hardware\20260511_fpga1_board1\restart\random1_sampler_regs_only_restart_auto_formal_bits_1000x125_warmup6_header_delay60s_repeat02_20260524.bin,E56EAEBE9CB209724C8FA5728CA77B9FBA76CB302BFC6746D3FBCB7C549D3D60,1000,125,0.497339,497.339,15.679479551311644,108,7,446,554,554,0.446,864,871,871,128,135,865,868
random1_sampler_regs_only_restart_auto_formal_bits_1000x125_warmup8_header_delay60s_repeat02_20260524,E:\Project\MLDSA\RO_TRNG\data\hardware\20260511_fpga1_board1\restart\random1_sampler_regs_only_restart_auto_formal_bits_1000x125_warmup8_header_delay60s_repeat02_20260524.bin,1F98799F76B7A30D691AA4C30B480A3F3D42EC46ADF83814C4CD04EC4E71B988,1000,125,0.484294,484.294,16.320219483818224,0,3,442,558,558,0.442,4,3,3,996,995,5,0
random1_sampler_regs_only_restart_auto_formal_bits_1000x125_warmup8_header_delay60s_sweep01_20260524,E:\Project\MLDSA\RO_TRNG\data\hardware\20260511_fpga1_board1\restart\random1_sampler_regs_only_restart_auto_formal_bits_1000x125_warmup8_header_delay60s_sweep01_20260524.bin,BD684BF2AEACC4693B5FB0AA6770D6A4B9E93E7AF45E5245F4A7CD3913D0D077,1000,125,0.482728,482.728,15.795569505402456,83,0,436,564,564,0.436,671,664,664,335,328,664,667
random3_restart_auto_formal_bits_1000x125_header_delay60s_20260515,E:\Project\MLDSA\RO_TRNG\data\hardware\20260511_fpga1_board1\restart\random3_restart_auto_formal_bits_1000x125_header_delay60s_20260515.bin,A9B7BD143BE83CF63F7EF793B6D8409011A03EB8E70DE6828D1EFA4388A59338,1000,125,0.497933,497.933,15.136330830158279,0,0,315,685,685,0.315,7,0,0,999,992,0,3
random3_restart_auto_formal_bits_1000x125_header_delay60s_repeat02_20260515,E:\Project\MLDSA\RO_TRNG\data\hardware\20260511_fpga1_board1\restart\random3_restart_auto_formal_bits_1000x125_header_delay60s_repeat02_20260515.bin,7CE2161474009731EA7AC3C7ACBD7E38443DD55AC6881DAA5D2F2FAAB4D10ED5,1000,125,0.497787,497.787,15.383485658328544,2,7,680,320,680,0.68,16,23,23,976,983,17,20
random3_restart_auto_formal_bits_1000x125_warmup10_header_delay60s_20260515,E:\Project\MLDSA\RO_TRNG\data\hardware\20260511_fpga1_board1\restart\random3_restart_auto_formal_bits_1000x125_warmup10_header_delay60s_20260515.bin,90810C80B5936DF71B184D37E357E85FE05D33ED83CB0E5D0748906FF9BC6597,1000,125,0.415017,415.017,15.497442079259404,1,4,350,650,650,0.35,11,12,12,987,988,12,15
random3_restart_auto_formal_bits_1000x125_warmup10_header_delay60s_repeat02_20260515,E:\Project\MLDSA\RO_TRNG\data\hardware\20260511_fpga1_board1\restart\random3_restart_auto_formal_bits_1000x125_warmup10_header_delay60s_repeat02_20260515.bin,743E2A6536BFFAADDBFEE8F45FFE8DE4D14734504118CAFB3D3DAB7A2A1C7CAD,1000,125,0.415849,415.849,16.044132852853096,6,0,367,633,633,0.367,55,48,48,951,944,48,51
random3_restart_auto_formal_bits_1000x125_warmup10_header_delay60s_repeat03_20260522_20260515,E:\Project\MLDSA\RO_TRNG\data\hardware\20260511_fpga1_board1\restart\random3_restart_auto_formal_bits_1000x125_warmup10_header_delay60s_repeat03_20260522_20260515.bin,7137FCE666E125EE580295C24FFCE61E9D1212C580DCB99E473174A117D5E7C2,1000,125,0.414384,414.384,15.996266564420587,1,6,369,631,631,0.369,9,14,14,985,990,10,13
random3_restart_auto_formal_bits_1000x125_warmup11_header_delay60s_20260515,E:\Project\MLDSA\RO_TRNG\data\hardware\20260511_fpga1_board1\restart\random3_restart_auto_formal_bits_1000x125_warmup11_header_delay60s_20260515.bin,4418C3D6550684637B56121F96A906F48B128B63139991A3B8C827D2C30A6BA9,1000,125,0.469088,469.088,15.564069390747395,1,3,417,583,583,0.417,12,11,11,988,987,13,8
random3_restart_auto_formal_bits_1000x125_warmup11_header_delay60s_repeat02_20260515,E:\Project\MLDSA\RO_TRNG\data\hardware\20260511_fpga1_board1\restart\random3_restart_auto_formal_bits_1000x125_warmup11_header_delay60s_repeat02_20260515.bin,806E52B1C50539152C6AE5450E7CD47E961DFC4B9E0197788F722711386A0BB6,1000,125,0.469261,469.261,15.591243664313634,68,3,412,588,588,0.412,548,547,547,452,451,549,544
random3_restart_auto_formal_bits_1000x125_warmup11_header_delay60s_repeat03_20260522_20260515,E:\Project\MLDSA\RO_TRNG\data\hardware\20260511_fpga1_board1\restart\random3_restart_auto_formal_bits_1000x125_warmup11_header_delay60s_repeat03_20260522_20260515.bin,B56BAD329A0062D4B6FD7EA4597D2F5346CF9FCEB65A738FAAB07057C598DEAD,1000,125,0.46769,467.69,15.068042341326228,0,5,405,595,595,0.405,2,5,5,994,997,3,6
random3_restart_auto_formal_bits_1000x125_warmup12_header_delay60s_20260515,E:\Project\MLDSA\RO_TRNG\data\hardware\20260511_fpga1_board1\restart\random3_restart_auto_formal_bits_1000x125_warmup12_header_delay60s_20260515.bin,E5F690CF5545F5EBF7271175472F2B2D36033E750C060F569B196CC08CB3B2C0,1000,125,0.499478,499.478,16.205292839069585,88,3,562,438,562,0.562,708,707,707,292,291,709,704
random3_restart_auto_formal_bits_1000x125_warmup12_header_delay60s_repeat02_20260515,E:\Project\MLDSA\RO_TRNG\data\hardware\20260511_fpga1_board1\restart\random3_restart_auto_formal_bits_1000x125_warmup12_header_delay60s_repeat02_20260515.bin,2137FD20C71F1245E2568E4AFE4F86FA126B04536E4E63588CE1257D2E0BA134,1000,125,0.499506,499.506,15.518826115399323,118,1,451,549,549,0.451,950,945,945,54,49,951,946
random3_restart_auto_formal_bits_1000x125_warmup12_header_delay60s_repeat03_20260522_20260515,E:\Project\MLDSA\RO_TRNG\data\hardware\20260511_fpga1_board1\restart\random3_restart_auto_formal_bits_1000x125_warmup12_header_delay60s_repeat03_20260522_20260515.bin,5D38169A047740B6C0CD432D023818111414CBC33059845ABF9D3EB0F1C34B67,1000,125,0.499348,499.348,16.207309955695916,35,0,450,550,550,0.45,287,280,280,719,712,280,283
random3_restart_auto_formal_bits_1000x125_warmup16_header_delay60s_20260515,E:\Project\MLDSA\RO_TRNG\data\hardware\20260511_fpga1_board1\restart\random3_restart_auto_formal_bits_1000x125_warmup16_header_delay60s_20260515.bin,8084E1AB95062564ACE582113520A54163CADA96E12C1A2211DE2C044AC860E7,1000,125,0.499126,499.126,15.35187688851106,43,7,547,453,547,0.547,344,351,351,648,655,345,348
random3_restart_auto_formal_bits_1000x125_warmup8_header_delay60s_20260515,E:\Project\MLDSA\RO_TRNG\data\hardware\20260511_fpga1_board1\restart\random3_restart_auto_formal_bits_1000x125_warmup8_header_delay60s_20260515.bin,4ECD7CCE25B950BE4F1B6715BD877B2D7A4CA1286D04B6B397D2BC0FB4357423,1000,125,0.374385,374.385,15.524843799536278,2,2,279,721,721,0.279,21,18,18,981,978,22,17
restart_auto_random1_regs_only_sample_ro_compact_locked_warmup4_1000x125_run02_20260525,E:\Project\MLDSA\RO_TRNG\data\hardware\20260511_fpga1_board1\restart\restart_auto_random1_regs_only_sample_ro_compact_locked_warmup4_1000x125_run02_20260525.bin,9FF880AA0D82E27C7FCAAD0AED6183E2878E2299EB19B276E38EF54799BE6873,1000,125,0.499754,499.754,16.111222299999465,109,4,448,552,552,0.448,875,876,876,123,124,876,879
