label,byte_phase_mod8,bit_index,samples,ones,zeros,p1,abs_bias,entropy,min_entropy
restart_reduced_xor_random1_sampler_island_local_warmup10_except_data_ro0_1000x125_strict_20260526.payload,0,0,16000,7974,8026,0.498375000,0.001625000,0.999992381,0.995318844
restart_reduced_xor_random1_sampler_island_local_warmup10_except_data_ro0_1000x125_strict_20260526.payload,0,1,16000,8066,7934,0.504125000,0.004125000,0.999950903,0.988146594
restart_reduced_xor_random1_sampler_island_local_warmup10_except_data_ro0_1000x125_strict_20260526.payload,0,2,16000,7926,8074,0.495375000,0.004625000,0.999938279,0.986716413
restart_reduced_xor_random1_sampler_island_local_warmup10_except_data_ro0_1000x125_strict_20260526.payload,0,3,16000,7867,8133,0.491687500,0.008312500,0.999800617,0.976212386
restart_reduced_xor_random1_sampler_island_local_warmup10_except_data_ro0_1000x125_strict_20260526.payload,0,4,16000,8013,7987,0.500812500,0.000812500,0.999998095,0.997657523
restart_reduced_xor_random1_sampler_island_local_warmup10_except_data_ro0_1000x125_strict_20260526.payload,0,5,16000,8064,7936,0.504000000,0.004000000,0.999953833,0.988504361
restart_reduced_xor_random1_sampler_island_local_warmup10_except_data_ro0_1000x125_strict_20260526.payload,0,6,16000,8028,7972,0.501750000,0.001750000,0.999991163,0.994959383
restart_reduced_xor_random1_sampler_island_local_warmup10_except_data_ro0_1000x125_strict_20260526.payload,0,7,16000,8033,7967,0.502062500,0.002062500,0.999987726,0.994061123
restart_reduced_xor_random1_sampler_island_local_warmup10_except_data_ro0_1000x125_strict_20260526.payload,1,0,16000,7973,8027,0.498312500,0.001687500,0.999991783,0.995139102
restart_reduced_xor_random1_sampler_island_local_warmup10_except_data_ro0_1000x125_strict_20260526.payload,1,1,16000,7997,8003,0.499812500,0.000187500,0.999999899,0.999459091
restart_reduced_xor_random1_sampler_island_local_warmup10_except_data_ro0_1000x125_strict_20260526.payload,1,2,16000,8048,7952,0.503000000,0.003000000,0.999974031,0.991369695
restart_reduced_xor_random1_sampler_island_local_warmup10_except_data_ro0_1000x125_strict_20260526.payload,1,3,16000,7939,8061,0.496187500,0.003812500,0.999958060,0.989041178
restart_reduced_xor_random1_sampler_island_local_warmup10_except_data_ro0_1000x125_strict_20260526.payload,1,4,16000,8018,7982,0.501125000,0.001125000,0.999996348,0.996757583
restart_reduced_xor_random1_sampler_island_local_warmup10_except_data_ro0_1000x125_strict_20260526.payload,1,5,16000,8035,7965,0.502187500,0.002187500,0.999986193,0.993701976
restart_reduced_xor_random1_sampler_island_local_warmup10_except_data_ro0_1000x125_strict_20260526.payload,1,6,16000,8070,7930,0.504375000,0.004375000,0.999944771,0.987431326
restart_reduced_xor_random1_sampler_island_local_warmup10_except_data_ro0_1000x125_strict_20260526.payload,1,7,16000,8013,7987,0.500812500,0.000812500,0.999998095,0.997657523
restart_reduced_xor_random1_sampler_island_local_warmup10_except_data_ro0_1000x125_strict_20260526.payload,2,0,16000,8083,7917,0.505187500,0.005187500,0.999922352,0.985109152
restart_reduced_xor_random1_sampler_island_local_warmup10_except_data_ro0_1000x125_strict_20260526.payload,2,1,16000,7966,8034,0.497875000,0.002125000,0.999986971,0.993881539
restart_reduced_xor_random1_sampler_island_local_warmup10_except_data_ro0_1000x125_strict_20260526.payload,2,2,16000,7931,8069,0.495687500,0.004312500,0.999946338,0.987610110
restart_reduced_xor_random1_sampler_island_local_warmup10_except_data_ro0_1000x125_strict_20260526.payload,2,3,16000,8012,7988,0.500750000,0.000750000,0.999998377,0.997837579
restart_reduced_xor_random1_sampler_island_local_warmup10_except_data_ro0_1000x125_strict_20260526.payload,2,4,16000,8001,7999,0.500062500,0.000062500,0.999999989,0.999819674
restart_reduced_xor_random1_sampler_island_local_warmup10_except_data_ro0_1000x125_strict_20260526.payload,2,5,16000,8056,7944,0.503500000,0.003500000,0.999964654,0.989936317
restart_reduced_xor_random1_sampler_island_local_warmup10_except_data_ro0_1000x125_strict_20260526.payload,2,6,16000,8082,7918,0.505125000,0.005125000,0.999924212,0.985287648
restart_reduced_xor_random1_sampler_island_local_warmup10_except_data_ro0_1000x125_strict_20260526.payload,2,7,16000,7941,8059,0.496312500,0.003687500,0.999960765,0.989399167
restart_reduced_xor_random1_sampler_island_local_warmup10_except_data_ro0_1000x125_strict_20260526.payload,3,0,16000,8010,7990,0.500625000,0.000625000,0.999998873,0.998197757
restart_reduced_xor_random1_sampler_island_local_warmup10_except_data_ro0_1000x125_strict_20260526.payload,3,1,16000,8008,7992,0.500500000,0.000500000,0.999999279,0.998558026
restart_reduced_xor_random1_sampler_island_local_warmup10_except_data_ro0_1000x125_strict_20260526.payload,3,2,16000,8006,7994,0.500375000,0.000375000,0.999999594,0.998918384
restart_reduced_xor_random1_sampler_island_local_warmup10_except_data_ro0_1000x125_strict_20260526.payload,3,3,16000,8030,7970,0.501875000,0.001875000,0.999989856,0.994600012
restart_reduced_xor_random1_sampler_island_local_warmup10_except_data_ro0_1000x125_strict_20260526.payload,3,4,16000,8053,7947,0.503312500,0.003312500,0.999968339,0.990473667
restart_reduced_xor_random1_sampler_island_local_warmup10_except_data_ro0_1000x125_strict_20260526.payload,3,5,16000,8015,7985,0.500937500,0.000937500,0.999997464,0.997297480
restart_reduced_xor_random1_sampler_island_local_warmup10_except_data_ro0_1000x125_strict_20260526.payload,3,6,16000,8006,7994,0.500375000,0.000375000,0.999999594,0.998918384
restart_reduced_xor_random1_sampler_island_local_warmup10_except_data_ro0_1000x125_strict_20260526.payload,3,7,16000,7980,8020,0.498750000,0.001250000,0.999995492,0.996397763
restart_reduced_xor_random1_sampler_island_local_warmup10_except_data_ro0_1000x125_strict_20260526.payload,4,0,16000,8010,7990,0.500625000,0.000625000,0.999998873,0.998197757
restart_reduced_xor_random1_sampler_island_local_warmup10_except_data_ro0_1000x125_strict_20260526.payload,4,1,16000,8127,7873,0.507937500,0.007937500,0.999818202,0.977277106
restart_reduced_xor_random1_sampler_island_local_warmup10_except_data_ro0_1000x125_strict_20260526.payload,4,2,16000,8035,7965,0.502187500,0.002187500,0.999986193,0.993701976
restart_reduced_xor_random1_sampler_island_local_warmup10_except_data_ro0_1000x125_strict_20260526.payload,4,3,16000,8007,7993,0.500437500,0.000437500,0.999999448,0.998738194
restart_reduced_xor_random1_sampler_island_local_warmup10_except_data_ro0_1000x125_strict_20260526.payload,4,4,16000,8120,7880,0.507500000,0.007500000,0.999837691,0.978520273
restart_reduced_xor_random1_sampler_island_local_warmup10_except_data_ro0_1000x125_strict_20260526.payload,4,5,16000,7987,8013,0.499187500,0.000812500,0.999998095,0.997657523
restart_reduced_xor_random1_sampler_island_local_warmup10_except_data_ro0_1000x125_strict_20260526.payload,4,6,16000,8054,7946,0.503375000,0.003375000,0.999967133,0.990294528
restart_reduced_xor_random1_sampler_island_local_warmup10_except_data_ro0_1000x125_strict_20260526.payload,4,7,16000,7962,8038,0.497625000,0.002375000,0.999983725,0.993163423
restart_reduced_xor_random1_sampler_island_local_warmup10_except_data_ro0_1000x125_strict_20260526.payload,5,0,15000,7448,7552,0.496533333,0.003466667,0.999965324,0.990031831
restart_reduced_xor_random1_sampler_island_local_warmup10_except_data_ro0_1000x125_strict_20260526.payload,5,1,15000,7584,7416,0.505600000,0.005600000,0.999909512,0.983931631
restart_reduced_xor_random1_sampler_island_local_warmup10_except_data_ro0_1000x125_strict_20260526.payload,5,2,15000,7490,7510,0.499333333,0.000666667,0.999998718,0.998077688
restart_reduced_xor_random1_sampler_island_local_warmup10_except_data_ro0_1000x125_strict_20260526.payload,5,3,15000,7513,7487,0.500866667,0.000866667,0.999997833,0.997501493
restart_reduced_xor_random1_sampler_island_local_warmup10_except_data_ro0_1000x125_strict_20260526.payload,5,4,15000,7539,7461,0.502600000,0.002600000,0.999980495,0.992517424
restart_reduced_xor_random1_sampler_island_local_warmup10_except_data_ro0_1000x125_strict_20260526.payload,5,5,15000,7462,7538,0.497466667,0.002533333,0.999981482,0.992708801
restart_reduced_xor_random1_sampler_island_local_warmup10_except_data_ro0_1000x125_strict_20260526.payload,5,6,15000,7484,7516,0.498933333,0.001066667,0.999996717,0.996925529
restart_reduced_xor_random1_sampler_island_local_warmup10_except_data_ro0_1000x125_strict_20260526.payload,5,7,15000,7500,7500,0.500000000,0.000000000,1.000000000,1.000000000
restart_reduced_xor_random1_sampler_island_local_warmup10_except_data_ro0_1000x125_strict_20260526.payload,6,0,15000,7585,7415,0.505666667,0.005666667,0.999907345,0.983741415
restart_reduced_xor_random1_sampler_island_local_warmup10_except_data_ro0_1000x125_strict_20260526.payload,6,1,15000,7469,7531,0.497933333,0.002066667,0.999987676,0.994049150
restart_reduced_xor_random1_sampler_island_local_warmup10_except_data_ro0_1000x125_strict_20260526.payload,6,2,15000,7519,7481,0.501266667,0.001266667,0.999995371,0.996349794
restart_reduced_xor_random1_sampler_island_local_warmup10_except_data_ro0_1000x125_strict_20260526.payload,6,3,15000,7657,7343,0.510466667,0.010466667,0.999683879,0.970111338
restart_reduced_xor_random1_sampler_island_local_warmup10_except_data_ro0_1000x125_strict_20260526.payload,6,4,15000,7455,7545,0.497000000,0.003000000,0.999974031,0.991369695
restart_reduced_xor_random1_sampler_island_local_warmup10_except_data_ro0_1000x125_strict_20260526.payload,6,5,15000,7481,7519,0.498733333,0.001266667,0.999995371,0.996349794
restart_reduced_xor_random1_sampler_island_local_warmup10_except_data_ro0_1000x125_strict_20260526.payload,6,6,15000,7432,7568,0.495466667,0.004533333,0.999940701,0.986978507
restart_reduced_xor_random1_sampler_island_local_warmup10_except_data_ro0_1000x125_strict_20260526.payload,6,7,15000,7577,7423,0.505133333,0.005133333,0.999923965,0.985263848
restart_reduced_xor_random1_sampler_island_local_warmup10_except_data_ro0_1000x125_strict_20260526.payload,7,0,15000,7524,7476,0.501600000,0.001600000,0.999992613,0.995390747
restart_reduced_xor_random1_sampler_island_local_warmup10_except_data_ro0_1000x125_strict_20260526.payload,7,1,15000,7493,7507,0.499533333,0.000466667,0.999999372,0.998654113
restart_reduced_xor_random1_sampler_island_local_warmup10_except_data_ro0_1000x125_strict_20260526.payload,7,2,15000,7483,7517,0.498866667,0.001133333,0.999996294,0.996733592
restart_reduced_xor_random1_sampler_island_local_warmup10_except_data_ro0_1000x125_strict_20260526.payload,7,3,15000,7544,7456,0.502933333,0.002933333,0.999975173,0.991560920
restart_reduced_xor_random1_sampler_island_local_warmup10_except_data_ro0_1000x125_strict_20260526.payload,7,4,15000,7596,7404,0.506400000,0.006400000,0.999881811,0.981650690
restart_reduced_xor_random1_sampler_island_local_warmup10_except_data_ro0_1000x125_strict_20260526.payload,7,5,15000,7508,7492,0.500533333,0.000533333,0.999999179,0.998461945
restart_reduced_xor_random1_sampler_island_local_warmup10_except_data_ro0_1000x125_strict_20260526.payload,7,6,15000,7569,7431,0.504600000,0.004600000,0.999938944,0.986787889
restart_reduced_xor_random1_sampler_island_local_warmup10_except_data_ro0_1000x125_strict_20260526.payload,7,7,15000,7562,7438,0.504133333,0.004133333,0.999950704,0.988122746
