bit_order,expanded_column,byte_index,bit_index,ones,zeros,p1,abs_bias,x,msb_expanded_column,lsb_expanded_column,over_x_cutoff
lsb,0,0,0,499,501,0.499000000,0.001000000,501,7,0,False
lsb,1,0,1,500,500,0.500000000,0.000000000,500,6,1,False
lsb,2,0,2,477,523,0.477000000,0.023000000,523,5,2,False
lsb,3,0,3,502,498,0.502000000,0.002000000,502,4,3,False
lsb,4,0,4,492,508,0.492000000,0.008000000,508,3,4,False
lsb,5,0,5,502,498,0.502000000,0.002000000,502,2,5,False
lsb,6,0,6,481,519,0.481000000,0.019000000,519,1,6,False
lsb,7,0,7,478,522,0.478000000,0.022000000,522,0,7,False
lsb,8,1,0,503,497,0.503000000,0.003000000,503,15,8,False
lsb,9,1,1,507,493,0.507000000,0.007000000,507,14,9,False
lsb,10,1,2,484,516,0.484000000,0.016000000,516,13,10,False
lsb,11,1,3,514,486,0.514000000,0.014000000,514,12,11,False
lsb,12,1,4,490,510,0.490000000,0.010000000,510,11,12,False
lsb,13,1,5,504,496,0.504000000,0.004000000,504,10,13,False
lsb,14,1,6,513,487,0.513000000,0.013000000,513,9,14,False
lsb,15,1,7,496,504,0.496000000,0.004000000,504,8,15,False
lsb,16,2,0,488,512,0.488000000,0.012000000,512,23,16,False
lsb,17,2,1,498,502,0.498000000,0.002000000,502,22,17,False
lsb,18,2,2,477,523,0.477000000,0.023000000,523,21,18,False
lsb,19,2,3,482,518,0.482000000,0.018000000,518,20,19,False
lsb,20,2,4,470,530,0.470000000,0.030000000,530,19,20,False
lsb,21,2,5,493,507,0.493000000,0.007000000,507,18,21,False
lsb,22,2,6,477,523,0.477000000,0.023000000,523,17,22,False
lsb,23,2,7,524,476,0.524000000,0.024000000,524,16,23,False
lsb,24,3,0,517,483,0.517000000,0.017000000,517,31,24,False
lsb,25,3,1,510,490,0.510000000,0.010000000,510,30,25,False
lsb,26,3,2,502,498,0.502000000,0.002000000,502,29,26,False
lsb,27,3,3,481,519,0.481000000,0.019000000,519,28,27,False
lsb,28,3,4,530,470,0.530000000,0.030000000,530,27,28,False
lsb,29,3,5,505,495,0.505000000,0.005000000,505,26,29,False
lsb,30,3,6,488,512,0.488000000,0.012000000,512,25,30,False
lsb,31,3,7,508,492,0.508000000,0.008000000,508,24,31,False
lsb,32,4,0,507,493,0.507000000,0.007000000,507,39,32,False
lsb,33,4,1,500,500,0.500000000,0.000000000,500,38,33,False
lsb,34,4,2,492,508,0.492000000,0.008000000,508,37,34,False
lsb,35,4,3,525,475,0.525000000,0.025000000,525,36,35,False
lsb,36,4,4,508,492,0.508000000,0.008000000,508,35,36,False
lsb,37,4,5,507,493,0.507000000,0.007000000,507,34,37,False
lsb,38,4,6,469,531,0.469000000,0.031000000,531,33,38,False
lsb,39,4,7,520,480,0.520000000,0.020000000,520,32,39,False
lsb,40,5,0,501,499,0.501000000,0.001000000,501,47,40,False
lsb,41,5,1,480,520,0.480000000,0.020000000,520,46,41,False
lsb,42,5,2,512,488,0.512000000,0.012000000,512,45,42,False
lsb,43,5,3,533,467,0.533000000,0.033000000,533,44,43,False
lsb,44,5,4,500,500,0.500000000,0.000000000,500,43,44,False
lsb,45,5,5,506,494,0.506000000,0.006000000,506,42,45,False
lsb,46,5,6,493,507,0.493000000,0.007000000,507,41,46,False
lsb,47,5,7,488,512,0.488000000,0.012000000,512,40,47,False
lsb,48,6,0,469,531,0.469000000,0.031000000,531,55,48,False
lsb,49,6,1,496,504,0.496000000,0.004000000,504,54,49,False
lsb,50,6,2,507,493,0.507000000,0.007000000,507,53,50,False
lsb,51,6,3,497,503,0.497000000,0.003000000,503,52,51,False
lsb,52,6,4,491,509,0.491000000,0.009000000,509,51,52,False
lsb,53,6,5,535,465,0.535000000,0.035000000,535,50,53,False
lsb,54,6,6,484,516,0.484000000,0.016000000,516,49,54,False
lsb,55,6,7,484,516,0.484000000,0.016000000,516,48,55,False
lsb,56,7,0,493,507,0.493000000,0.007000000,507,63,56,False
lsb,57,7,1,501,499,0.501000000,0.001000000,501,62,57,False
lsb,58,7,2,490,510,0.490000000,0.010000000,510,61,58,False
lsb,59,7,3,497,503,0.497000000,0.003000000,503,60,59,False
lsb,60,7,4,511,489,0.511000000,0.011000000,511,59,60,False
lsb,61,7,5,490,510,0.490000000,0.010000000,510,58,61,False
lsb,62,7,6,486,514,0.486000000,0.014000000,514,57,62,False
lsb,63,7,7,492,508,0.492000000,0.008000000,508,56,63,False
lsb,64,8,0,474,526,0.474000000,0.026000000,526,71,64,False
lsb,65,8,1,476,524,0.476000000,0.024000000,524,70,65,False
lsb,66,8,2,504,496,0.504000000,0.004000000,504,69,66,False
lsb,67,8,3,512,488,0.512000000,0.012000000,512,68,67,False
lsb,68,8,4,512,488,0.512000000,0.012000000,512,67,68,False
lsb,69,8,5,509,491,0.509000000,0.009000000,509,66,69,False
lsb,70,8,6,478,522,0.478000000,0.022000000,522,65,70,False
lsb,71,8,7,495,505,0.495000000,0.005000000,505,64,71,False
lsb,72,9,0,500,500,0.500000000,0.000000000,500,79,72,False
lsb,73,9,1,485,515,0.485000000,0.015000000,515,78,73,False
lsb,74,9,2,535,465,0.535000000,0.035000000,535,77,74,False
lsb,75,9,3,507,493,0.507000000,0.007000000,507,76,75,False
lsb,76,9,4,484,516,0.484000000,0.016000000,516,75,76,False
lsb,77,9,5,496,504,0.496000000,0.004000000,504,74,77,False
lsb,78,9,6,489,511,0.489000000,0.011000000,511,73,78,False
lsb,79,9,7,503,497,0.503000000,0.003000000,503,72,79,False
lsb,80,10,0,511,489,0.511000000,0.011000000,511,87,80,False
lsb,81,10,1,506,494,0.506000000,0.006000000,506,86,81,False
lsb,82,10,2,489,511,0.489000000,0.011000000,511,85,82,False
lsb,83,10,3,516,484,0.516000000,0.016000000,516,84,83,False
lsb,84,10,4,513,487,0.513000000,0.013000000,513,83,84,False
lsb,85,10,5,502,498,0.502000000,0.002000000,502,82,85,False
lsb,86,10,6,472,528,0.472000000,0.028000000,528,81,86,False
lsb,87,10,7,504,496,0.504000000,0.004000000,504,80,87,False
lsb,88,11,0,481,519,0.481000000,0.019000000,519,95,88,False
lsb,89,11,1,522,478,0.522000000,0.022000000,522,94,89,False
lsb,90,11,2,503,497,0.503000000,0.003000000,503,93,90,False
lsb,91,11,3,506,494,0.506000000,0.006000000,506,92,91,False
lsb,92,11,4,510,490,0.510000000,0.010000000,510,91,92,False
lsb,93,11,5,495,505,0.495000000,0.005000000,505,90,93,False
lsb,94,11,6,483,517,0.483000000,0.017000000,517,89,94,False
lsb,95,11,7,516,484,0.516000000,0.016000000,516,88,95,False
lsb,96,12,0,504,496,0.504000000,0.004000000,504,103,96,False
lsb,97,12,1,507,493,0.507000000,0.007000000,507,102,97,False
lsb,98,12,2,487,513,0.487000000,0.013000000,513,101,98,False
lsb,99,12,3,519,481,0.519000000,0.019000000,519,100,99,False
lsb,100,12,4,499,501,0.499000000,0.001000000,501,99,100,False
lsb,101,12,5,495,505,0.495000000,0.005000000,505,98,101,False
lsb,102,12,6,489,511,0.489000000,0.011000000,511,97,102,False
lsb,103,12,7,502,498,0.502000000,0.002000000,502,96,103,False
lsb,104,13,0,514,486,0.514000000,0.014000000,514,111,104,False
lsb,105,13,1,543,457,0.543000000,0.043000000,543,110,105,False
lsb,106,13,2,468,532,0.468000000,0.032000000,532,109,106,False
lsb,107,13,3,482,518,0.482000000,0.018000000,518,108,107,False
lsb,108,13,4,504,496,0.504000000,0.004000000,504,107,108,False
lsb,109,13,5,487,513,0.487000000,0.013000000,513,106,109,False
lsb,110,13,6,507,493,0.507000000,0.007000000,507,105,110,False
lsb,111,13,7,498,502,0.498000000,0.002000000,502,104,111,False
lsb,112,14,0,483,517,0.483000000,0.017000000,517,119,112,False
lsb,113,14,1,512,488,0.512000000,0.012000000,512,118,113,False
lsb,114,14,2,498,502,0.498000000,0.002000000,502,117,114,False
lsb,115,14,3,497,503,0.497000000,0.003000000,503,116,115,False
lsb,116,14,4,466,534,0.466000000,0.034000000,534,115,116,False
lsb,117,14,5,494,506,0.494000000,0.006000000,506,114,117,False
lsb,118,14,6,507,493,0.507000000,0.007000000,507,113,118,False
lsb,119,14,7,503,497,0.503000000,0.003000000,503,112,119,False
lsb,120,15,0,536,464,0.536000000,0.036000000,536,127,120,False
lsb,121,15,1,498,502,0.498000000,0.002000000,502,126,121,False
lsb,122,15,2,502,498,0.502000000,0.002000000,502,125,122,False
lsb,123,15,3,495,505,0.495000000,0.005000000,505,124,123,False
lsb,124,15,4,503,497,0.503000000,0.003000000,503,123,124,False
lsb,125,15,5,510,490,0.510000000,0.010000000,510,122,125,False
lsb,126,15,6,500,500,0.500000000,0.000000000,500,121,126,False
lsb,127,15,7,493,507,0.493000000,0.007000000,507,120,127,False
lsb,128,16,0,521,479,0.521000000,0.021000000,521,135,128,False
lsb,129,16,1,523,477,0.523000000,0.023000000,523,134,129,False
lsb,130,16,2,494,506,0.494000000,0.006000000,506,133,130,False
lsb,131,16,3,504,496,0.504000000,0.004000000,504,132,131,False
lsb,132,16,4,476,524,0.476000000,0.024000000,524,131,132,False
lsb,133,16,5,487,513,0.487000000,0.013000000,513,130,133,False
lsb,134,16,6,479,521,0.479000000,0.021000000,521,129,134,False
lsb,135,16,7,499,501,0.499000000,0.001000000,501,128,135,False
lsb,136,17,0,472,528,0.472000000,0.028000000,528,143,136,False
lsb,137,17,1,512,488,0.512000000,0.012000000,512,142,137,False
lsb,138,17,2,489,511,0.489000000,0.011000000,511,141,138,False
lsb,139,17,3,525,475,0.525000000,0.025000000,525,140,139,False
lsb,140,17,4,449,551,0.449000000,0.051000000,551,139,140,False
lsb,141,17,5,506,494,0.506000000,0.006000000,506,138,141,False
lsb,142,17,6,490,510,0.490000000,0.010000000,510,137,142,False
lsb,143,17,7,538,462,0.538000000,0.038000000,538,136,143,False
lsb,144,18,0,526,474,0.526000000,0.026000000,526,151,144,False
lsb,145,18,1,473,527,0.473000000,0.027000000,527,150,145,False
lsb,146,18,2,518,482,0.518000000,0.018000000,518,149,146,False
lsb,147,18,3,503,497,0.503000000,0.003000000,503,148,147,False
lsb,148,18,4,496,504,0.496000000,0.004000000,504,147,148,False
lsb,149,18,5,506,494,0.506000000,0.006000000,506,146,149,False
lsb,150,18,6,475,525,0.475000000,0.025000000,525,145,150,False
lsb,151,18,7,483,517,0.483000000,0.017000000,517,144,151,False
lsb,152,19,0,498,502,0.498000000,0.002000000,502,159,152,False
lsb,153,19,1,508,492,0.508000000,0.008000000,508,158,153,False
lsb,154,19,2,479,521,0.479000000,0.021000000,521,157,154,False
lsb,155,19,3,503,497,0.503000000,0.003000000,503,156,155,False
lsb,156,19,4,490,510,0.490000000,0.010000000,510,155,156,False
lsb,157,19,5,503,497,0.503000000,0.003000000,503,154,157,False
lsb,158,19,6,495,505,0.495000000,0.005000000,505,153,158,False
lsb,159,19,7,510,490,0.510000000,0.010000000,510,152,159,False
lsb,160,20,0,508,492,0.508000000,0.008000000,508,167,160,False
lsb,161,20,1,516,484,0.516000000,0.016000000,516,166,161,False
lsb,162,20,2,477,523,0.477000000,0.023000000,523,165,162,False
lsb,163,20,3,501,499,0.501000000,0.001000000,501,164,163,False
lsb,164,20,4,523,477,0.523000000,0.023000000,523,163,164,False
lsb,165,20,5,499,501,0.499000000,0.001000000,501,162,165,False
lsb,166,20,6,488,512,0.488000000,0.012000000,512,161,166,False
lsb,167,20,7,529,471,0.529000000,0.029000000,529,160,167,False
lsb,168,21,0,538,462,0.538000000,0.038000000,538,175,168,False
lsb,169,21,1,511,489,0.511000000,0.011000000,511,174,169,False
lsb,170,21,2,502,498,0.502000000,0.002000000,502,173,170,False
lsb,171,21,3,477,523,0.477000000,0.023000000,523,172,171,False
lsb,172,21,4,496,504,0.496000000,0.004000000,504,171,172,False
lsb,173,21,5,507,493,0.507000000,0.007000000,507,170,173,False
lsb,174,21,6,489,511,0.489000000,0.011000000,511,169,174,False
lsb,175,21,7,492,508,0.492000000,0.008000000,508,168,175,False
lsb,176,22,0,530,470,0.530000000,0.030000000,530,183,176,False
lsb,177,22,1,512,488,0.512000000,0.012000000,512,182,177,False
lsb,178,22,2,504,496,0.504000000,0.004000000,504,181,178,False
lsb,179,22,3,506,494,0.506000000,0.006000000,506,180,179,False
lsb,180,22,4,486,514,0.486000000,0.014000000,514,179,180,False
lsb,181,22,5,504,496,0.504000000,0.004000000,504,178,181,False
lsb,182,22,6,483,517,0.483000000,0.017000000,517,177,182,False
lsb,183,22,7,478,522,0.478000000,0.022000000,522,176,183,False
lsb,184,23,0,506,494,0.506000000,0.006000000,506,191,184,False
lsb,185,23,1,480,520,0.480000000,0.020000000,520,190,185,False
lsb,186,23,2,527,473,0.527000000,0.027000000,527,189,186,False
lsb,187,23,3,490,510,0.490000000,0.010000000,510,188,187,False
lsb,188,23,4,506,494,0.506000000,0.006000000,506,187,188,False
lsb,189,23,5,503,497,0.503000000,0.003000000,503,186,189,False
lsb,190,23,6,501,499,0.501000000,0.001000000,501,185,190,False
lsb,191,23,7,493,507,0.493000000,0.007000000,507,184,191,False
lsb,192,24,0,498,502,0.498000000,0.002000000,502,199,192,False
lsb,193,24,1,474,526,0.474000000,0.026000000,526,198,193,False
lsb,194,24,2,491,509,0.491000000,0.009000000,509,197,194,False
lsb,195,24,3,487,513,0.487000000,0.013000000,513,196,195,False
lsb,196,24,4,529,471,0.529000000,0.029000000,529,195,196,False
lsb,197,24,5,508,492,0.508000000,0.008000000,508,194,197,False
lsb,198,24,6,518,482,0.518000000,0.018000000,518,193,198,False
lsb,199,24,7,482,518,0.482000000,0.018000000,518,192,199,False
lsb,200,25,0,494,506,0.494000000,0.006000000,506,207,200,False
lsb,201,25,1,528,472,0.528000000,0.028000000,528,206,201,False
lsb,202,25,2,504,496,0.504000000,0.004000000,504,205,202,False
lsb,203,25,3,520,480,0.520000000,0.020000000,520,204,203,False
lsb,204,25,4,499,501,0.499000000,0.001000000,501,203,204,False
lsb,205,25,5,500,500,0.500000000,0.000000000,500,202,205,False
lsb,206,25,6,506,494,0.506000000,0.006000000,506,201,206,False
lsb,207,25,7,510,490,0.510000000,0.010000000,510,200,207,False
lsb,208,26,0,480,520,0.480000000,0.020000000,520,215,208,False
lsb,209,26,1,519,481,0.519000000,0.019000000,519,214,209,False
lsb,210,26,2,485,515,0.485000000,0.015000000,515,213,210,False
lsb,211,26,3,506,494,0.506000000,0.006000000,506,212,211,False
lsb,212,26,4,481,519,0.481000000,0.019000000,519,211,212,False
lsb,213,26,5,506,494,0.506000000,0.006000000,506,210,213,False
lsb,214,26,6,499,501,0.499000000,0.001000000,501,209,214,False
lsb,215,26,7,520,480,0.520000000,0.020000000,520,208,215,False
lsb,216,27,0,500,500,0.500000000,0.000000000,500,223,216,False
lsb,217,27,1,493,507,0.493000000,0.007000000,507,222,217,False
lsb,218,27,2,514,486,0.514000000,0.014000000,514,221,218,False
lsb,219,27,3,505,495,0.505000000,0.005000000,505,220,219,False
lsb,220,27,4,480,520,0.480000000,0.020000000,520,219,220,False
lsb,221,27,5,512,488,0.512000000,0.012000000,512,218,221,False
lsb,222,27,6,503,497,0.503000000,0.003000000,503,217,222,False
lsb,223,27,7,496,504,0.496000000,0.004000000,504,216,223,False
lsb,224,28,0,477,523,0.477000000,0.023000000,523,231,224,False
lsb,225,28,1,519,481,0.519000000,0.019000000,519,230,225,False
lsb,226,28,2,449,551,0.449000000,0.051000000,551,229,226,False
lsb,227,28,3,508,492,0.508000000,0.008000000,508,228,227,False
lsb,228,28,4,483,517,0.483000000,0.017000000,517,227,228,False
lsb,229,28,5,477,523,0.477000000,0.023000000,523,226,229,False
lsb,230,28,6,497,503,0.497000000,0.003000000,503,225,230,False
lsb,231,28,7,502,498,0.502000000,0.002000000,502,224,231,False
lsb,232,29,0,488,512,0.488000000,0.012000000,512,239,232,False
lsb,233,29,1,502,498,0.502000000,0.002000000,502,238,233,False
lsb,234,29,2,479,521,0.479000000,0.021000000,521,237,234,False
lsb,235,29,3,492,508,0.492000000,0.008000000,508,236,235,False
lsb,236,29,4,480,520,0.480000000,0.020000000,520,235,236,False
lsb,237,29,5,502,498,0.502000000,0.002000000,502,234,237,False
lsb,238,29,6,506,494,0.506000000,0.006000000,506,233,238,False
lsb,239,29,7,508,492,0.508000000,0.008000000,508,232,239,False
lsb,240,30,0,520,480,0.520000000,0.020000000,520,247,240,False
lsb,241,30,1,495,505,0.495000000,0.005000000,505,246,241,False
lsb,242,30,2,523,477,0.523000000,0.023000000,523,245,242,False
lsb,243,30,3,503,497,0.503000000,0.003000000,503,244,243,False
lsb,244,30,4,522,478,0.522000000,0.022000000,522,243,244,False
lsb,245,30,5,501,499,0.501000000,0.001000000,501,242,245,False
lsb,246,30,6,515,485,0.515000000,0.015000000,515,241,246,False
lsb,247,30,7,475,525,0.475000000,0.025000000,525,240,247,False
lsb,248,31,0,500,500,0.500000000,0.000000000,500,255,248,False
lsb,249,31,1,491,509,0.491000000,0.009000000,509,254,249,False
lsb,250,31,2,530,470,0.530000000,0.030000000,530,253,250,False
lsb,251,31,3,498,502,0.498000000,0.002000000,502,252,251,False
lsb,252,31,4,484,516,0.484000000,0.016000000,516,251,252,False
lsb,253,31,5,491,509,0.491000000,0.009000000,509,250,253,False
lsb,254,31,6,506,494,0.506000000,0.006000000,506,249,254,False
lsb,255,31,7,509,491,0.509000000,0.009000000,509,248,255,False
msb,0,0,7,478,522,0.478000000,0.022000000,522,0,7,False
msb,1,0,6,481,519,0.481000000,0.019000000,519,1,6,False
msb,2,0,5,502,498,0.502000000,0.002000000,502,2,5,False
msb,3,0,4,492,508,0.492000000,0.008000000,508,3,4,False
msb,4,0,3,502,498,0.502000000,0.002000000,502,4,3,False
msb,5,0,2,477,523,0.477000000,0.023000000,523,5,2,False
msb,6,0,1,500,500,0.500000000,0.000000000,500,6,1,False
msb,7,0,0,499,501,0.499000000,0.001000000,501,7,0,False
msb,8,1,7,496,504,0.496000000,0.004000000,504,8,15,False
msb,9,1,6,513,487,0.513000000,0.013000000,513,9,14,False
msb,10,1,5,504,496,0.504000000,0.004000000,504,10,13,False
msb,11,1,4,490,510,0.490000000,0.010000000,510,11,12,False
msb,12,1,3,514,486,0.514000000,0.014000000,514,12,11,False
msb,13,1,2,484,516,0.484000000,0.016000000,516,13,10,False
msb,14,1,1,507,493,0.507000000,0.007000000,507,14,9,False
msb,15,1,0,503,497,0.503000000,0.003000000,503,15,8,False
msb,16,2,7,524,476,0.524000000,0.024000000,524,16,23,False
msb,17,2,6,477,523,0.477000000,0.023000000,523,17,22,False
msb,18,2,5,493,507,0.493000000,0.007000000,507,18,21,False
msb,19,2,4,470,530,0.470000000,0.030000000,530,19,20,False
msb,20,2,3,482,518,0.482000000,0.018000000,518,20,19,False
msb,21,2,2,477,523,0.477000000,0.023000000,523,21,18,False
msb,22,2,1,498,502,0.498000000,0.002000000,502,22,17,False
msb,23,2,0,488,512,0.488000000,0.012000000,512,23,16,False
msb,24,3,7,508,492,0.508000000,0.008000000,508,24,31,False
msb,25,3,6,488,512,0.488000000,0.012000000,512,25,30,False
msb,26,3,5,505,495,0.505000000,0.005000000,505,26,29,False
msb,27,3,4,530,470,0.530000000,0.030000000,530,27,28,False
msb,28,3,3,481,519,0.481000000,0.019000000,519,28,27,False
msb,29,3,2,502,498,0.502000000,0.002000000,502,29,26,False
msb,30,3,1,510,490,0.510000000,0.010000000,510,30,25,False
msb,31,3,0,517,483,0.517000000,0.017000000,517,31,24,False
msb,32,4,7,520,480,0.520000000,0.020000000,520,32,39,False
msb,33,4,6,469,531,0.469000000,0.031000000,531,33,38,False
msb,34,4,5,507,493,0.507000000,0.007000000,507,34,37,False
msb,35,4,4,508,492,0.508000000,0.008000000,508,35,36,False
msb,36,4,3,525,475,0.525000000,0.025000000,525,36,35,False
msb,37,4,2,492,508,0.492000000,0.008000000,508,37,34,False
msb,38,4,1,500,500,0.500000000,0.000000000,500,38,33,False
msb,39,4,0,507,493,0.507000000,0.007000000,507,39,32,False
msb,40,5,7,488,512,0.488000000,0.012000000,512,40,47,False
msb,41,5,6,493,507,0.493000000,0.007000000,507,41,46,False
msb,42,5,5,506,494,0.506000000,0.006000000,506,42,45,False
msb,43,5,4,500,500,0.500000000,0.000000000,500,43,44,False
msb,44,5,3,533,467,0.533000000,0.033000000,533,44,43,False
msb,45,5,2,512,488,0.512000000,0.012000000,512,45,42,False
msb,46,5,1,480,520,0.480000000,0.020000000,520,46,41,False
msb,47,5,0,501,499,0.501000000,0.001000000,501,47,40,False
msb,48,6,7,484,516,0.484000000,0.016000000,516,48,55,False
msb,49,6,6,484,516,0.484000000,0.016000000,516,49,54,False
msb,50,6,5,535,465,0.535000000,0.035000000,535,50,53,False
msb,51,6,4,491,509,0.491000000,0.009000000,509,51,52,False
msb,52,6,3,497,503,0.497000000,0.003000000,503,52,51,False
msb,53,6,2,507,493,0.507000000,0.007000000,507,53,50,False
msb,54,6,1,496,504,0.496000000,0.004000000,504,54,49,False
msb,55,6,0,469,531,0.469000000,0.031000000,531,55,48,False
msb,56,7,7,492,508,0.492000000,0.008000000,508,56,63,False
msb,57,7,6,486,514,0.486000000,0.014000000,514,57,62,False
msb,58,7,5,490,510,0.490000000,0.010000000,510,58,61,False
msb,59,7,4,511,489,0.511000000,0.011000000,511,59,60,False
msb,60,7,3,497,503,0.497000000,0.003000000,503,60,59,False
msb,61,7,2,490,510,0.490000000,0.010000000,510,61,58,False
msb,62,7,1,501,499,0.501000000,0.001000000,501,62,57,False
msb,63,7,0,493,507,0.493000000,0.007000000,507,63,56,False
msb,64,8,7,495,505,0.495000000,0.005000000,505,64,71,False
msb,65,8,6,478,522,0.478000000,0.022000000,522,65,70,False
msb,66,8,5,509,491,0.509000000,0.009000000,509,66,69,False
msb,67,8,4,512,488,0.512000000,0.012000000,512,67,68,False
msb,68,8,3,512,488,0.512000000,0.012000000,512,68,67,False
msb,69,8,2,504,496,0.504000000,0.004000000,504,69,66,False
msb,70,8,1,476,524,0.476000000,0.024000000,524,70,65,False
msb,71,8,0,474,526,0.474000000,0.026000000,526,71,64,False
msb,72,9,7,503,497,0.503000000,0.003000000,503,72,79,False
msb,73,9,6,489,511,0.489000000,0.011000000,511,73,78,False
msb,74,9,5,496,504,0.496000000,0.004000000,504,74,77,False
msb,75,9,4,484,516,0.484000000,0.016000000,516,75,76,False
msb,76,9,3,507,493,0.507000000,0.007000000,507,76,75,False
msb,77,9,2,535,465,0.535000000,0.035000000,535,77,74,False
msb,78,9,1,485,515,0.485000000,0.015000000,515,78,73,False
msb,79,9,0,500,500,0.500000000,0.000000000,500,79,72,False
msb,80,10,7,504,496,0.504000000,0.004000000,504,80,87,False
msb,81,10,6,472,528,0.472000000,0.028000000,528,81,86,False
msb,82,10,5,502,498,0.502000000,0.002000000,502,82,85,False
msb,83,10,4,513,487,0.513000000,0.013000000,513,83,84,False
msb,84,10,3,516,484,0.516000000,0.016000000,516,84,83,False
msb,85,10,2,489,511,0.489000000,0.011000000,511,85,82,False
msb,86,10,1,506,494,0.506000000,0.006000000,506,86,81,False
msb,87,10,0,511,489,0.511000000,0.011000000,511,87,80,False
msb,88,11,7,516,484,0.516000000,0.016000000,516,88,95,False
msb,89,11,6,483,517,0.483000000,0.017000000,517,89,94,False
msb,90,11,5,495,505,0.495000000,0.005000000,505,90,93,False
msb,91,11,4,510,490,0.510000000,0.010000000,510,91,92,False
msb,92,11,3,506,494,0.506000000,0.006000000,506,92,91,False
msb,93,11,2,503,497,0.503000000,0.003000000,503,93,90,False
msb,94,11,1,522,478,0.522000000,0.022000000,522,94,89,False
msb,95,11,0,481,519,0.481000000,0.019000000,519,95,88,False
msb,96,12,7,502,498,0.502000000,0.002000000,502,96,103,False
msb,97,12,6,489,511,0.489000000,0.011000000,511,97,102,False
msb,98,12,5,495,505,0.495000000,0.005000000,505,98,101,False
msb,99,12,4,499,501,0.499000000,0.001000000,501,99,100,False
msb,100,12,3,519,481,0.519000000,0.019000000,519,100,99,False
msb,101,12,2,487,513,0.487000000,0.013000000,513,101,98,False
msb,102,12,1,507,493,0.507000000,0.007000000,507,102,97,False
msb,103,12,0,504,496,0.504000000,0.004000000,504,103,96,False
msb,104,13,7,498,502,0.498000000,0.002000000,502,104,111,False
msb,105,13,6,507,493,0.507000000,0.007000000,507,105,110,False
msb,106,13,5,487,513,0.487000000,0.013000000,513,106,109,False
msb,107,13,4,504,496,0.504000000,0.004000000,504,107,108,False
msb,108,13,3,482,518,0.482000000,0.018000000,518,108,107,False
msb,109,13,2,468,532,0.468000000,0.032000000,532,109,106,False
msb,110,13,1,543,457,0.543000000,0.043000000,543,110,105,False
msb,111,13,0,514,486,0.514000000,0.014000000,514,111,104,False
msb,112,14,7,503,497,0.503000000,0.003000000,503,112,119,False
msb,113,14,6,507,493,0.507000000,0.007000000,507,113,118,False
msb,114,14,5,494,506,0.494000000,0.006000000,506,114,117,False
msb,115,14,4,466,534,0.466000000,0.034000000,534,115,116,False
msb,116,14,3,497,503,0.497000000,0.003000000,503,116,115,False
msb,117,14,2,498,502,0.498000000,0.002000000,502,117,114,False
msb,118,14,1,512,488,0.512000000,0.012000000,512,118,113,False
msb,119,14,0,483,517,0.483000000,0.017000000,517,119,112,False
msb,120,15,7,493,507,0.493000000,0.007000000,507,120,127,False
msb,121,15,6,500,500,0.500000000,0.000000000,500,121,126,False
msb,122,15,5,510,490,0.510000000,0.010000000,510,122,125,False
msb,123,15,4,503,497,0.503000000,0.003000000,503,123,124,False
msb,124,15,3,495,505,0.495000000,0.005000000,505,124,123,False
msb,125,15,2,502,498,0.502000000,0.002000000,502,125,122,False
msb,126,15,1,498,502,0.498000000,0.002000000,502,126,121,False
msb,127,15,0,536,464,0.536000000,0.036000000,536,127,120,False
msb,128,16,7,499,501,0.499000000,0.001000000,501,128,135,False
msb,129,16,6,479,521,0.479000000,0.021000000,521,129,134,False
msb,130,16,5,487,513,0.487000000,0.013000000,513,130,133,False
msb,131,16,4,476,524,0.476000000,0.024000000,524,131,132,False
msb,132,16,3,504,496,0.504000000,0.004000000,504,132,131,False
msb,133,16,2,494,506,0.494000000,0.006000000,506,133,130,False
msb,134,16,1,523,477,0.523000000,0.023000000,523,134,129,False
msb,135,16,0,521,479,0.521000000,0.021000000,521,135,128,False
msb,136,17,7,538,462,0.538000000,0.038000000,538,136,143,False
msb,137,17,6,490,510,0.490000000,0.010000000,510,137,142,False
msb,138,17,5,506,494,0.506000000,0.006000000,506,138,141,False
msb,139,17,4,449,551,0.449000000,0.051000000,551,139,140,False
msb,140,17,3,525,475,0.525000000,0.025000000,525,140,139,False
msb,141,17,2,489,511,0.489000000,0.011000000,511,141,138,False
msb,142,17,1,512,488,0.512000000,0.012000000,512,142,137,False
msb,143,17,0,472,528,0.472000000,0.028000000,528,143,136,False
msb,144,18,7,483,517,0.483000000,0.017000000,517,144,151,False
msb,145,18,6,475,525,0.475000000,0.025000000,525,145,150,False
msb,146,18,5,506,494,0.506000000,0.006000000,506,146,149,False
msb,147,18,4,496,504,0.496000000,0.004000000,504,147,148,False
msb,148,18,3,503,497,0.503000000,0.003000000,503,148,147,False
msb,149,18,2,518,482,0.518000000,0.018000000,518,149,146,False
msb,150,18,1,473,527,0.473000000,0.027000000,527,150,145,False
msb,151,18,0,526,474,0.526000000,0.026000000,526,151,144,False
msb,152,19,7,510,490,0.510000000,0.010000000,510,152,159,False
msb,153,19,6,495,505,0.495000000,0.005000000,505,153,158,False
msb,154,19,5,503,497,0.503000000,0.003000000,503,154,157,False
msb,155,19,4,490,510,0.490000000,0.010000000,510,155,156,False
msb,156,19,3,503,497,0.503000000,0.003000000,503,156,155,False
msb,157,19,2,479,521,0.479000000,0.021000000,521,157,154,False
msb,158,19,1,508,492,0.508000000,0.008000000,508,158,153,False
msb,159,19,0,498,502,0.498000000,0.002000000,502,159,152,False
msb,160,20,7,529,471,0.529000000,0.029000000,529,160,167,False
msb,161,20,6,488,512,0.488000000,0.012000000,512,161,166,False
msb,162,20,5,499,501,0.499000000,0.001000000,501,162,165,False
msb,163,20,4,523,477,0.523000000,0.023000000,523,163,164,False
msb,164,20,3,501,499,0.501000000,0.001000000,501,164,163,False
msb,165,20,2,477,523,0.477000000,0.023000000,523,165,162,False
msb,166,20,1,516,484,0.516000000,0.016000000,516,166,161,False
msb,167,20,0,508,492,0.508000000,0.008000000,508,167,160,False
msb,168,21,7,492,508,0.492000000,0.008000000,508,168,175,False
msb,169,21,6,489,511,0.489000000,0.011000000,511,169,174,False
msb,170,21,5,507,493,0.507000000,0.007000000,507,170,173,False
msb,171,21,4,496,504,0.496000000,0.004000000,504,171,172,False
msb,172,21,3,477,523,0.477000000,0.023000000,523,172,171,False
msb,173,21,2,502,498,0.502000000,0.002000000,502,173,170,False
msb,174,21,1,511,489,0.511000000,0.011000000,511,174,169,False
msb,175,21,0,538,462,0.538000000,0.038000000,538,175,168,False
msb,176,22,7,478,522,0.478000000,0.022000000,522,176,183,False
msb,177,22,6,483,517,0.483000000,0.017000000,517,177,182,False
msb,178,22,5,504,496,0.504000000,0.004000000,504,178,181,False
msb,179,22,4,486,514,0.486000000,0.014000000,514,179,180,False
msb,180,22,3,506,494,0.506000000,0.006000000,506,180,179,False
msb,181,22,2,504,496,0.504000000,0.004000000,504,181,178,False
msb,182,22,1,512,488,0.512000000,0.012000000,512,182,177,False
msb,183,22,0,530,470,0.530000000,0.030000000,530,183,176,False
msb,184,23,7,493,507,0.493000000,0.007000000,507,184,191,False
msb,185,23,6,501,499,0.501000000,0.001000000,501,185,190,False
msb,186,23,5,503,497,0.503000000,0.003000000,503,186,189,False
msb,187,23,4,506,494,0.506000000,0.006000000,506,187,188,False
msb,188,23,3,490,510,0.490000000,0.010000000,510,188,187,False
msb,189,23,2,527,473,0.527000000,0.027000000,527,189,186,False
msb,190,23,1,480,520,0.480000000,0.020000000,520,190,185,False
msb,191,23,0,506,494,0.506000000,0.006000000,506,191,184,False
msb,192,24,7,482,518,0.482000000,0.018000000,518,192,199,False
msb,193,24,6,518,482,0.518000000,0.018000000,518,193,198,False
msb,194,24,5,508,492,0.508000000,0.008000000,508,194,197,False
msb,195,24,4,529,471,0.529000000,0.029000000,529,195,196,False
msb,196,24,3,487,513,0.487000000,0.013000000,513,196,195,False
msb,197,24,2,491,509,0.491000000,0.009000000,509,197,194,False
msb,198,24,1,474,526,0.474000000,0.026000000,526,198,193,False
msb,199,24,0,498,502,0.498000000,0.002000000,502,199,192,False
msb,200,25,7,510,490,0.510000000,0.010000000,510,200,207,False
msb,201,25,6,506,494,0.506000000,0.006000000,506,201,206,False
msb,202,25,5,500,500,0.500000000,0.000000000,500,202,205,False
msb,203,25,4,499,501,0.499000000,0.001000000,501,203,204,False
msb,204,25,3,520,480,0.520000000,0.020000000,520,204,203,False
msb,205,25,2,504,496,0.504000000,0.004000000,504,205,202,False
msb,206,25,1,528,472,0.528000000,0.028000000,528,206,201,False
msb,207,25,0,494,506,0.494000000,0.006000000,506,207,200,False
msb,208,26,7,520,480,0.520000000,0.020000000,520,208,215,False
msb,209,26,6,499,501,0.499000000,0.001000000,501,209,214,False
msb,210,26,5,506,494,0.506000000,0.006000000,506,210,213,False
msb,211,26,4,481,519,0.481000000,0.019000000,519,211,212,False
msb,212,26,3,506,494,0.506000000,0.006000000,506,212,211,False
msb,213,26,2,485,515,0.485000000,0.015000000,515,213,210,False
msb,214,26,1,519,481,0.519000000,0.019000000,519,214,209,False
msb,215,26,0,480,520,0.480000000,0.020000000,520,215,208,False
msb,216,27,7,496,504,0.496000000,0.004000000,504,216,223,False
msb,217,27,6,503,497,0.503000000,0.003000000,503,217,222,False
msb,218,27,5,512,488,0.512000000,0.012000000,512,218,221,False
msb,219,27,4,480,520,0.480000000,0.020000000,520,219,220,False
msb,220,27,3,505,495,0.505000000,0.005000000,505,220,219,False
msb,221,27,2,514,486,0.514000000,0.014000000,514,221,218,False
msb,222,27,1,493,507,0.493000000,0.007000000,507,222,217,False
msb,223,27,0,500,500,0.500000000,0.000000000,500,223,216,False
msb,224,28,7,502,498,0.502000000,0.002000000,502,224,231,False
msb,225,28,6,497,503,0.497000000,0.003000000,503,225,230,False
msb,226,28,5,477,523,0.477000000,0.023000000,523,226,229,False
msb,227,28,4,483,517,0.483000000,0.017000000,517,227,228,False
msb,228,28,3,508,492,0.508000000,0.008000000,508,228,227,False
msb,229,28,2,449,551,0.449000000,0.051000000,551,229,226,False
msb,230,28,1,519,481,0.519000000,0.019000000,519,230,225,False
msb,231,28,0,477,523,0.477000000,0.023000000,523,231,224,False
msb,232,29,7,508,492,0.508000000,0.008000000,508,232,239,False
msb,233,29,6,506,494,0.506000000,0.006000000,506,233,238,False
msb,234,29,5,502,498,0.502000000,0.002000000,502,234,237,False
msb,235,29,4,480,520,0.480000000,0.020000000,520,235,236,False
msb,236,29,3,492,508,0.492000000,0.008000000,508,236,235,False
msb,237,29,2,479,521,0.479000000,0.021000000,521,237,234,False
msb,238,29,1,502,498,0.502000000,0.002000000,502,238,233,False
msb,239,29,0,488,512,0.488000000,0.012000000,512,239,232,False
msb,240,30,7,475,525,0.475000000,0.025000000,525,240,247,False
msb,241,30,6,515,485,0.515000000,0.015000000,515,241,246,False
msb,242,30,5,501,499,0.501000000,0.001000000,501,242,245,False
msb,243,30,4,522,478,0.522000000,0.022000000,522,243,244,False
msb,244,30,3,503,497,0.503000000,0.003000000,503,244,243,False
msb,245,30,2,523,477,0.523000000,0.023000000,523,245,242,False
msb,246,30,1,495,505,0.495000000,0.005000000,505,246,241,False
msb,247,30,0,520,480,0.520000000,0.020000000,520,247,240,False
msb,248,31,7,509,491,0.509000000,0.009000000,509,248,255,False
msb,249,31,6,506,494,0.506000000,0.006000000,506,249,254,False
msb,250,31,5,491,509,0.491000000,0.009000000,509,250,253,False
msb,251,31,4,484,516,0.484000000,0.016000000,516,251,252,False
msb,252,31,3,498,502,0.498000000,0.002000000,502,252,251,False
msb,253,31,2,530,470,0.530000000,0.030000000,530,253,250,False
msb,254,31,1,491,509,0.491000000,0.009000000,509,254,249,False
msb,255,31,0,500,500,0.500000000,0.000000000,500,255,248,False
