byte_index,bit_index,ones,zeros,p1,abs_bias,x,msb_expanded_column,lsb_expanded_column,over_x_cutoff
0,0,466,534,0.466000000,0.034000000,534,7,0,False
0,1,354,646,0.354000000,0.146000000,646,6,1,False
0,2,330,670,0.330000000,0.170000000,670,5,2,False
0,3,436,564,0.436000000,0.064000000,564,4,3,False
0,4,234,766,0.234000000,0.266000000,766,3,4,False
0,5,313,687,0.313000000,0.187000000,687,2,5,False
0,6,402,598,0.402000000,0.098000000,598,1,6,False
0,7,401,599,0.401000000,0.099000000,599,0,7,False
1,0,320,680,0.320000000,0.180000000,680,15,8,False
1,1,226,774,0.226000000,0.274000000,774,14,9,False
1,2,205,795,0.205000000,0.295000000,795,13,10,False
1,3,380,620,0.380000000,0.120000000,620,12,11,False
1,4,205,795,0.205000000,0.295000000,795,11,12,False
1,5,314,686,0.314000000,0.186000000,686,10,13,False
1,6,502,498,0.502000000,0.002000000,502,9,14,False
1,7,454,546,0.454000000,0.046000000,546,8,15,False
2,0,388,612,0.388000000,0.112000000,612,23,16,False
2,1,339,661,0.339000000,0.161000000,661,22,17,False
2,2,204,796,0.204000000,0.296000000,796,21,18,False
2,3,405,595,0.405000000,0.095000000,595,20,19,False
2,4,436,564,0.436000000,0.064000000,564,19,20,False
2,5,343,657,0.343000000,0.157000000,657,18,21,False
2,6,382,618,0.382000000,0.118000000,618,17,22,False
2,7,419,581,0.419000000,0.081000000,581,16,23,False
3,0,343,657,0.343000000,0.157000000,657,31,24,False
3,1,341,659,0.341000000,0.159000000,659,30,25,False
3,2,287,713,0.287000000,0.213000000,713,29,26,False
3,3,373,627,0.373000000,0.127000000,627,28,27,False
3,4,478,522,0.478000000,0.022000000,522,27,28,False
3,5,356,644,0.356000000,0.144000000,644,26,29,False
3,6,416,584,0.416000000,0.084000000,584,25,30,False
3,7,460,540,0.460000000,0.040000000,540,24,31,False
4,0,316,684,0.316000000,0.184000000,684,39,32,False
4,1,377,623,0.377000000,0.123000000,623,38,33,False
4,2,370,630,0.370000000,0.130000000,630,37,34,False
4,3,277,723,0.277000000,0.223000000,723,36,35,False
4,4,373,627,0.373000000,0.127000000,627,35,36,False
4,5,345,655,0.345000000,0.155000000,655,34,37,False
4,6,388,612,0.388000000,0.112000000,612,33,38,False
4,7,457,543,0.457000000,0.043000000,543,32,39,False
5,0,406,594,0.406000000,0.094000000,594,47,40,False
5,1,352,648,0.352000000,0.148000000,648,46,41,False
5,2,366,634,0.366000000,0.134000000,634,45,42,False
5,3,320,680,0.320000000,0.180000000,680,44,43,False
5,4,410,590,0.410000000,0.090000000,590,43,44,False
5,5,360,640,0.360000000,0.140000000,640,42,45,False
5,6,366,634,0.366000000,0.134000000,634,41,46,False
5,7,459,541,0.459000000,0.041000000,541,40,47,False
6,0,397,603,0.397000000,0.103000000,603,55,48,False
6,1,352,648,0.352000000,0.148000000,648,54,49,False
6,2,381,619,0.381000000,0.119000000,619,53,50,False
6,3,300,700,0.300000000,0.200000000,700,52,51,False
6,4,384,616,0.384000000,0.116000000,616,51,52,False
6,5,466,534,0.466000000,0.034000000,534,50,53,False
6,6,334,666,0.334000000,0.166000000,666,49,54,False
6,7,364,636,0.364000000,0.136000000,636,48,55,False
7,0,435,565,0.435000000,0.065000000,565,63,56,False
7,1,360,640,0.360000000,0.140000000,640,62,57,False
7,2,362,638,0.362000000,0.138000000,638,61,58,False
7,3,351,649,0.351000000,0.149000000,649,60,59,False
7,4,367,633,0.367000000,0.133000000,633,59,60,False
7,5,407,593,0.407000000,0.093000000,593,58,61,False
7,6,355,645,0.355000000,0.145000000,645,57,62,False
7,7,389,611,0.389000000,0.111000000,611,56,63,False
8,0,384,616,0.384000000,0.116000000,616,71,64,False
8,1,347,653,0.347000000,0.153000000,653,70,65,False
8,2,369,631,0.369000000,0.131000000,631,69,66,False
8,3,390,610,0.390000000,0.110000000,610,68,67,False
8,4,321,679,0.321000000,0.179000000,679,67,68,False
8,5,396,604,0.396000000,0.104000000,604,66,69,False
8,6,393,607,0.393000000,0.107000000,607,65,70,False
8,7,356,644,0.356000000,0.144000000,644,64,71,False
9,0,384,616,0.384000000,0.116000000,616,79,72,False
9,1,440,560,0.440000000,0.060000000,560,78,73,False
9,2,358,642,0.358000000,0.142000000,642,77,74,False
9,3,383,617,0.383000000,0.117000000,617,76,75,False
9,4,364,636,0.364000000,0.136000000,636,75,76,False
9,5,386,614,0.386000000,0.114000000,614,74,77,False
9,6,388,612,0.388000000,0.112000000,612,73,78,False
9,7,343,657,0.343000000,0.157000000,657,72,79,False
10,0,357,643,0.357000000,0.143000000,643,87,80,False
10,1,409,591,0.409000000,0.091000000,591,86,81,False
10,2,352,648,0.352000000,0.148000000,648,85,82,False
10,3,361,639,0.361000000,0.139000000,639,84,83,False
10,4,354,646,0.354000000,0.146000000,646,83,84,False
10,5,378,622,0.378000000,0.122000000,622,82,85,False
10,6,406,594,0.406000000,0.094000000,594,81,86,False
10,7,340,660,0.340000000,0.160000000,660,80,87,False
11,0,333,667,0.333000000,0.167000000,667,95,88,False
11,1,411,589,0.411000000,0.089000000,589,94,89,False
11,2,354,646,0.354000000,0.146000000,646,93,90,False
11,3,366,634,0.366000000,0.134000000,634,92,91,False
11,4,384,616,0.384000000,0.116000000,616,91,92,False
11,5,359,641,0.359000000,0.141000000,641,90,93,False
11,6,416,584,0.416000000,0.084000000,584,89,94,False
11,7,322,678,0.322000000,0.178000000,678,88,95,False
12,0,333,667,0.333000000,0.167000000,667,103,96,False
12,1,383,617,0.383000000,0.117000000,617,102,97,False
12,2,375,625,0.375000000,0.125000000,625,101,98,False
12,3,381,619,0.381000000,0.119000000,619,100,99,False
12,4,373,627,0.373000000,0.127000000,627,99,100,False
12,5,368,632,0.368000000,0.132000000,632,98,101,False
12,6,397,603,0.397000000,0.103000000,603,97,102,False
12,7,399,601,0.399000000,0.101000000,601,96,103,False
13,0,341,659,0.341000000,0.159000000,659,111,104,False
13,1,400,600,0.400000000,0.100000000,600,110,105,False
13,2,374,626,0.374000000,0.126000000,626,109,106,False
13,3,343,657,0.343000000,0.157000000,657,108,107,False
13,4,377,623,0.377000000,0.123000000,623,107,108,False
13,5,402,598,0.402000000,0.098000000,598,106,109,False
13,6,399,601,0.399000000,0.101000000,601,105,110,False
13,7,387,613,0.387000000,0.113000000,613,104,111,False
14,0,342,658,0.342000000,0.158000000,658,119,112,False
14,1,378,622,0.378000000,0.122000000,622,118,113,False
14,2,400,600,0.400000000,0.100000000,600,117,114,False
14,3,343,657,0.343000000,0.157000000,657,116,115,False
14,4,393,607,0.393000000,0.107000000,607,115,116,False
14,5,370,630,0.370000000,0.130000000,630,114,117,False
14,6,356,644,0.356000000,0.144000000,644,113,118,False
14,7,376,624,0.376000000,0.124000000,624,112,119,False
15,0,397,603,0.397000000,0.103000000,603,127,120,False
15,1,336,664,0.336000000,0.164000000,664,126,121,False
15,2,390,610,0.390000000,0.110000000,610,125,122,False
15,3,383,617,0.383000000,0.117000000,617,124,123,False
15,4,367,633,0.367000000,0.133000000,633,123,124,False
15,5,386,614,0.386000000,0.114000000,614,122,125,False
15,6,332,668,0.332000000,0.168000000,668,121,126,False
15,7,405,595,0.405000000,0.095000000,595,120,127,False
16,0,400,600,0.400000000,0.100000000,600,135,128,False
16,1,343,657,0.343000000,0.157000000,657,134,129,False
16,2,380,620,0.380000000,0.120000000,620,133,130,False
16,3,376,624,0.376000000,0.124000000,624,132,131,False
16,4,365,635,0.365000000,0.135000000,635,131,132,False
16,5,374,626,0.374000000,0.126000000,626,130,133,False
16,6,357,643,0.357000000,0.143000000,643,129,134,False
16,7,406,594,0.406000000,0.094000000,594,128,135,False
17,0,372,628,0.372000000,0.128000000,628,143,136,False
17,1,372,628,0.372000000,0.128000000,628,142,137,False
17,2,387,613,0.387000000,0.113000000,613,141,138,False
17,3,421,579,0.421000000,0.079000000,579,140,139,False
17,4,346,654,0.346000000,0.154000000,654,139,140,False
17,5,377,623,0.377000000,0.123000000,623,138,141,False
17,6,387,613,0.387000000,0.113000000,613,137,142,False
17,7,373,627,0.373000000,0.127000000,627,136,143,False
18,0,380,620,0.380000000,0.120000000,620,151,144,False
18,1,370,630,0.370000000,0.130000000,630,150,145,False
18,2,360,640,0.360000000,0.140000000,640,149,146,False
18,3,417,583,0.417000000,0.083000000,583,148,147,False
18,4,382,618,0.382000000,0.118000000,618,147,148,False
18,5,361,639,0.361000000,0.139000000,639,146,149,False
18,6,416,584,0.416000000,0.084000000,584,145,150,False
18,7,366,634,0.366000000,0.134000000,634,144,151,False
19,0,383,617,0.383000000,0.117000000,617,159,152,False
19,1,382,618,0.382000000,0.118000000,618,158,153,False
19,2,337,663,0.337000000,0.163000000,663,157,154,False
19,3,370,630,0.370000000,0.130000000,630,156,155,False
19,4,380,620,0.380000000,0.120000000,620,155,156,False
19,5,358,642,0.358000000,0.142000000,642,154,157,False
19,6,381,619,0.381000000,0.119000000,619,153,158,False
19,7,380,620,0.380000000,0.120000000,620,152,159,False
20,0,400,600,0.400000000,0.100000000,600,167,160,False
20,1,367,633,0.367000000,0.133000000,633,166,161,False
20,2,362,638,0.362000000,0.138000000,638,165,162,False
20,3,370,630,0.370000000,0.130000000,630,164,163,False
20,4,409,591,0.409000000,0.091000000,591,163,164,False
20,5,358,642,0.358000000,0.142000000,642,162,165,False
20,6,376,624,0.376000000,0.124000000,624,161,166,False
20,7,400,600,0.400000000,0.100000000,600,160,167,False
21,0,385,615,0.385000000,0.115000000,615,175,168,False
21,1,386,614,0.386000000,0.114000000,614,174,169,False
21,2,375,625,0.375000000,0.125000000,625,173,170,False
21,3,363,637,0.363000000,0.137000000,637,172,171,False
21,4,405,595,0.405000000,0.095000000,595,171,172,False
21,5,383,617,0.383000000,0.117000000,617,170,173,False
21,6,395,605,0.395000000,0.105000000,605,169,174,False
21,7,373,627,0.373000000,0.127000000,627,168,175,False
22,0,388,612,0.388000000,0.112000000,612,183,176,False
22,1,388,612,0.388000000,0.112000000,612,182,177,False
22,2,385,615,0.385000000,0.115000000,615,181,178,False
22,3,369,631,0.369000000,0.131000000,631,180,179,False
22,4,375,625,0.375000000,0.125000000,625,179,180,False
22,5,382,618,0.382000000,0.118000000,618,178,181,False
22,6,366,634,0.366000000,0.134000000,634,177,182,False
22,7,397,603,0.397000000,0.103000000,603,176,183,False
23,0,363,637,0.363000000,0.137000000,637,191,184,False
23,1,374,626,0.374000000,0.126000000,626,190,185,False
23,2,369,631,0.369000000,0.131000000,631,189,186,False
23,3,362,638,0.362000000,0.138000000,638,188,187,False
23,4,378,622,0.378000000,0.122000000,622,187,188,False
23,5,398,602,0.398000000,0.102000000,602,186,189,False
23,6,349,651,0.349000000,0.151000000,651,185,190,False
23,7,385,615,0.385000000,0.115000000,615,184,191,False
24,0,364,636,0.364000000,0.136000000,636,199,192,False
24,1,387,613,0.387000000,0.113000000,613,198,193,False
24,2,379,621,0.379000000,0.121000000,621,197,194,False
24,3,367,633,0.367000000,0.133000000,633,196,195,False
24,4,376,624,0.376000000,0.124000000,624,195,196,False
24,5,374,626,0.374000000,0.126000000,626,194,197,False
24,6,367,633,0.367000000,0.133000000,633,193,198,False
24,7,377,623,0.377000000,0.123000000,623,192,199,False
25,0,394,606,0.394000000,0.106000000,606,207,200,False
25,1,375,625,0.375000000,0.125000000,625,206,201,False
25,2,412,588,0.412000000,0.088000000,588,205,202,False
25,3,374,626,0.374000000,0.126000000,626,204,203,False
25,4,359,641,0.359000000,0.141000000,641,203,204,False
25,5,354,646,0.354000000,0.146000000,646,202,205,False
25,6,375,625,0.375000000,0.125000000,625,201,206,False
25,7,366,634,0.366000000,0.134000000,634,200,207,False
26,0,366,634,0.366000000,0.134000000,634,215,208,False
26,1,384,616,0.384000000,0.116000000,616,214,209,False
26,2,371,629,0.371000000,0.129000000,629,213,210,False
26,3,347,653,0.347000000,0.153000000,653,212,211,False
26,4,357,643,0.357000000,0.143000000,643,211,212,False
26,5,374,626,0.374000000,0.126000000,626,210,213,False
26,6,383,617,0.383000000,0.117000000,617,209,214,False
26,7,390,610,0.390000000,0.110000000,610,208,215,False
27,0,369,631,0.369000000,0.131000000,631,223,216,False
27,1,401,599,0.401000000,0.099000000,599,222,217,False
27,2,384,616,0.384000000,0.116000000,616,221,218,False
27,3,361,639,0.361000000,0.139000000,639,220,219,False
27,4,371,629,0.371000000,0.129000000,629,219,220,False
27,5,372,628,0.372000000,0.128000000,628,218,221,False
27,6,402,598,0.402000000,0.098000000,598,217,222,False
27,7,396,604,0.396000000,0.104000000,604,216,223,False
28,0,392,608,0.392000000,0.108000000,608,231,224,False
28,1,365,635,0.365000000,0.135000000,635,230,225,False
28,2,386,614,0.386000000,0.114000000,614,229,226,False
28,3,358,642,0.358000000,0.142000000,642,228,227,False
28,4,369,631,0.369000000,0.131000000,631,227,228,False
28,5,375,625,0.375000000,0.125000000,625,226,229,False
28,6,382,618,0.382000000,0.118000000,618,225,230,False
28,7,380,620,0.380000000,0.120000000,620,224,231,False
29,0,403,597,0.403000000,0.097000000,597,239,232,False
29,1,370,630,0.370000000,0.130000000,630,238,233,False
29,2,384,616,0.384000000,0.116000000,616,237,234,False
29,3,366,634,0.366000000,0.134000000,634,236,235,False
29,4,360,640,0.360000000,0.140000000,640,235,236,False
29,5,383,617,0.383000000,0.117000000,617,234,237,False
29,6,360,640,0.360000000,0.140000000,640,233,238,False
29,7,354,646,0.354000000,0.146000000,646,232,239,False
30,0,378,622,0.378000000,0.122000000,622,247,240,False
30,1,351,649,0.351000000,0.149000000,649,246,241,False
30,2,373,627,0.373000000,0.127000000,627,245,242,False
30,3,390,610,0.390000000,0.110000000,610,244,243,False
30,4,367,633,0.367000000,0.133000000,633,243,244,False
30,5,403,597,0.403000000,0.097000000,597,242,245,False
30,6,376,624,0.376000000,0.124000000,624,241,246,False
30,7,379,621,0.379000000,0.121000000,621,240,247,False
31,0,380,620,0.380000000,0.120000000,620,255,248,False
31,1,375,625,0.375000000,0.125000000,625,254,249,False
31,2,385,615,0.385000000,0.115000000,615,253,250,False
31,3,369,631,0.369000000,0.131000000,631,252,251,False
31,4,376,624,0.376000000,0.124000000,624,251,252,False
31,5,371,629,0.371000000,0.129000000,629,250,253,False
31,6,371,629,0.371000000,0.129000000,629,249,254,False
31,7,380,620,0.380000000,0.120000000,620,248,255,False
32,0,357,643,0.357000000,0.143000000,643,263,256,False
32,1,381,619,0.381000000,0.119000000,619,262,257,False
32,2,359,641,0.359000000,0.141000000,641,261,258,False
32,3,364,636,0.364000000,0.136000000,636,260,259,False
32,4,385,615,0.385000000,0.115000000,615,259,260,False
32,5,375,625,0.375000000,0.125000000,625,258,261,False
32,6,363,637,0.363000000,0.137000000,637,257,262,False
32,7,380,620,0.380000000,0.120000000,620,256,263,False
33,0,379,621,0.379000000,0.121000000,621,271,264,False
33,1,376,624,0.376000000,0.124000000,624,270,265,False
33,2,384,616,0.384000000,0.116000000,616,269,266,False
33,3,385,615,0.385000000,0.115000000,615,268,267,False
33,4,347,653,0.347000000,0.153000000,653,267,268,False
33,5,349,651,0.349000000,0.151000000,651,266,269,False
33,6,401,599,0.401000000,0.099000000,599,265,270,False
33,7,373,627,0.373000000,0.127000000,627,264,271,False
34,0,360,640,0.360000000,0.140000000,640,279,272,False
34,1,396,604,0.396000000,0.104000000,604,278,273,False
34,2,356,644,0.356000000,0.144000000,644,277,274,False
34,3,353,647,0.353000000,0.147000000,647,276,275,False
34,4,392,608,0.392000000,0.108000000,608,275,276,False
34,5,366,634,0.366000000,0.134000000,634,274,277,False
34,6,363,637,0.363000000,0.137000000,637,273,278,False
34,7,378,622,0.378000000,0.122000000,622,272,279,False
35,0,352,648,0.352000000,0.148000000,648,287,280,False
35,1,401,599,0.401000000,0.099000000,599,286,281,False
35,2,371,629,0.371000000,0.129000000,629,285,282,False
35,3,362,638,0.362000000,0.138000000,638,284,283,False
35,4,398,602,0.398000000,0.102000000,602,283,284,False
35,5,390,610,0.390000000,0.110000000,610,282,285,False
35,6,383,617,0.383000000,0.117000000,617,281,286,False
35,7,377,623,0.377000000,0.123000000,623,280,287,False
36,0,388,612,0.388000000,0.112000000,612,295,288,False
36,1,389,611,0.389000000,0.111000000,611,294,289,False
36,2,396,604,0.396000000,0.104000000,604,293,290,False
36,3,399,601,0.399000000,0.101000000,601,292,291,False
36,4,393,607,0.393000000,0.107000000,607,291,292,False
36,5,391,609,0.391000000,0.109000000,609,290,293,False
36,6,368,632,0.368000000,0.132000000,632,289,294,False
36,7,389,611,0.389000000,0.111000000,611,288,295,False
37,0,341,659,0.341000000,0.159000000,659,303,296,False
37,1,384,616,0.384000000,0.116000000,616,302,297,False
37,2,378,622,0.378000000,0.122000000,622,301,298,False
37,3,367,633,0.367000000,0.133000000,633,300,299,False
37,4,373,627,0.373000000,0.127000000,627,299,300,False
37,5,390,610,0.390000000,0.110000000,610,298,301,False
37,6,355,645,0.355000000,0.145000000,645,297,302,False
37,7,356,644,0.356000000,0.144000000,644,296,303,False
38,0,379,621,0.379000000,0.121000000,621,311,304,False
38,1,375,625,0.375000000,0.125000000,625,310,305,False
38,2,387,613,0.387000000,0.113000000,613,309,306,False
38,3,396,604,0.396000000,0.104000000,604,308,307,False
38,4,371,629,0.371000000,0.129000000,629,307,308,False
38,5,388,612,0.388000000,0.112000000,612,306,309,False
38,6,369,631,0.369000000,0.131000000,631,305,310,False
38,7,386,614,0.386000000,0.114000000,614,304,311,False
39,0,375,625,0.375000000,0.125000000,625,319,312,False
39,1,358,642,0.358000000,0.142000000,642,318,313,False
39,2,382,618,0.382000000,0.118000000,618,317,314,False
39,3,356,644,0.356000000,0.144000000,644,316,315,False
39,4,351,649,0.351000000,0.149000000,649,315,316,False
39,5,367,633,0.367000000,0.133000000,633,314,317,False
39,6,374,626,0.374000000,0.126000000,626,313,318,False
39,7,393,607,0.393000000,0.107000000,607,312,319,False
40,0,409,591,0.409000000,0.091000000,591,327,320,False
40,1,384,616,0.384000000,0.116000000,616,326,321,False
40,2,366,634,0.366000000,0.134000000,634,325,322,False
40,3,392,608,0.392000000,0.108000000,608,324,323,False
40,4,373,627,0.373000000,0.127000000,627,323,324,False
40,5,389,611,0.389000000,0.111000000,611,322,325,False
40,6,386,614,0.386000000,0.114000000,614,321,326,False
40,7,371,629,0.371000000,0.129000000,629,320,327,False
41,0,394,606,0.394000000,0.106000000,606,335,328,False
41,1,409,591,0.409000000,0.091000000,591,334,329,False
41,2,373,627,0.373000000,0.127000000,627,333,330,False
41,3,362,638,0.362000000,0.138000000,638,332,331,False
41,4,351,649,0.351000000,0.149000000,649,331,332,False
41,5,374,626,0.374000000,0.126000000,626,330,333,False
41,6,400,600,0.400000000,0.100000000,600,329,334,False
41,7,357,643,0.357000000,0.143000000,643,328,335,False
42,0,365,635,0.365000000,0.135000000,635,343,336,False
42,1,396,604,0.396000000,0.104000000,604,342,337,False
42,2,399,601,0.399000000,0.101000000,601,341,338,False
42,3,391,609,0.391000000,0.109000000,609,340,339,False
42,4,371,629,0.371000000,0.129000000,629,339,340,False
42,5,372,628,0.372000000,0.128000000,628,338,341,False
42,6,407,593,0.407000000,0.093000000,593,337,342,False
42,7,354,646,0.354000000,0.146000000,646,336,343,False
43,0,382,618,0.382000000,0.118000000,618,351,344,False
43,1,375,625,0.375000000,0.125000000,625,350,345,False
43,2,401,599,0.401000000,0.099000000,599,349,346,False
43,3,375,625,0.375000000,0.125000000,625,348,347,False
43,4,382,618,0.382000000,0.118000000,618,347,348,False
43,5,344,656,0.344000000,0.156000000,656,346,349,False
43,6,375,625,0.375000000,0.125000000,625,345,350,False
43,7,362,638,0.362000000,0.138000000,638,344,351,False
44,0,374,626,0.374000000,0.126000000,626,359,352,False
44,1,391,609,0.391000000,0.109000000,609,358,353,False
44,2,366,634,0.366000000,0.134000000,634,357,354,False
44,3,371,629,0.371000000,0.129000000,629,356,355,False
44,4,375,625,0.375000000,0.125000000,625,355,356,False
44,5,358,642,0.358000000,0.142000000,642,354,357,False
44,6,376,624,0.376000000,0.124000000,624,353,358,False
44,7,359,641,0.359000000,0.141000000,641,352,359,False
45,0,365,635,0.365000000,0.135000000,635,367,360,False
45,1,403,597,0.403000000,0.097000000,597,366,361,False
45,2,347,653,0.347000000,0.153000000,653,365,362,False
45,3,360,640,0.360000000,0.140000000,640,364,363,False
45,4,372,628,0.372000000,0.128000000,628,363,364,False
45,5,364,636,0.364000000,0.136000000,636,362,365,False
45,6,389,611,0.389000000,0.111000000,611,361,366,False
45,7,401,599,0.401000000,0.099000000,599,360,367,False
46,0,397,603,0.397000000,0.103000000,603,375,368,False
46,1,365,635,0.365000000,0.135000000,635,374,369,False
46,2,392,608,0.392000000,0.108000000,608,373,370,False
46,3,385,615,0.385000000,0.115000000,615,372,371,False
46,4,382,618,0.382000000,0.118000000,618,371,372,False
46,5,385,615,0.385000000,0.115000000,615,370,373,False
46,6,366,634,0.366000000,0.134000000,634,369,374,False
46,7,397,603,0.397000000,0.103000000,603,368,375,False
47,0,388,612,0.388000000,0.112000000,612,383,376,False
47,1,363,637,0.363000000,0.137000000,637,382,377,False
47,2,389,611,0.389000000,0.111000000,611,381,378,False
47,3,373,627,0.373000000,0.127000000,627,380,379,False
47,4,374,626,0.374000000,0.126000000,626,379,380,False
47,5,374,626,0.374000000,0.126000000,626,378,381,False
47,6,349,651,0.349000000,0.151000000,651,377,382,False
47,7,379,621,0.379000000,0.121000000,621,376,383,False
48,0,382,618,0.382000000,0.118000000,618,391,384,False
48,1,380,620,0.380000000,0.120000000,620,390,385,False
48,2,386,614,0.386000000,0.114000000,614,389,386,False
48,3,378,622,0.378000000,0.122000000,622,388,387,False
48,4,366,634,0.366000000,0.134000000,634,387,388,False
48,5,359,641,0.359000000,0.141000000,641,386,389,False
48,6,352,648,0.352000000,0.148000000,648,385,390,False
48,7,356,644,0.356000000,0.144000000,644,384,391,False
49,0,412,588,0.412000000,0.088000000,588,399,392,False
49,1,400,600,0.400000000,0.100000000,600,398,393,False
49,2,372,628,0.372000000,0.128000000,628,397,394,False
49,3,364,636,0.364000000,0.136000000,636,396,395,False
49,4,354,646,0.354000000,0.146000000,646,395,396,False
49,5,370,630,0.370000000,0.130000000,630,394,397,False
49,6,362,638,0.362000000,0.138000000,638,393,398,False
49,7,351,649,0.351000000,0.149000000,649,392,399,False
50,0,364,636,0.364000000,0.136000000,636,407,400,False
50,1,369,631,0.369000000,0.131000000,631,406,401,False
50,2,356,644,0.356000000,0.144000000,644,405,402,False
50,3,369,631,0.369000000,0.131000000,631,404,403,False
50,4,382,618,0.382000000,0.118000000,618,403,404,False
50,5,381,619,0.381000000,0.119000000,619,402,405,False
50,6,385,615,0.385000000,0.115000000,615,401,406,False
50,7,375,625,0.375000000,0.125000000,625,400,407,False
51,0,377,623,0.377000000,0.123000000,623,415,408,False
51,1,386,614,0.386000000,0.114000000,614,414,409,False
51,2,372,628,0.372000000,0.128000000,628,413,410,False
51,3,380,620,0.380000000,0.120000000,620,412,411,False
51,4,363,637,0.363000000,0.137000000,637,411,412,False
51,5,373,627,0.373000000,0.127000000,627,410,413,False
51,6,369,631,0.369000000,0.131000000,631,409,414,False
51,7,393,607,0.393000000,0.107000000,607,408,415,False
52,0,380,620,0.380000000,0.120000000,620,423,416,False
52,1,366,634,0.366000000,0.134000000,634,422,417,False
52,2,382,618,0.382000000,0.118000000,618,421,418,False
52,3,386,614,0.386000000,0.114000000,614,420,419,False
52,4,382,618,0.382000000,0.118000000,618,419,420,False
52,5,378,622,0.378000000,0.122000000,622,418,421,False
52,6,376,624,0.376000000,0.124000000,624,417,422,False
52,7,362,638,0.362000000,0.138000000,638,416,423,False
53,0,365,635,0.365000000,0.135000000,635,431,424,False
53,1,368,632,0.368000000,0.132000000,632,430,425,False
53,2,366,634,0.366000000,0.134000000,634,429,426,False
53,3,355,645,0.355000000,0.145000000,645,428,427,False
53,4,376,624,0.376000000,0.124000000,624,427,428,False
53,5,387,613,0.387000000,0.113000000,613,426,429,False
53,6,373,627,0.373000000,0.127000000,627,425,430,False
53,7,384,616,0.384000000,0.116000000,616,424,431,False
54,0,376,624,0.376000000,0.124000000,624,439,432,False
54,1,354,646,0.354000000,0.146000000,646,438,433,False
54,2,401,599,0.401000000,0.099000000,599,437,434,False
54,3,383,617,0.383000000,0.117000000,617,436,435,False
54,4,359,641,0.359000000,0.141000000,641,435,436,False
54,5,376,624,0.376000000,0.124000000,624,434,437,False
54,6,377,623,0.377000000,0.123000000,623,433,438,False
54,7,412,588,0.412000000,0.088000000,588,432,439,False
55,0,380,620,0.380000000,0.120000000,620,447,440,False
55,1,381,619,0.381000000,0.119000000,619,446,441,False
55,2,353,647,0.353000000,0.147000000,647,445,442,False
55,3,395,605,0.395000000,0.105000000,605,444,443,False
55,4,386,614,0.386000000,0.114000000,614,443,444,False
55,5,387,613,0.387000000,0.113000000,613,442,445,False
55,6,388,612,0.388000000,0.112000000,612,441,446,False
55,7,376,624,0.376000000,0.124000000,624,440,447,False
56,0,379,621,0.379000000,0.121000000,621,455,448,False
56,1,381,619,0.381000000,0.119000000,619,454,449,False
56,2,380,620,0.380000000,0.120000000,620,453,450,False
56,3,408,592,0.408000000,0.092000000,592,452,451,False
56,4,381,619,0.381000000,0.119000000,619,451,452,False
56,5,403,597,0.403000000,0.097000000,597,450,453,False
56,6,353,647,0.353000000,0.147000000,647,449,454,False
56,7,349,651,0.349000000,0.151000000,651,448,455,False
57,0,370,630,0.370000000,0.130000000,630,463,456,False
57,1,365,635,0.365000000,0.135000000,635,462,457,False
57,2,354,646,0.354000000,0.146000000,646,461,458,False
57,3,366,634,0.366000000,0.134000000,634,460,459,False
57,4,367,633,0.367000000,0.133000000,633,459,460,False
57,5,343,657,0.343000000,0.157000000,657,458,461,False
57,6,396,604,0.396000000,0.104000000,604,457,462,False
57,7,371,629,0.371000000,0.129000000,629,456,463,False
58,0,381,619,0.381000000,0.119000000,619,471,464,False
58,1,379,621,0.379000000,0.121000000,621,470,465,False
58,2,377,623,0.377000000,0.123000000,623,469,466,False
58,3,354,646,0.354000000,0.146000000,646,468,467,False
58,4,389,611,0.389000000,0.111000000,611,467,468,False
58,5,380,620,0.380000000,0.120000000,620,466,469,False
58,6,372,628,0.372000000,0.128000000,628,465,470,False
58,7,365,635,0.365000000,0.135000000,635,464,471,False
59,0,394,606,0.394000000,0.106000000,606,479,472,False
59,1,360,640,0.360000000,0.140000000,640,478,473,False
59,2,350,650,0.350000000,0.150000000,650,477,474,False
59,3,363,637,0.363000000,0.137000000,637,476,475,False
59,4,392,608,0.392000000,0.108000000,608,475,476,False
59,5,387,613,0.387000000,0.113000000,613,474,477,False
59,6,391,609,0.391000000,0.109000000,609,473,478,False
59,7,369,631,0.369000000,0.131000000,631,472,479,False
60,0,356,644,0.356000000,0.144000000,644,487,480,False
60,1,356,644,0.356000000,0.144000000,644,486,481,False
60,2,363,637,0.363000000,0.137000000,637,485,482,False
60,3,378,622,0.378000000,0.122000000,622,484,483,False
60,4,371,629,0.371000000,0.129000000,629,483,484,False
60,5,391,609,0.391000000,0.109000000,609,482,485,False
60,6,412,588,0.412000000,0.088000000,588,481,486,False
60,7,365,635,0.365000000,0.135000000,635,480,487,False
61,0,371,629,0.371000000,0.129000000,629,495,488,False
61,1,362,638,0.362000000,0.138000000,638,494,489,False
61,2,385,615,0.385000000,0.115000000,615,493,490,False
61,3,360,640,0.360000000,0.140000000,640,492,491,False
61,4,389,611,0.389000000,0.111000000,611,491,492,False
61,5,397,603,0.397000000,0.103000000,603,490,493,False
61,6,362,638,0.362000000,0.138000000,638,489,494,False
61,7,401,599,0.401000000,0.099000000,599,488,495,False
62,0,396,604,0.396000000,0.104000000,604,503,496,False
62,1,368,632,0.368000000,0.132000000,632,502,497,False
62,2,376,624,0.376000000,0.124000000,624,501,498,False
62,3,369,631,0.369000000,0.131000000,631,500,499,False
62,4,362,638,0.362000000,0.138000000,638,499,500,False
62,5,415,585,0.415000000,0.085000000,585,498,501,False
62,6,389,611,0.389000000,0.111000000,611,497,502,False
62,7,364,636,0.364000000,0.136000000,636,496,503,False
63,0,368,632,0.368000000,0.132000000,632,511,504,False
63,1,415,585,0.415000000,0.085000000,585,510,505,False
63,2,406,594,0.406000000,0.094000000,594,509,506,False
63,3,377,623,0.377000000,0.123000000,623,508,507,False
63,4,369,631,0.369000000,0.131000000,631,507,508,False
63,5,383,617,0.383000000,0.117000000,617,506,509,False
63,6,372,628,0.372000000,0.128000000,628,505,510,False
63,7,369,631,0.369000000,0.131000000,631,504,511,False
64,0,387,613,0.387000000,0.113000000,613,519,512,False
64,1,362,638,0.362000000,0.138000000,638,518,513,False
64,2,357,643,0.357000000,0.143000000,643,517,514,False
64,3,361,639,0.361000000,0.139000000,639,516,515,False
64,4,362,638,0.362000000,0.138000000,638,515,516,False
64,5,352,648,0.352000000,0.148000000,648,514,517,False
64,6,382,618,0.382000000,0.118000000,618,513,518,False
64,7,396,604,0.396000000,0.104000000,604,512,519,False
65,0,363,637,0.363000000,0.137000000,637,527,520,False
65,1,403,597,0.403000000,0.097000000,597,526,521,False
65,2,380,620,0.380000000,0.120000000,620,525,522,False
65,3,394,606,0.394000000,0.106000000,606,524,523,False
65,4,397,603,0.397000000,0.103000000,603,523,524,False
65,5,390,610,0.390000000,0.110000000,610,522,525,False
65,6,365,635,0.365000000,0.135000000,635,521,526,False
65,7,368,632,0.368000000,0.132000000,632,520,527,False
66,0,364,636,0.364000000,0.136000000,636,535,528,False
66,1,387,613,0.387000000,0.113000000,613,534,529,False
66,2,380,620,0.380000000,0.120000000,620,533,530,False
66,3,358,642,0.358000000,0.142000000,642,532,531,False
66,4,348,652,0.348000000,0.152000000,652,531,532,False
66,5,372,628,0.372000000,0.128000000,628,530,533,False
66,6,383,617,0.383000000,0.117000000,617,529,534,False
66,7,391,609,0.391000000,0.109000000,609,528,535,False
67,0,380,620,0.380000000,0.120000000,620,543,536,False
67,1,384,616,0.384000000,0.116000000,616,542,537,False
67,2,363,637,0.363000000,0.137000000,637,541,538,False
67,3,382,618,0.382000000,0.118000000,618,540,539,False
67,4,383,617,0.383000000,0.117000000,617,539,540,False
67,5,370,630,0.370000000,0.130000000,630,538,541,False
67,6,375,625,0.375000000,0.125000000,625,537,542,False
67,7,368,632,0.368000000,0.132000000,632,536,543,False
68,0,392,608,0.392000000,0.108000000,608,551,544,False
68,1,380,620,0.380000000,0.120000000,620,550,545,False
68,2,355,645,0.355000000,0.145000000,645,549,546,False
68,3,363,637,0.363000000,0.137000000,637,548,547,False
68,4,382,618,0.382000000,0.118000000,618,547,548,False
68,5,365,635,0.365000000,0.135000000,635,546,549,False
68,6,387,613,0.387000000,0.113000000,613,545,550,False
68,7,371,629,0.371000000,0.129000000,629,544,551,False
69,0,375,625,0.375000000,0.125000000,625,559,552,False
69,1,379,621,0.379000000,0.121000000,621,558,553,False
69,2,382,618,0.382000000,0.118000000,618,557,554,False
69,3,375,625,0.375000000,0.125000000,625,556,555,False
69,4,357,643,0.357000000,0.143000000,643,555,556,False
69,5,360,640,0.360000000,0.140000000,640,554,557,False
69,6,373,627,0.373000000,0.127000000,627,553,558,False
69,7,371,629,0.371000000,0.129000000,629,552,559,False
70,0,378,622,0.378000000,0.122000000,622,567,560,False
70,1,357,643,0.357000000,0.143000000,643,566,561,False
70,2,360,640,0.360000000,0.140000000,640,565,562,False
70,3,381,619,0.381000000,0.119000000,619,564,563,False
70,4,371,629,0.371000000,0.129000000,629,563,564,False
70,5,367,633,0.367000000,0.133000000,633,562,565,False
70,6,413,587,0.413000000,0.087000000,587,561,566,False
70,7,378,622,0.378000000,0.122000000,622,560,567,False
71,0,372,628,0.372000000,0.128000000,628,575,568,False
71,1,397,603,0.397000000,0.103000000,603,574,569,False
71,2,353,647,0.353000000,0.147000000,647,573,570,False
71,3,378,622,0.378000000,0.122000000,622,572,571,False
71,4,392,608,0.392000000,0.108000000,608,571,572,False
71,5,378,622,0.378000000,0.122000000,622,570,573,False
71,6,357,643,0.357000000,0.143000000,643,569,574,False
71,7,383,617,0.383000000,0.117000000,617,568,575,False
72,0,359,641,0.359000000,0.141000000,641,583,576,False
72,1,409,591,0.409000000,0.091000000,591,582,577,False
72,2,392,608,0.392000000,0.108000000,608,581,578,False
72,3,390,610,0.390000000,0.110000000,610,580,579,False
72,4,368,632,0.368000000,0.132000000,632,579,580,False
72,5,361,639,0.361000000,0.139000000,639,578,581,False
72,6,360,640,0.360000000,0.140000000,640,577,582,False
72,7,376,624,0.376000000,0.124000000,624,576,583,False
73,0,395,605,0.395000000,0.105000000,605,591,584,False
73,1,395,605,0.395000000,0.105000000,605,590,585,False
73,2,392,608,0.392000000,0.108000000,608,589,586,False
73,3,372,628,0.372000000,0.128000000,628,588,587,False
73,4,365,635,0.365000000,0.135000000,635,587,588,False
73,5,387,613,0.387000000,0.113000000,613,586,589,False
73,6,380,620,0.380000000,0.120000000,620,585,590,False
73,7,398,602,0.398000000,0.102000000,602,584,591,False
74,0,362,638,0.362000000,0.138000000,638,599,592,False
74,1,374,626,0.374000000,0.126000000,626,598,593,False
74,2,361,639,0.361000000,0.139000000,639,597,594,False
74,3,361,639,0.361000000,0.139000000,639,596,595,False
74,4,394,606,0.394000000,0.106000000,606,595,596,False
74,5,378,622,0.378000000,0.122000000,622,594,597,False
74,6,393,607,0.393000000,0.107000000,607,593,598,False
74,7,386,614,0.386000000,0.114000000,614,592,599,False
75,0,369,631,0.369000000,0.131000000,631,607,600,False
75,1,382,618,0.382000000,0.118000000,618,606,601,False
75,2,387,613,0.387000000,0.113000000,613,605,602,False
75,3,396,604,0.396000000,0.104000000,604,604,603,False
75,4,376,624,0.376000000,0.124000000,624,603,604,False
75,5,375,625,0.375000000,0.125000000,625,602,605,False
75,6,381,619,0.381000000,0.119000000,619,601,606,False
75,7,408,592,0.408000000,0.092000000,592,600,607,False
76,0,385,615,0.385000000,0.115000000,615,615,608,False
76,1,386,614,0.386000000,0.114000000,614,614,609,False
76,2,383,617,0.383000000,0.117000000,617,613,610,False
76,3,372,628,0.372000000,0.128000000,628,612,611,False
76,4,357,643,0.357000000,0.143000000,643,611,612,False
76,5,356,644,0.356000000,0.144000000,644,610,613,False
76,6,374,626,0.374000000,0.126000000,626,609,614,False
76,7,378,622,0.378000000,0.122000000,622,608,615,False
77,0,379,621,0.379000000,0.121000000,621,623,616,False
77,1,401,599,0.401000000,0.099000000,599,622,617,False
77,2,364,636,0.364000000,0.136000000,636,621,618,False
77,3,388,612,0.388000000,0.112000000,612,620,619,False
77,4,398,602,0.398000000,0.102000000,602,619,620,False
77,5,389,611,0.389000000,0.111000000,611,618,621,False
77,6,357,643,0.357000000,0.143000000,643,617,622,False
77,7,380,620,0.380000000,0.120000000,620,616,623,False
78,0,350,650,0.350000000,0.150000000,650,631,624,False
78,1,378,622,0.378000000,0.122000000,622,630,625,False
78,2,367,633,0.367000000,0.133000000,633,629,626,False
78,3,411,589,0.411000000,0.089000000,589,628,627,False
78,4,358,642,0.358000000,0.142000000,642,627,628,False
78,5,378,622,0.378000000,0.122000000,622,626,629,False
78,6,369,631,0.369000000,0.131000000,631,625,630,False
78,7,382,618,0.382000000,0.118000000,618,624,631,False
79,0,378,622,0.378000000,0.122000000,622,639,632,False
79,1,380,620,0.380000000,0.120000000,620,638,633,False
79,2,408,592,0.408000000,0.092000000,592,637,634,False
79,3,411,589,0.411000000,0.089000000,589,636,635,False
79,4,391,609,0.391000000,0.109000000,609,635,636,False
79,5,399,601,0.399000000,0.101000000,601,634,637,False
79,6,366,634,0.366000000,0.134000000,634,633,638,False
79,7,374,626,0.374000000,0.126000000,626,632,639,False
80,0,399,601,0.399000000,0.101000000,601,647,640,False
80,1,358,642,0.358000000,0.142000000,642,646,641,False
80,2,387,613,0.387000000,0.113000000,613,645,642,False
80,3,384,616,0.384000000,0.116000000,616,644,643,False
80,4,352,648,0.352000000,0.148000000,648,643,644,False
80,5,374,626,0.374000000,0.126000000,626,642,645,False
80,6,365,635,0.365000000,0.135000000,635,641,646,False
80,7,363,637,0.363000000,0.137000000,637,640,647,False
81,0,387,613,0.387000000,0.113000000,613,655,648,False
81,1,377,623,0.377000000,0.123000000,623,654,649,False
81,2,384,616,0.384000000,0.116000000,616,653,650,False
81,3,367,633,0.367000000,0.133000000,633,652,651,False
81,4,376,624,0.376000000,0.124000000,624,651,652,False
81,5,395,605,0.395000000,0.105000000,605,650,653,False
81,6,362,638,0.362000000,0.138000000,638,649,654,False
81,7,382,618,0.382000000,0.118000000,618,648,655,False
82,0,359,641,0.359000000,0.141000000,641,663,656,False
82,1,369,631,0.369000000,0.131000000,631,662,657,False
82,2,383,617,0.383000000,0.117000000,617,661,658,False
82,3,392,608,0.392000000,0.108000000,608,660,659,False
82,4,376,624,0.376000000,0.124000000,624,659,660,False
82,5,390,610,0.390000000,0.110000000,610,658,661,False
82,6,386,614,0.386000000,0.114000000,614,657,662,False
82,7,398,602,0.398000000,0.102000000,602,656,663,False
83,0,359,641,0.359000000,0.141000000,641,671,664,False
83,1,367,633,0.367000000,0.133000000,633,670,665,False
83,2,395,605,0.395000000,0.105000000,605,669,666,False
83,3,367,633,0.367000000,0.133000000,633,668,667,False
83,4,386,614,0.386000000,0.114000000,614,667,668,False
83,5,374,626,0.374000000,0.126000000,626,666,669,False
83,6,384,616,0.384000000,0.116000000,616,665,670,False
83,7,387,613,0.387000000,0.113000000,613,664,671,False
84,0,394,606,0.394000000,0.106000000,606,679,672,False
84,1,373,627,0.373000000,0.127000000,627,678,673,False
84,2,403,597,0.403000000,0.097000000,597,677,674,False
84,3,348,652,0.348000000,0.152000000,652,676,675,False
84,4,353,647,0.353000000,0.147000000,647,675,676,False
84,5,385,615,0.385000000,0.115000000,615,674,677,False
84,6,363,637,0.363000000,0.137000000,637,673,678,False
84,7,353,647,0.353000000,0.147000000,647,672,679,False
85,0,371,629,0.371000000,0.129000000,629,687,680,False
85,1,362,638,0.362000000,0.138000000,638,686,681,False
85,2,366,634,0.366000000,0.134000000,634,685,682,False
85,3,357,643,0.357000000,0.143000000,643,684,683,False
85,4,370,630,0.370000000,0.130000000,630,683,684,False
85,5,363,637,0.363000000,0.137000000,637,682,685,False
85,6,383,617,0.383000000,0.117000000,617,681,686,False
85,7,388,612,0.388000000,0.112000000,612,680,687,False
86,0,381,619,0.381000000,0.119000000,619,695,688,False
86,1,378,622,0.378000000,0.122000000,622,694,689,False
86,2,364,636,0.364000000,0.136000000,636,693,690,False
86,3,389,611,0.389000000,0.111000000,611,692,691,False
86,4,375,625,0.375000000,0.125000000,625,691,692,False
86,5,381,619,0.381000000,0.119000000,619,690,693,False
86,6,369,631,0.369000000,0.131000000,631,689,694,False
86,7,353,647,0.353000000,0.147000000,647,688,695,False
87,0,403,597,0.403000000,0.097000000,597,703,696,False
87,1,368,632,0.368000000,0.132000000,632,702,697,False
87,2,341,659,0.341000000,0.159000000,659,701,698,False
87,3,402,598,0.402000000,0.098000000,598,700,699,False
87,4,368,632,0.368000000,0.132000000,632,699,700,False
87,5,389,611,0.389000000,0.111000000,611,698,701,False
87,6,370,630,0.370000000,0.130000000,630,697,702,False
87,7,372,628,0.372000000,0.128000000,628,696,703,False
88,0,367,633,0.367000000,0.133000000,633,711,704,False
88,1,399,601,0.399000000,0.101000000,601,710,705,False
88,2,367,633,0.367000000,0.133000000,633,709,706,False
88,3,383,617,0.383000000,0.117000000,617,708,707,False
88,4,384,616,0.384000000,0.116000000,616,707,708,False
88,5,391,609,0.391000000,0.109000000,609,706,709,False
88,6,388,612,0.388000000,0.112000000,612,705,710,False
88,7,359,641,0.359000000,0.141000000,641,704,711,False
89,0,346,654,0.346000000,0.154000000,654,719,712,False
89,1,373,627,0.373000000,0.127000000,627,718,713,False
89,2,350,650,0.350000000,0.150000000,650,717,714,False
89,3,369,631,0.369000000,0.131000000,631,716,715,False
89,4,368,632,0.368000000,0.132000000,632,715,716,False
89,5,390,610,0.390000000,0.110000000,610,714,717,False
89,6,382,618,0.382000000,0.118000000,618,713,718,False
89,7,388,612,0.388000000,0.112000000,612,712,719,False
90,0,378,622,0.378000000,0.122000000,622,727,720,False
90,1,360,640,0.360000000,0.140000000,640,726,721,False
90,2,362,638,0.362000000,0.138000000,638,725,722,False
90,3,390,610,0.390000000,0.110000000,610,724,723,False
90,4,365,635,0.365000000,0.135000000,635,723,724,False
90,5,374,626,0.374000000,0.126000000,626,722,725,False
90,6,402,598,0.402000000,0.098000000,598,721,726,False
90,7,370,630,0.370000000,0.130000000,630,720,727,False
91,0,366,634,0.366000000,0.134000000,634,735,728,False
91,1,368,632,0.368000000,0.132000000,632,734,729,False
91,2,379,621,0.379000000,0.121000000,621,733,730,False
91,3,376,624,0.376000000,0.124000000,624,732,731,False
91,4,381,619,0.381000000,0.119000000,619,731,732,False
91,5,424,576,0.424000000,0.076000000,576,730,733,False
91,6,384,616,0.384000000,0.116000000,616,729,734,False
91,7,370,630,0.370000000,0.130000000,630,728,735,False
92,0,373,627,0.373000000,0.127000000,627,743,736,False
92,1,379,621,0.379000000,0.121000000,621,742,737,False
92,2,370,630,0.370000000,0.130000000,630,741,738,False
92,3,394,606,0.394000000,0.106000000,606,740,739,False
92,4,369,631,0.369000000,0.131000000,631,739,740,False
92,5,372,628,0.372000000,0.128000000,628,738,741,False
92,6,371,629,0.371000000,0.129000000,629,737,742,False
92,7,365,635,0.365000000,0.135000000,635,736,743,False
93,0,380,620,0.380000000,0.120000000,620,751,744,False
93,1,358,642,0.358000000,0.142000000,642,750,745,False
93,2,376,624,0.376000000,0.124000000,624,749,746,False
93,3,362,638,0.362000000,0.138000000,638,748,747,False
93,4,376,624,0.376000000,0.124000000,624,747,748,False
93,5,401,599,0.401000000,0.099000000,599,746,749,False
93,6,368,632,0.368000000,0.132000000,632,745,750,False
93,7,361,639,0.361000000,0.139000000,639,744,751,False
94,0,349,651,0.349000000,0.151000000,651,759,752,False
94,1,357,643,0.357000000,0.143000000,643,758,753,False
94,2,368,632,0.368000000,0.132000000,632,757,754,False
94,3,398,602,0.398000000,0.102000000,602,756,755,False
94,4,368,632,0.368000000,0.132000000,632,755,756,False
94,5,394,606,0.394000000,0.106000000,606,754,757,False
94,6,355,645,0.355000000,0.145000000,645,753,758,False
94,7,391,609,0.391000000,0.109000000,609,752,759,False
95,0,383,617,0.383000000,0.117000000,617,767,760,False
95,1,369,631,0.369000000,0.131000000,631,766,761,False
95,2,364,636,0.364000000,0.136000000,636,765,762,False
95,3,361,639,0.361000000,0.139000000,639,764,763,False
95,4,378,622,0.378000000,0.122000000,622,763,764,False
95,5,396,604,0.396000000,0.104000000,604,762,765,False
95,6,361,639,0.361000000,0.139000000,639,761,766,False
95,7,372,628,0.372000000,0.128000000,628,760,767,False
96,0,375,625,0.375000000,0.125000000,625,775,768,False
96,1,389,611,0.389000000,0.111000000,611,774,769,False
96,2,359,641,0.359000000,0.141000000,641,773,770,False
96,3,359,641,0.359000000,0.141000000,641,772,771,False
96,4,411,589,0.411000000,0.089000000,589,771,772,False
96,5,368,632,0.368000000,0.132000000,632,770,773,False
96,6,373,627,0.373000000,0.127000000,627,769,774,False
96,7,377,623,0.377000000,0.123000000,623,768,775,False
97,0,391,609,0.391000000,0.109000000,609,783,776,False
97,1,406,594,0.406000000,0.094000000,594,782,777,False
97,2,363,637,0.363000000,0.137000000,637,781,778,False
97,3,354,646,0.354000000,0.146000000,646,780,779,False
97,4,357,643,0.357000000,0.143000000,643,779,780,False
97,5,365,635,0.365000000,0.135000000,635,778,781,False
97,6,362,638,0.362000000,0.138000000,638,777,782,False
97,7,375,625,0.375000000,0.125000000,625,776,783,False
98,0,373,627,0.373000000,0.127000000,627,791,784,False
98,1,374,626,0.374000000,0.126000000,626,790,785,False
98,2,390,610,0.390000000,0.110000000,610,789,786,False
98,3,387,613,0.387000000,0.113000000,613,788,787,False
98,4,357,643,0.357000000,0.143000000,643,787,788,False
98,5,371,629,0.371000000,0.129000000,629,786,789,False
98,6,423,577,0.423000000,0.077000000,577,785,790,False
98,7,370,630,0.370000000,0.130000000,630,784,791,False
99,0,383,617,0.383000000,0.117000000,617,799,792,False
99,1,398,602,0.398000000,0.102000000,602,798,793,False
99,2,364,636,0.364000000,0.136000000,636,797,794,False
99,3,356,644,0.356000000,0.144000000,644,796,795,False
99,4,367,633,0.367000000,0.133000000,633,795,796,False
99,5,362,638,0.362000000,0.138000000,638,794,797,False
99,6,376,624,0.376000000,0.124000000,624,793,798,False
99,7,366,634,0.366000000,0.134000000,634,792,799,False
100,0,393,607,0.393000000,0.107000000,607,807,800,False
100,1,352,648,0.352000000,0.148000000,648,806,801,False
100,2,386,614,0.386000000,0.114000000,614,805,802,False
100,3,397,603,0.397000000,0.103000000,603,804,803,False
100,4,368,632,0.368000000,0.132000000,632,803,804,False
100,5,358,642,0.358000000,0.142000000,642,802,805,False
100,6,408,592,0.408000000,0.092000000,592,801,806,False
100,7,381,619,0.381000000,0.119000000,619,800,807,False
101,0,387,613,0.387000000,0.113000000,613,815,808,False
101,1,382,618,0.382000000,0.118000000,618,814,809,False
101,2,369,631,0.369000000,0.131000000,631,813,810,False
101,3,404,596,0.404000000,0.096000000,596,812,811,False
101,4,387,613,0.387000000,0.113000000,613,811,812,False
101,5,388,612,0.388000000,0.112000000,612,810,813,False
101,6,382,618,0.382000000,0.118000000,618,809,814,False
101,7,383,617,0.383000000,0.117000000,617,808,815,False
102,0,382,618,0.382000000,0.118000000,618,823,816,False
102,1,391,609,0.391000000,0.109000000,609,822,817,False
102,2,386,614,0.386000000,0.114000000,614,821,818,False
102,3,383,617,0.383000000,0.117000000,617,820,819,False
102,4,389,611,0.389000000,0.111000000,611,819,820,False
102,5,380,620,0.380000000,0.120000000,620,818,821,False
102,6,364,636,0.364000000,0.136000000,636,817,822,False
102,7,372,628,0.372000000,0.128000000,628,816,823,False
103,0,346,654,0.346000000,0.154000000,654,831,824,False
103,1,377,623,0.377000000,0.123000000,623,830,825,False
103,2,384,616,0.384000000,0.116000000,616,829,826,False
103,3,394,606,0.394000000,0.106000000,606,828,827,False
103,4,368,632,0.368000000,0.132000000,632,827,828,False
103,5,403,597,0.403000000,0.097000000,597,826,829,False
103,6,367,633,0.367000000,0.133000000,633,825,830,False
103,7,402,598,0.402000000,0.098000000,598,824,831,False
104,0,359,641,0.359000000,0.141000000,641,839,832,False
104,1,366,634,0.366000000,0.134000000,634,838,833,False
104,2,378,622,0.378000000,0.122000000,622,837,834,False
104,3,368,632,0.368000000,0.132000000,632,836,835,False
104,4,394,606,0.394000000,0.106000000,606,835,836,False
104,5,392,608,0.392000000,0.108000000,608,834,837,False
104,6,391,609,0.391000000,0.109000000,609,833,838,False
104,7,398,602,0.398000000,0.102000000,602,832,839,False
105,0,396,604,0.396000000,0.104000000,604,847,840,False
105,1,385,615,0.385000000,0.115000000,615,846,841,False
105,2,405,595,0.405000000,0.095000000,595,845,842,False
105,3,374,626,0.374000000,0.126000000,626,844,843,False
105,4,386,614,0.386000000,0.114000000,614,843,844,False
105,5,365,635,0.365000000,0.135000000,635,842,845,False
105,6,364,636,0.364000000,0.136000000,636,841,846,False
105,7,363,637,0.363000000,0.137000000,637,840,847,False
106,0,368,632,0.368000000,0.132000000,632,855,848,False
106,1,384,616,0.384000000,0.116000000,616,854,849,False
106,2,372,628,0.372000000,0.128000000,628,853,850,False
106,3,380,620,0.380000000,0.120000000,620,852,851,False
106,4,376,624,0.376000000,0.124000000,624,851,852,False
106,5,356,644,0.356000000,0.144000000,644,850,853,False
106,6,398,602,0.398000000,0.102000000,602,849,854,False
106,7,373,627,0.373000000,0.127000000,627,848,855,False
107,0,357,643,0.357000000,0.143000000,643,863,856,False
107,1,365,635,0.365000000,0.135000000,635,862,857,False
107,2,365,635,0.365000000,0.135000000,635,861,858,False
107,3,351,649,0.351000000,0.149000000,649,860,859,False
107,4,390,610,0.390000000,0.110000000,610,859,860,False
107,5,369,631,0.369000000,0.131000000,631,858,861,False
107,6,378,622,0.378000000,0.122000000,622,857,862,False
107,7,380,620,0.380000000,0.120000000,620,856,863,False
108,0,336,664,0.336000000,0.164000000,664,871,864,False
108,1,361,639,0.361000000,0.139000000,639,870,865,False
108,2,358,642,0.358000000,0.142000000,642,869,866,False
108,3,376,624,0.376000000,0.124000000,624,868,867,False
108,4,382,618,0.382000000,0.118000000,618,867,868,False
108,5,402,598,0.402000000,0.098000000,598,866,869,False
108,6,370,630,0.370000000,0.130000000,630,865,870,False
108,7,380,620,0.380000000,0.120000000,620,864,871,False
109,0,367,633,0.367000000,0.133000000,633,879,872,False
109,1,377,623,0.377000000,0.123000000,623,878,873,False
109,2,397,603,0.397000000,0.103000000,603,877,874,False
109,3,375,625,0.375000000,0.125000000,625,876,875,False
109,4,371,629,0.371000000,0.129000000,629,875,876,False
109,5,375,625,0.375000000,0.125000000,625,874,877,False
109,6,381,619,0.381000000,0.119000000,619,873,878,False
109,7,358,642,0.358000000,0.142000000,642,872,879,False
110,0,377,623,0.377000000,0.123000000,623,887,880,False
110,1,378,622,0.378000000,0.122000000,622,886,881,False
110,2,363,637,0.363000000,0.137000000,637,885,882,False
110,3,389,611,0.389000000,0.111000000,611,884,883,False
110,4,366,634,0.366000000,0.134000000,634,883,884,False
110,5,387,613,0.387000000,0.113000000,613,882,885,False
110,6,371,629,0.371000000,0.129000000,629,881,886,False
110,7,367,633,0.367000000,0.133000000,633,880,887,False
111,0,380,620,0.380000000,0.120000000,620,895,888,False
111,1,356,644,0.356000000,0.144000000,644,894,889,False
111,2,391,609,0.391000000,0.109000000,609,893,890,False
111,3,364,636,0.364000000,0.136000000,636,892,891,False
111,4,402,598,0.402000000,0.098000000,598,891,892,False
111,5,345,655,0.345000000,0.155000000,655,890,893,False
111,6,359,641,0.359000000,0.141000000,641,889,894,False
111,7,374,626,0.374000000,0.126000000,626,888,895,False
112,0,353,647,0.353000000,0.147000000,647,903,896,False
112,1,354,646,0.354000000,0.146000000,646,902,897,False
112,2,400,600,0.400000000,0.100000000,600,901,898,False
112,3,385,615,0.385000000,0.115000000,615,900,899,False
112,4,358,642,0.358000000,0.142000000,642,899,900,False
112,5,379,621,0.379000000,0.121000000,621,898,901,False
112,6,390,610,0.390000000,0.110000000,610,897,902,False
112,7,353,647,0.353000000,0.147000000,647,896,903,False
113,0,364,636,0.364000000,0.136000000,636,911,904,False
113,1,365,635,0.365000000,0.135000000,635,910,905,False
113,2,372,628,0.372000000,0.128000000,628,909,906,False
113,3,369,631,0.369000000,0.131000000,631,908,907,False
113,4,380,620,0.380000000,0.120000000,620,907,908,False
113,5,367,633,0.367000000,0.133000000,633,906,909,False
113,6,394,606,0.394000000,0.106000000,606,905,910,False
113,7,376,624,0.376000000,0.124000000,624,904,911,False
114,0,367,633,0.367000000,0.133000000,633,919,912,False
114,1,386,614,0.386000000,0.114000000,614,918,913,False
114,2,364,636,0.364000000,0.136000000,636,917,914,False
114,3,368,632,0.368000000,0.132000000,632,916,915,False
114,4,381,619,0.381000000,0.119000000,619,915,916,False
114,5,361,639,0.361000000,0.139000000,639,914,917,False
114,6,383,617,0.383000000,0.117000000,617,913,918,False
114,7,371,629,0.371000000,0.129000000,629,912,919,False
115,0,351,649,0.351000000,0.149000000,649,927,920,False
115,1,379,621,0.379000000,0.121000000,621,926,921,False
115,2,381,619,0.381000000,0.119000000,619,925,922,False
115,3,383,617,0.383000000,0.117000000,617,924,923,False
115,4,373,627,0.373000000,0.127000000,627,923,924,False
115,5,389,611,0.389000000,0.111000000,611,922,925,False
115,6,393,607,0.393000000,0.107000000,607,921,926,False
115,7,369,631,0.369000000,0.131000000,631,920,927,False
116,0,383,617,0.383000000,0.117000000,617,935,928,False
116,1,380,620,0.380000000,0.120000000,620,934,929,False
116,2,383,617,0.383000000,0.117000000,617,933,930,False
116,3,401,599,0.401000000,0.099000000,599,932,931,False
116,4,370,630,0.370000000,0.130000000,630,931,932,False
116,5,368,632,0.368000000,0.132000000,632,930,933,False
116,6,370,630,0.370000000,0.130000000,630,929,934,False
116,7,401,599,0.401000000,0.099000000,599,928,935,False
117,0,361,639,0.361000000,0.139000000,639,943,936,False
117,1,356,644,0.356000000,0.144000000,644,942,937,False
117,2,356,644,0.356000000,0.144000000,644,941,938,False
117,3,375,625,0.375000000,0.125000000,625,940,939,False
117,4,367,633,0.367000000,0.133000000,633,939,940,False
117,5,405,595,0.405000000,0.095000000,595,938,941,False
117,6,359,641,0.359000000,0.141000000,641,937,942,False
117,7,343,657,0.343000000,0.157000000,657,936,943,False
118,0,381,619,0.381000000,0.119000000,619,951,944,False
118,1,368,632,0.368000000,0.132000000,632,950,945,False
118,2,397,603,0.397000000,0.103000000,603,949,946,False
118,3,386,614,0.386000000,0.114000000,614,948,947,False
118,4,371,629,0.371000000,0.129000000,629,947,948,False
118,5,379,621,0.379000000,0.121000000,621,946,949,False
118,6,336,664,0.336000000,0.164000000,664,945,950,False
118,7,371,629,0.371000000,0.129000000,629,944,951,False
119,0,385,615,0.385000000,0.115000000,615,959,952,False
119,1,361,639,0.361000000,0.139000000,639,958,953,False
119,2,390,610,0.390000000,0.110000000,610,957,954,False
119,3,380,620,0.380000000,0.120000000,620,956,955,False
119,4,376,624,0.376000000,0.124000000,624,955,956,False
119,5,370,630,0.370000000,0.130000000,630,954,957,False
119,6,395,605,0.395000000,0.105000000,605,953,958,False
119,7,389,611,0.389000000,0.111000000,611,952,959,False
120,0,375,625,0.375000000,0.125000000,625,967,960,False
120,1,372,628,0.372000000,0.128000000,628,966,961,False
120,2,372,628,0.372000000,0.128000000,628,965,962,False
120,3,361,639,0.361000000,0.139000000,639,964,963,False
120,4,373,627,0.373000000,0.127000000,627,963,964,False
120,5,382,618,0.382000000,0.118000000,618,962,965,False
120,6,367,633,0.367000000,0.133000000,633,961,966,False
120,7,380,620,0.380000000,0.120000000,620,960,967,False
121,0,387,613,0.387000000,0.113000000,613,975,968,False
121,1,360,640,0.360000000,0.140000000,640,974,969,False
121,2,355,645,0.355000000,0.145000000,645,973,970,False
121,3,378,622,0.378000000,0.122000000,622,972,971,False
121,4,374,626,0.374000000,0.126000000,626,971,972,False
121,5,390,610,0.390000000,0.110000000,610,970,973,False
121,6,374,626,0.374000000,0.126000000,626,969,974,False
121,7,377,623,0.377000000,0.123000000,623,968,975,False
122,0,360,640,0.360000000,0.140000000,640,983,976,False
122,1,404,596,0.404000000,0.096000000,596,982,977,False
122,2,393,607,0.393000000,0.107000000,607,981,978,False
122,3,385,615,0.385000000,0.115000000,615,980,979,False
122,4,385,615,0.385000000,0.115000000,615,979,980,False
122,5,362,638,0.362000000,0.138000000,638,978,981,False
122,6,377,623,0.377000000,0.123000000,623,977,982,False
122,7,377,623,0.377000000,0.123000000,623,976,983,False
123,0,371,629,0.371000000,0.129000000,629,991,984,False
123,1,365,635,0.365000000,0.135000000,635,990,985,False
123,2,386,614,0.386000000,0.114000000,614,989,986,False
123,3,358,642,0.358000000,0.142000000,642,988,987,False
123,4,384,616,0.384000000,0.116000000,616,987,988,False
123,5,376,624,0.376000000,0.124000000,624,986,989,False
123,6,366,634,0.366000000,0.134000000,634,985,990,False
123,7,374,626,0.374000000,0.126000000,626,984,991,False
124,0,368,632,0.368000000,0.132000000,632,999,992,False
124,1,374,626,0.374000000,0.126000000,626,998,993,False
124,2,344,656,0.344000000,0.156000000,656,997,994,False
124,3,364,636,0.364000000,0.136000000,636,996,995,False
124,4,371,629,0.371000000,0.129000000,629,995,996,False
124,5,370,630,0.370000000,0.130000000,630,994,997,False
124,6,368,632,0.368000000,0.132000000,632,993,998,False
124,7,375,625,0.375000000,0.125000000,625,992,999,False
